
v 0.337464 0.0545325 5.66947
v 0.343796 0.0555746 5.67673
v 0.359046 0.0581846 5.69304
v 0.370663 0.0602877 5.70452
v 0.390882 0.0641331 5.72338
v 0.406726 0.0674922 5.73555
v 0.629061 -1.25667 6.00466
v 0.62462 -1.25441 6.01175
v 0.614614 -1.24871 6.02893
v 0.60785 -1.24492 6.04552
v 0.599498 -1.24035 6.06537
v 0.596805 -1.23841 6.07219
v 0.586833 -1.22796 6.09835
v 0.583422 -1.22387 6.1087
v 0.579264 -1.20889 6.13936
v 0.575726 -1.19473 6.1696
v 0.577726 -1.17326 6.20899
v 0.249965 0.0717785 5.43966
v 0.267876 0.072204 5.42557
v 0.279455 0.0739865 5.40969
v 0.287594 0.0754676 5.39796
v 0.295295 0.0773478 5.38632
v 0.302879 0.0796498 5.37453
v 0.313587 0.0834908 5.35752
v 0.321678 0.0870639 5.34423
v 0.32618 0.0895685 5.33647
v 0.335958 0.0955265 5.3191
v 0.340638 0.098828 5.31031
v 0.343326 0.101035 5.30464
v 0.350597 0.106858 5.29072
v 0.366513 0.115571 5.27379
v 0.379805 0.124028 5.25705
v 0.398094 0.136368 5.23265
v 0.410827 0.142769 5.2233
v 0.422377 0.148803 5.21347
v 0.430867 0.153131 5.20547
v 0.437094 0.156059 5.1989
v 0.249965 0.0717785 5.43966
v 0.239244 0.0819114 5.42061
v 0.236938 0.0840438 5.41509
v 0.23497 0.0857631 5.41012
v 0.230525 0.0891793 5.39923
v 0.225432 0.093163 5.38598
v 0.223253 0.0948363 5.38025
v 0.218606 0.0985624 5.36749
v 0.213501 0.102911 5.35291
v 0.206176 0.110465 5.32939
v 0.201558 0.116516 5.31248
v 0.198139 0.122595 5.29779
v 0.196291 0.126684 5.28881
v 0.193492 0.134286 5.27364
v 0.190274 0.146017 5.25297
v 0.187344 0.163568 5.2273
v 0.186848 0.171577 5.21825
v 0.186822 0.17828 5.2121
v 0.186829 0.188208 5.2035
v 0.187026 0.206626 5.18976
v 0.187074 0.223148 5.17788
v 0.187026 0.226723 5.17527
v 0.186251 0.247889 5.15872
v 0.184834 0.263808 5.14372
v 0.181329 0.281041 5.12145
v 0.179749 0.286327 5.11297
v 0.249965 0.0717785 5.43966
v 0.247101 0.0622989 5.46193
v 0.244948 0.0543087 5.47613
v 0.240433 0.0438639 5.49378
v 0.236342 0.0329121 5.50801
v 0.231868 0.0212384 5.52215
v 0.226186 0.00612413 5.54029
v 0.219908 -0.00831446 5.55618
v 0.215057 -0.0184142 5.56729
v 0.209998 -0.0277099 5.57736
v 0.195081 -0.0392635 5.59445
v 0.0370059 0.455066 5.1896
v 0.03792 0.436698 5.21388
v 0.0384985 0.427731 5.2266
v 0.0391159 0.419294 5.23942
v 0.0393396 0.416277 5.24412
v 0.0398033 0.409784 5.25478
v 0.0400885 0.404874 5.26328
v 0.0405103 0.38889 5.29353
v 0.0401054 0.379921 5.31183
v 0.0389036 0.373073 5.32868
v 0.0307649 0.358103 5.35985
v 0.411593 1.01728 5.66726
v 0.409415 1.0143 5.66882
v 0.400661 1.00056 5.68117
v 0.396096 0.993111 5.68845
v 0.390468 0.983575 5.69846
v 0.387223 0.977823 5.70439
v 0.381547 0.967491 5.71494
v 0.376121 0.954831 5.72715
v 0.373262 0.928786 5.74902
v 0.375409 0.90053 5.77064
v 0.376364 0.890282 5.77824
v 0.377072 0.8817 5.78453
v 0.377767 0.8701 5.79272
v 0.377772 0.859632 5.79931
v 0.377716 0.844894 5.80842
v 0.377483 0.833514 5.81521
v 0.376918 0.818728 5.82384
v 0.376705 0.813968 5.82657
v 0.375901 0.797026 5.83611
v 0.374816 0.775925 5.84766
v 0.373715 0.756133 5.85818
v 0.372841 0.741197 5.86596
v 0.372014 0.730564 5.87143
v 0.371291 0.721664 5.87602
v 0.369479 0.705235 5.8848
v 0.368062 0.691009 5.89228
v 0.366165 0.670692 5.90245
v 0.365576 0.661876 5.90676
v 0.364972 0.641558 5.91634
v 0.365391 0.62807 5.92311
v 0.366005 0.617015 5.92903
v 0.368333 0.59697 5.94053
v 0.370146 0.583443 5.94887
v 0.372578 0.566186 5.9619
v 0.374267 0.553996 5.97139
v 0.37579 0.541787 5.98105
v 0.376879 0.533099 5.98784
v 0.378154 0.519737 5.99845
v 0.378767 0.508873 6.00716
v 0.379571 0.492121 6.02052
v 0.379663 0.473723 6.03581
v 0.379057 0.459885 6.04789
v 0.378277 0.447093 6.05922
v 0.377498 0.436628 6.06854
v 0.376727 0.426954 6.07701
v 0.375933 0.417917 6.08495
v 0.37393 0.39967 6.10053
v 0.372294 0.388974 6.10988
v 0.371495 0.384712 6.11365
v 0.368582 0.373757 6.12386
v 0.352756 0.363282 6.14352
v 0.629351 -0.10774 5.98097
v 0.63252 -0.0742275 5.99424
v 0.632018 -0.0503311 5.99824
v 0.631863 -0.0339904 6.00005
v 0.632018 -0.0153614 6.00095
v 0.63179 -0.000498941 6.00107
v 0.631429 0.00901238 6.0008
v 0.630382 0.0223123 5.99999
v 0.626395 0.0439257 5.99671
v 0.620607 0.0655111 5.99167
v 0.616876 0.0761176 5.98806
v 0.608582 0.09564 5.97884
v 0.59667 0.118369 5.96282
v 0.591522 0.12692 5.95481
v 0.586391 0.134888 5.94573
v 0.580222 0.143942 5.93369
v 0.577102 0.148294 5.92622
v 0.57201 0.15535 5.91341
v 0.56944 0.158861 5.90636
v 0.566283 0.163275 5.89685
v 0.563525 0.167351 5.88795
v 0.558301 0.177171 5.86707
v 0.555416 0.187283 5.84577
v 0.55486 0.195115 5.83094
v 0.555137 0.201646 5.81979
v 0.556437 0.213435 5.80224
v 0.557326 0.220676 5.79217
v 0.557732 0.224225 5.78755
v 0.558809 0.234829 5.77376
v 0.559375 0.243434 5.7622
v 0.559564 0.251752 5.75008
v 0.559596 0.259621 5.73729
v 0.560272 0.269897 5.71093
v 0.562981 0.277333 5.67287
v 0.629351 -0.10774 5.98097
v 0.622915 -0.137213 5.98435
v 0.619584 -0.148647 5.98671
v 0.617643 -0.157244 5.98914
v 0.613529 -0.170327 5.99154
v 0.598309 -0.195073 5.99025
v 0.629351 -0.10774 5.98097
v 0.643564 -0.102757 5.97695
v 0.671028 -0.0793586 5.97086
v 0.681037 -0.0669131 5.96664
v 0.693019 -0.0514392 5.95877
v 0.700442 -0.0398073 5.95314
v 0.709545 -0.025237 5.94694
v 0.717505 -0.0119006 5.94039
v 0.727444 0.00279409 5.93251
v 0.74046 0.0310162 5.91267
v 0.629351 -0.10774 5.98097
v 0.617585 -0.0963761 5.95915
v 0.608086 -0.0797945 5.94514
v 0.602187 -0.0657994 5.93425
v 0.598505 -0.0566364 5.92602
v 0.593289 -0.0429505 5.91577
v 0.587995 -0.0271359 5.90364
v 0.581796 -0.0101538 5.88906
v 0.577059 0.00249539 5.87855
v 0.572015 0.0151122 5.86708
v 0.568578 0.0237121 5.85956
v 0.561757 0.0399527 5.84613
v 0.555926 0.0556385 5.83274
v 0.548064 0.0770327 5.81895
v 0.544846 0.0859629 5.81316
v 0.538833 0.112374 5.79231
v 0.142517 -0.605787 5.25167
v 0.148215 -0.613325 5.25762
v 0.151807 -0.618125 5.26142
v 0.154982 -0.62245 5.26493
v 0.158689 -0.628456 5.26906
v 0.159275 -0.632178 5.26976
v 0.158382 -0.650569 5.26785
v 1.08103 1.12091 6.58467
v 1.0798 1.11861 6.58371
v 1.07174 1.10487 6.57814
v 1.06207 1.08701 6.57148
v 1.04915 1.06887 6.56315
v 1.04339 1.06088 6.55999
v 1.03322 1.04624 6.55451
v 1.02277 1.03173 6.55021
v 1.01233 1.01755 6.54503
v 1.00653 1.00173 6.54636
v 1.1333 0.724509 6.64341
v 1.11628 0.707847 6.63262
v 1.09618 0.685485 6.62878
v 1.09049 0.679086 6.62756
v 1.08145 0.66877 6.62546
v 1.06885 0.653187 6.62257
v 1.05267 0.63212 6.61929
v 1.04692 0.624506 6.61799
v 1.03975 0.615027 6.61626
v 1.03535 0.609142 6.6151
v 1.0264 0.596812 6.61222
v 1.0123 0.577239 6.60699
v 0.995717 0.555343 6.59966
v 0.976974 0.53408 6.59139
v 0.957225 0.515561 6.58274
v 0.947472 0.507688 6.57853
v 0.936426 0.499453 6.57392
v 0.924281 0.491094 6.56889
v 0.910664 0.482266 6.56338
v 0.8964 0.473444 6.55778
v 0.875496 0.466101 6.55254
v 0.853132 0.464718 6.55048
v 1.1333 0.724509 6.64341
v 1.13824 0.72846 6.66417
v 1.14224 0.736403 6.6782
v 1.14797 0.748777 6.69852
v 1.15017 0.753483 6.70616
v 1.1512 0.756681 6.71071
v 1.1531 0.761713 6.71742
v 1.16008 0.777486 6.73725
v 1.16631 0.788421 6.74969
v 1.17318 0.798165 6.76012
v 1.18083 0.8079 6.77063
v 1.1846 0.812509 6.77566
v 1.19291 0.822054 6.78639
v 1.19911 0.828838 6.79421
v 1.20168 0.831621 6.79744
v 1.20763 0.838034 6.80486
v 1.21547 0.846878 6.81451
v 1.22984 0.863183 6.83215
v 1.1333 0.724509 6.64341
v 1.13863 0.730871 6.62467
v 1.14551 0.737272 6.62062
v 1.15959 0.748927 6.6169
v 1.17339 0.759311 6.61556
v 1.18367 0.766521 6.61537
v 1.20059 0.777419 6.61637
v 1.21963 0.789121 6.618
v 1.24068 0.801866 6.61985
v 1.24895 0.806983 6.62045
v 1.25647 0.811801 6.62079
v 1.26415 0.816759 6.62108
v 1.27417 0.823337 6.62117
v 1.28632 0.831509 6.62078
v 0.158382 -0.650569 5.26785
v 0.170706 -0.64748 5.28848
v 0.190356 -0.646409 5.32148
v 0.198701 -0.6369 5.34816
v 0.202355 -0.630585 5.36248
v 0.202984 -0.624634 5.37465
v 0.20466 -0.614945 5.39389
v 0.203938 -0.607763 5.40729
v 0.203578 -0.596369 5.42808
v 0.201351 -0.582805 5.45243
v 0.198741 -0.568796 5.47907
v 0.158382 -0.650569 5.26785
v 0.139769 -0.678443 5.23626
v 0.817072 0.961277 6.19249
v 0.81526 0.954104 6.1882
v 0.812136 0.941844 6.18078
v 0.809232 0.930778 6.17393
v 0.807022 0.922917 6.16882
v 0.805149 0.916831 6.1646
v 0.801312 0.9055 6.15621
v 0.796159 0.892506 6.1454
v 0.7876 0.874633 6.12827
v 0.779349 0.862504 6.11277
v 0.768264 0.862095 6.09092
v 0.692806 0.695496 6.02489
v 0.693535 0.69235 6.037
v 0.694152 0.688227 6.05016
v 0.694304 0.686772 6.05424
v 0.694457 0.681255 6.06625
v 0.694537 0.672208 6.08441
v 0.694249 0.664994 6.09642
v 0.693561 0.657086 6.10758
v 0.692501 0.647822 6.11936
v 0.69171 0.641372 6.12701
v 0.690259 0.628902 6.14095
v 0.689356 0.617361 6.15308
v 0.689022 0.609499 6.16107
v 0.688949 0.596427 6.17386
v 0.688926 0.588741 6.1811
v 0.688642 0.576276 6.19246
v 0.676507 0.564544 6.20881
v 0.753102 0.481737 6.06938
v 0.762366 0.485299 6.08649
v 0.771776 0.489041 6.10107
v 0.780084 0.492226 6.11303
v 0.790882 0.496085 6.12785
v 0.802402 0.500478 6.14271
v 0.826843 0.512842 6.16498
v 0.753102 0.481737 6.06938
v 0.743916 0.467989 6.05306
v 0.740155 0.455811 6.04329
v 0.738475 0.444395 6.03528
v 0.73799 0.425808 6.02409
v 0.740842 0.406417 6.01817
v 0.74731 0.385956 6.00133
v 0.753102 0.481737 6.06938
v 0.759546 0.498045 6.07863
v 0.764491 0.505856 6.08421
v 0.771525 0.515021 6.09217
v 0.777049 0.521047 6.09834
v 0.784438 0.525872 6.10668
v 0.795509 0.532028 6.1194
v 0.817981 0.54432 6.14158
v 0.880685 1.12122 6.2469
v 0.892459 1.12796 6.24939
v 0.855144 0.527572 6.18578
v 0.876196 0.524226 6.20747
v 0.886598 0.523657 6.21743
v 0.903408 0.520096 6.23045
v 0.855144 0.527572 6.18578
v 0.817981 0.54432 6.14158
v 0.855144 0.527572 6.18578
v 0.826843 0.512842 6.16498
v 0.768264 0.862095 6.09092
v 0.771448 0.842286 6.09368
v 0.772417 0.8326 6.09404
v 0.774867 0.812114 6.09533
v 0.777848 0.780999 6.0958
v 0.7805 0.766285 6.09639
v 0.789815 0.745389 6.09578
v 0.820359 0.723272 6.09936
v 0.768264 0.862095 6.09092
v 0.767286 0.892066 6.06425
v 0.926763 0.533206 6.27974
v 0.918055 0.530533 6.26559
v 0.908525 0.527302 6.24947
v 0.903408 0.520096 6.23045
v 0.817981 0.54432 6.14158
v 0.820747 0.579533 6.13206
v 0.817205 0.590532 6.12818
v 0.815579 0.60284 6.12391
v 0.816073 0.619308 6.11783
v 0.815105 0.634984 6.11355
v 0.814998 0.649687 6.10924
v 0.815848 0.66104 6.10632
v 0.822054 0.680556 6.10186
v 0.817981 0.54432 6.14158
v 0.826843 0.512842 6.16498
v 0.754838 1.14337 6.05008
v 0.748696 1.12462 6.042
v 0.736705 1.1028 6.02517
v 0.820359 0.723272 6.09936
v 0.809698 0.699009 6.10087
v 0.822054 0.680556 6.10186
v 0.820359 0.723272 6.09936
v 0.82973 0.739428 6.09895
v 0.820359 0.723272 6.09936
v 0.831878 0.709295 6.10016
v 0.833335 0.684539 6.10024
v 0.822054 0.680556 6.10186
v 0.338717 0.632207 5.33648
v 0.333607 0.633723 5.30552
v 0.332095 0.634879 5.29618
v 0.329106 0.637599 5.27836
v 0.326945 0.639571 5.26626
v 0.338717 0.632207 5.33648
v 0.33909 0.653192 5.3278
v 0.338469 0.678724 5.31545
v 0.337065 0.696557 5.30666
v 0.33264 0.7167 5.29828
v 0.330644 0.72398 5.29546
v 0.338717 0.632207 5.33648
v 0.340169 0.622725 5.34947
v 0.342218 0.605053 5.36836
v 0.343883 0.592548 5.38237
v 0.344146 0.590579 5.38451
v 0.345396 0.580744 5.3951
v 0.346556 0.571257 5.40479
v 0.347598 0.562549 5.41336
v 0.348894 0.552132 5.42325
v 0.350378 0.541648 5.43294
v 0.352005 0.531827 5.44187
v 0.354991 0.516516 5.45594
v 0.356149 0.510961 5.46112
v 0.357106 0.506711 5.46526
v 0.359063 0.498164 5.47376
v 0.361372 0.488352 5.48386
v 0.363547 0.479328 5.49377
v 0.364842 0.473995 5.49994
v 0.366441 0.467044 5.50839
v 0.368854 0.453593 5.52804
v 0.370781 0.440875 5.54897
v 0.371855 0.433651 5.56131
v 0.373026 0.425889 5.57482
v 0.373844 0.420552 5.58421
v 0.375152 0.412189 5.59899
v 0.376049 0.407013 5.60797
v 0.37813 0.395447 5.62792
v 0.380596 0.383408 5.64811
v 0.379178 0.382889 5.67154
v 0.748503 1.31751 5.85412
v 0.74718 1.31011 5.85817
v 0.745081 1.29852 5.86453
v 0.741787 1.28407 5.87221
v 0.735323 1.2599 5.8844
v 0.731024 1.24493 5.89028
v 0.725116 1.22357 5.89732
v 0.739523 0.469829 5.91843
v 0.731315 0.473765 5.89422
v 0.729194 0.480084 5.87514
v 0.729316 0.48631 5.86079
v 0.729836 0.489795 5.85304
v 0.731822 0.496585 5.83823
v 0.734607 0.504031 5.82188
v 0.737315 0.50893 5.81034
v 0.738962 0.511344 5.80433
v 0.742174 0.515633 5.79345
v 0.751278 0.525507 5.77007
v 0.759931 0.534482 5.75041
v 0.761188 0.535767 5.74773
v 0.769281 0.543728 5.73253
v 0.778001 0.551707 5.7181
v 0.779554 0.553128 5.71561
v 0.739523 0.469829 5.91843
v 0.741611 0.444959 5.93609
v 0.742585 0.424773 5.94852
v 0.743437 0.414153 5.95566
v 0.74383 0.410095 5.95856
v 0.744981 0.398694 5.96689
v 0.746825 0.388216 5.97641
v 0.74731 0.385956 6.00133
v 0.739523 0.469829 5.91843
v 0.74809 0.486186 5.93098
v 0.75115 0.499314 5.93123
v 0.757874 0.519836 5.934
v 0.763006 0.535587 5.93474
v 0.767897 0.550642 5.93472
v 0.769948 0.556833 5.93452
v 0.776269 0.576041 5.93314
v 0.779378 0.584894 5.93203
v 0.786502 0.60605 5.92862
v 0.796814 0.637058 5.92064
v 0.802428 0.65538 5.91557
v 0.80811 0.67998 5.90685
v 0.810723 0.69779 5.89936
v 0.807141 0.728338 5.87998
v 0.893034 0.500513 6.0179
v 0.872586 0.476583 6.02112
v 0.86227 0.460713 6.02594
v 0.855095 0.449314 6.02878
v 0.844158 0.433373 6.03341
v 0.829795 0.412309 6.03801
v 0.823113 0.401332 6.03912
v 0.811105 0.383978 6.03915
v 0.796337 0.360669 6.03687
v 0.774546 0.349131 6.02473
v 0.893034 0.500513 6.0179
v 0.892113 0.521993 6.00542
v 0.895198 0.538504 5.99856
v 0.897729 0.550079 5.99441
v 0.902493 0.564455 5.98886
v 0.910512 0.5891 5.98062
v 0.916885 0.616164 5.95811
v 0.893034 0.500513 6.0179
v 0.907842 0.499841 6.0258
v 0.924926 0.503488 6.03249
v 0.936293 0.506919 6.03576
v 0.954325 0.512837 6.04058
v 0.970193 0.518227 6.04453
v 0.979956 0.521684 6.04676
v 0.995102 0.527155 6.05008
v 1.0109 0.532989 6.05343
v 1.02953 0.539972 6.05737
v 1.04964 0.547681 6.06128
v 1.06101 0.552052 6.06335
v 1.07045 0.555684 6.06492
v 1.0853 0.561199 6.06695
v 1.10042 0.566709 6.06892
v 1.11518 0.571725 6.07084
v 1.13259 0.577238 6.07341
v 1.14433 0.580833 6.07528
v 1.16203 0.586048 6.0788
v 1.17755 0.590696 6.08226
v 1.19563 0.596319 6.08641
v 1.21033 0.60146 6.08983
v 1.22081 0.605482 6.09223
v 1.2294 0.608964 6.09418
v 1.24297 0.614923 6.09719
v 1.26024 0.623217 6.10098
v 1.274 0.630189 6.10402
v 1.28486 0.636067 6.10652
v 1.30378 0.64686 6.11106
v 1.31423 0.652933 6.11362
v 1.32511 0.659314 6.11629
v 1.33478 0.664974 6.11859
v 0.0804399 -0.427162 4.96339
v 0.0808599 -0.437109 4.96859
v 0.0818579 -0.45628 4.97796
v 0.0825135 -0.469624 4.98419
v 0.0827949 -0.475199 4.98674
v 0.0832191 -0.482842 4.99007
v 0.0839278 -0.494491 4.995
v 0.0851723 -0.510744 5.00134
v 0.0862726 -0.521871 5.00529
v 0.0875013 -0.532416 5.00881
v 0.0888699 -0.542981 5.01222
v 0.0906682 -0.554176 5.01528
v 0.0977766 -0.582937 5.01136
v 0.564613 0.32134 5.62689
v 0.56367 0.307812 5.64232
v 0.562848 0.296706 5.65531
v 0.562981 0.277333 5.67287
v 0.564613 0.32134 5.62689
v 0.549128 0.316648 5.61652
v 0.541657 0.319824 5.60377
v 0.535101 0.323349 5.59158
v 0.530081 0.32826 5.5807
v 0.525537 0.334431 5.5699
v 0.521078 0.342272 5.55845
v 0.516627 0.354903 5.54479
v 0.513356 0.366003 5.53386
v 0.511431 0.377506 5.52467
v 0.509804 0.390726 5.51449
v 0.508092 0.405515 5.50279
v 0.506608 0.417981 5.49276
v 0.505519 0.426231 5.48543
v 0.500056 0.451736 5.47164
v 0.564613 0.32134 5.62689
v 0.576178 0.341785 5.6161
v 0.579035 0.354743 5.60626
v 0.583131 0.375791 5.58532
v 0.583891 0.387873 5.57248
v 0.583109 0.402409 5.55487
v 0.58511 0.41881 5.53472
v 0.663509 -0.158715 5.76173
v 0.650896 -0.129239 5.75551
v 0.63954 -0.106733 5.74808
v 0.633175 -0.0790386 5.73045
v 0.632048 -0.0673132 5.72139
v 0.631894 -0.0541815 5.71006
v 0.632475 -0.0461613 5.70239
v 0.634897 -0.0323057 5.68758
v 0.643751 -0.00997871 5.6585
v 0.655005 0.00184883 5.63658
v 0.665532 0.00842341 5.62034
v 0.674073 0.012257 5.60855
v 0.681 0.0147372 5.59947
v 0.69175 0.0180429 5.58572
v 0.702651 0.0210023 5.57179
v 0.717838 0.0266395 5.54832
v 0.729506 0.0326238 5.52683
v 0.73459 0.0368476 5.51471
v 0.739247 0.0424777 5.50094
v 0.743236 0.0484349 5.4875
v 0.747346 0.0557777 5.4722
v 0.749547 0.0597461 5.46418
v 0.752967 0.0660955 5.45209
v 0.753363 0.0668039 5.45076
v 0.760214 0.0785634 5.42969
v 0.763267 0.0833406 5.42143
v 0.769092 0.0912079 5.40827
v 0.780907 0.103496 5.38732
v 0.663509 -0.158715 5.76173
v 0.679453 -0.143802 5.76908
v 0.692864 -0.130979 5.77067
v 0.706548 -0.121307 5.77172
v 0.734429 -0.105292 5.77144
v 0.754612 -0.0961721 5.77047
v 0.767662 -0.0912449 5.77012
v 0.797151 -0.0807631 5.76527
v 0.663509 -0.158715 5.76173
v 0.665323 -0.146499 5.73435
v 0.666306 -0.141353 5.71615
v 0.66788 -0.137088 5.69998
v 0.670578 -0.132699 5.68525
v 0.675073 -0.126814 5.66463
v 0.680108 -0.121675 5.64448
v 0.684165 -0.118837 5.63006
v 0.688719 -0.116161 5.61432
v 0.695218 -0.112997 5.59195
v 0.702091 -0.110022 5.56813
v 0.707644 -0.107991 5.54764
v 0.713597 -0.106036 5.52325
v 0.716647 -0.105114 5.50962
v 0.719112 -0.104377 5.49847
v 0.720978 -0.103848 5.48989
v 0.725435 -0.102621 5.46888
v 0.729853 -0.101793 5.44817
v 0.735321 -0.100868 5.4227
v 0.739034 -0.100384 5.40559
v 0.744787 -0.098959 5.37778
v 0.748489 -0.096961 5.35721
v 0.750919 -0.0951949 5.34384
v 0.753751 -0.0928474 5.32865
v 0.758305 -0.0882171 5.30798
v 0.763788 -0.0822043 5.28784
v 0.769584 -0.0757241 5.27145
v 0.775015 -0.0695565 5.25987
v 0.777275 -0.0669388 5.25554
v 0.784607 -0.0583229 5.24239
v 0.793966 -0.0468756 5.2276
v 0.800393 -0.0388679 5.21793
v 0.808594 -0.0282968 5.20673
v 0.817302 -0.0169839 5.19523
v 0.828386 -0.00267316 5.18107
v 0.838609 0.00990344 5.1684
v 0.849869 0.0238232 5.15408
v 0.859816 0.0350098 5.14173
v 0.663509 -0.158715 5.76173
v 0.663836 -0.19183 5.77842
v 0.662194 -0.209652 5.78534
v 0.662147 -0.236612 5.79412
v 0.662905 -0.26737 5.80284
v 0.663491 -0.289263 5.80896
v 0.66368 -0.302075 5.8126
v 0.664043 -0.327344 5.82079
v 0.663091 -0.360226 5.832
v 0.662325 -0.381309 5.83938
v 0.661176 -0.396086 5.84529
v 0.650894 -0.430824 5.86042
v 0.643198 -0.451177 5.87008
v 0.637923 -0.463764 5.87699
v 0.6332 -0.474549 5.88272
v 0.627327 -0.48917 5.89071
v 0.622852 -0.499197 5.89623
v 0.613673 -0.520605 5.90831
v 0.605238 -0.538762 5.91828
v 0.595729 -0.56179 5.93174
v 0.587077 -0.572926 5.93273
v 0.577432 -0.584398 5.93201
v 0.558 -0.601078 5.92579
v 0.731427 1.25266 5.84769
v 0.728508 1.24396 5.86117
v 0.727867 1.24189 5.8645
v 0.726492 1.23567 5.87553
v 0.725116 1.22357 5.89732
v 0.455926 0.515681 5.45844
v 0.457064 0.514697 5.45908
v 0.461602 0.510647 5.46158
v 0.471445 0.500552 5.46658
v 0.47407 0.497453 5.46778
v 0.484558 0.482947 5.47183
v 0.491606 0.471149 5.47372
v 0.500056 0.451736 5.47164
v 0.840273 1.04114 5.87912
v 0.835161 1.02962 5.89199
v 0.831611 1.02181 5.90097
v 0.828981 1.01619 5.90777
v 0.826681 1.01125 5.91388
v 0.821675 1.00025 5.92772
v 0.816299 0.987474 5.94389
v 0.812367 0.977244 5.95671
v 0.811084 0.973378 5.96137
v 0.808796 0.966066 5.97004
v 0.806744 0.958859 5.97824
v 0.805714 0.955293 5.98232
v 0.801329 0.941239 5.9985
v 0.79648 0.927788 6.01424
v 0.793407 0.921496 6.02189
v 0.782854 0.906182 6.0413
v 0.767286 0.892066 6.06425
v 0.588854 -0.43832 5.58554
v 0.582189 -0.442318 5.59655
v 0.570687 -0.447284 5.61198
v 0.566831 -0.449335 5.61779
v 0.560732 -0.459675 5.6398
v 0.558405 -0.465678 5.65187
v 0.555202 -0.473093 5.66708
v 0.552083 -0.481558 5.68405
v 0.548983 -0.490219 5.70152
v 0.5468 -0.499494 5.71934
v 0.5434 -0.51375 5.74692
v 0.541976 -0.526153 5.76966
v 0.540855 -0.536227 5.78844
v 0.539649 -0.549921 5.81397
v 0.539335 -0.557027 5.82708
v 0.539106 -0.567992 5.84789
v 0.53977 -0.578579 5.86688
v 0.54065 -0.588864 5.88641
v 0.543977 -0.599107 5.90674
v 0.558 -0.601078 5.92579
v 0.588854 -0.43832 5.58554
v 0.569853 -0.420294 5.56329
v 0.563255 -0.410116 5.54925
v 0.559132 -0.401761 5.5375
v 0.555358 -0.390556 5.52079
v 0.553482 -0.360101 5.48194
v 0.588854 -0.43832 5.58554
v 0.60383 -0.436861 5.57355
v 0.615874 -0.438882 5.56824
v 0.637039 -0.441867 5.55512
v 0.649925 -0.444791 5.54637
v 0.668026 -0.450212 5.53212
v 0.684838 -0.456959 5.51603
v 0.700948 -0.463388 5.50034
v 0.716172 -0.468816 5.48349
v 0.725942 -0.471466 5.47181
v 0.73563 -0.473512 5.46024
v 0.74881 -0.47481 5.4443
v 0.760335 -0.47431 5.43061
v 0.772086 -0.472189 5.41783
v 0.791957 -0.467277 5.39819
v 0.809057 -0.462872 5.38207
v 0.818821 -0.460643 5.37306
v 0.83072 -0.457825 5.36246
v 0.844068 -0.45543 5.35034
v 0.847225 -0.454888 5.3475
v 0.857058 -0.453367 5.33869
v 0.8709 -0.451474 5.32646
v 0.884026 -0.449871 5.315
v 0.898474 -0.448046 5.30263
v 0.912112 -0.446008 5.29121
v 0.93259 -0.442114 5.27432
v 0.944901 -0.438879 5.2641
v 0.958276 -0.434548 5.25289
v 0.966293 -0.430663 5.24571
v 0.976846 -0.424285 5.23578
v 0.989345 -0.414792 5.22318
v 1.00567 -0.399383 5.20574
v 1.01381 -0.390408 5.19632
v 1.02298 -0.379007 5.18448
v 1.03481 -0.36755 5.17162
v 1.04107 -0.35869 5.16168
v 0.452169 0.067089 5.46769
v 0.450454 0.0677133 5.48053
v 0.449111 0.0682431 5.49099
v 0.44797 0.069082 5.50327
v 0.448605 0.0719078 5.52257
v 0.442639 0.0706636 5.53922
v 0.437632 0.0703539 5.55752
v 0.434197 0.0706403 5.57229
v 0.431488 0.0710604 5.58471
v 0.430234 0.0713438 5.59086
v 0.426561 0.0722423 5.60925
v 0.422258 0.0735236 5.6323
v 0.417156 0.0742059 5.66417
v 0.41502 0.0732497 5.68179
v 0.412762 0.0723208 5.70071
v 0.411411 0.0703617 5.71739
v 0.406726 0.0674922 5.73555
v 0.500056 0.451736 5.47164
v 0.502165 0.450644 5.45523
v 0.501342 0.456111 5.44372
v 0.500168 0.463025 5.42962
v 0.498848 0.470472 5.41449
v 0.4973 0.478884 5.3974
v 0.495365 0.488534 5.37773
v 0.493726 0.495852 5.36268
v 0.491664 0.503031 5.34764
v 0.489978 0.508257 5.33668
v 0.487393 0.51572 5.32116
v 0.486101 0.519248 5.31398
v 0.482813 0.527776 5.29599
v 0.477337 0.539917 5.28337
v 0.916277 0.628425 5.93659
v 0.916885 0.616164 5.95811
v 0.758473 0.778371 5.75954
v 0.759522 0.774128 5.77157
v 0.760272 0.771412 5.77928
v 0.761155 0.768898 5.78646
v 0.762173 0.766233 5.79409
v 0.765272 0.761169 5.80896
v 0.770528 0.755397 5.82623
v 0.78319 0.747265 5.84945
v 0.807141 0.728338 5.87998
v 0.112623 -0.512219 4.83405
v 0.11022 -0.519184 4.847
v 0.107993 -0.526608 4.86123
v 0.107042 -0.529991 4.8679
v 0.105931 -0.534193 4.87641
v 0.103636 -0.543222 4.89514
v 0.102065 -0.549948 4.91004
v 0.100769 -0.556005 4.92434
v 0.0996237 -0.561992 4.93944
v 0.0983492 -0.569764 4.96055
v 0.0976141 -0.576673 4.98217
v 0.0975577 -0.579001 4.99074
v 0.0977766 -0.582937 5.01136
v 1.18967 -0.330391 4.95527
v 1.17876 -0.328678 4.96818
v 1.16432 -0.326841 4.98421
v 1.14441 -0.325272 5.00403
v 1.13569 -0.327111 5.0169
v 1.12829 -0.328701 5.02729
v 1.1166 -0.331479 5.04342
v 1.10461 -0.334652 5.05992
v 1.09052 -0.338747 5.07955
v 1.0786 -0.342604 5.09664
v 1.06446 -0.347865 5.11829
v 1.05411 -0.352015 5.13516
v 1.04107 -0.35869 5.16168
v 0.779867 0.0482931 4.75844
v 0.773251 0.040667 4.77016
v 0.772037 0.0392481 4.77235
v 0.76254 0.0279381 4.78982
v 0.757485 0.0213798 4.80025
v 0.7543 0.0171456 4.80704
v 0.750868 0.0124457 4.81466
v 0.748296 0.00888448 4.82046
v 0.742789 0.000891531 4.83383
v 0.739833 -0.0037835 4.84205
v 0.736708 -0.00880074 4.85102
v 0.731573 -0.0173084 4.86658
v 0.732572 -0.0239242 4.88649
v 0.739352 -0.0246548 4.90406
v 1.03125 -0.307653 5.12805
v 1.01986 -0.305556 5.11159
v 1.01828 -0.302314 5.10578
v 1.03125 -0.307653 5.12805
v 1.04307 -0.297598 5.13227
v 1.04675 -0.293745 5.13167
v 1.05382 -0.287816 5.1301
v 1.05905 -0.284207 5.12876
v 1.0666 -0.279804 5.12663
v 1.07875 -0.274324 5.12284
v 1.08934 -0.271014 5.11927
v 1.09773 -0.268554 5.11644
v 1.03125 -0.307653 5.12805
v 1.02905 -0.32759 5.14045
v 1.031 -0.340459 5.1496
v 1.04107 -0.35869 5.16168
v 0.893856 0.0402568 5.12162
v 0.883592 0.0385283 5.12806
v 0.877483 0.0374605 5.13189
v 0.859816 0.0350098 5.14173
v 0.859816 0.0350098 5.14173
v 0.858815 0.050196 5.13011
v 0.858863 0.0534555 5.12749
v 1.26028 0.594775 5.73478
v 1.25129 0.585115 5.7373
v 1.24127 0.572231 5.74169
v 1.22582 0.55269 5.74718
v 1.21741 0.542019 5.74998
v 1.20318 0.524186 5.7546
v 1.18523 0.505175 5.75649
v 1.16403 0.480657 5.76063
v 1.15126 0.466898 5.76422
v 1.12081 0.441794 5.77671
v 1.1006 0.426273 5.78225
v 1.08137 0.41204 5.78554
v 1.06716 0.402252 5.78409
v 1.05654 0.394497 5.78368
v 1.03776 0.387543 5.76903
v 1.15637 -0.00859495 5.64168
v 1.14695 -0.00873239 5.64976
v 1.13815 -0.009034 5.65671
v 1.1236 -0.0107388 5.66443
v 1.1152 -0.012081 5.66783
v 1.10172 -0.0145423 5.67241
v 1.08443 -0.018106 5.6772
v 1.06658 -0.0220766 5.68138
v 1.05522 -0.0248876 5.68323
v 1.03971 -0.028852 5.68533
v 1.02339 -0.0332627 5.68713
v 1.00157 -0.0394868 5.68949
v 0.974339 -0.0483487 5.69253
v 0.956457 -0.0558516 5.69515
v 1.16206 0.999254 5.79244
v 1.14418 0.981564 5.79611
v 1.13362 0.970989 5.79871
v 1.12346 0.960793 5.80156
v 1.10993 0.947359 5.80626
v 1.09742 0.935609 5.81192
v 1.08427 0.924778 5.81987
v 1.07728 0.919515 5.82394
v 1.06488 0.910932 5.83102
v 1.05484 0.904366 5.83616
v 1.04136 0.895321 5.84229
v 1.03222 0.888774 5.84582
v 1.01813 0.878168 5.85103
v 1.00051 0.863749 5.85861
v 0.988479 0.853481 5.86494
v 0.979285 0.845711 5.87
v 0.968902 0.837268 5.87556
v 0.9612 0.83129 5.87919
v 0.95632 0.827584 5.88131
v 0.949764 0.822861 5.88361
v 0.938585 0.81516 5.8868
v 0.923686 0.806742 5.88798
v 0.910389 0.800719 5.88736
v 0.897704 0.795536 5.88641
v 0.890811 0.793241 5.88567
v 0.86172 0.7856 5.88065
v 1.06707 -0.145825 5.66019
v 1.06507 -0.144253 5.66077
v 1.05361 -0.135223 5.66402
v 1.03652 -0.121763 5.66875
v 1.02644 -0.113814 5.67153
v 1.01231 -0.102674 5.67548
v 1.00343 -0.0956648 5.67806
v 0.998055 -0.0914148 5.67966
v 0.990136 -0.0851297 5.68213
v 0.980293 -0.0770884 5.68537
v 0.967374 -0.0653048 5.68998
v 0.956457 -0.0558516 5.69515
v 0.46167 -0.138699 4.82428
v 0.45964 -0.14172 4.83135
v 0.457901 -0.144222 4.83752
v 0.454697 -0.1487 4.84912
v 0.451802 -0.152541 4.86011
v 0.448883 -0.156284 4.87204
v 0.446605 -0.159175 4.88189
v 0.443103 -0.163547 4.89825
v 0.441499 -0.165518 4.90625
v 0.438577 -0.168919 4.92259
v 0.435637 -0.171242 4.94571
v 0.434506 -0.171277 4.95864
v 0.433232 -0.171044 4.974
v 0.432409 -0.170805 4.98412
v 0.431391 -0.170344 4.99693
v 0.430941 -0.170071 5.00269
v 0.429486 -0.169073 5.02154
v 0.427884 -0.16781 5.04302
v 0.426691 -0.166725 5.06114
v 0.426324 -0.166378 5.0671
v 0.425491 -0.165566 5.08271
v 0.424651 -0.16476 5.09958
v 0.424273 -0.164448 5.10966
v 0.423601 -0.163993 5.13496
v 0.423442 -0.163996 5.15377
v 0.424221 -0.164711 5.17289
v 0.4264 -0.165887 5.20442
v 0.427701 -0.166563 5.22258
v 0.429751 -0.166625 5.24095
v 0.431351 -0.166667 5.25528
v 0.433861 -0.165806 5.27416
v 0.436077 -0.164847 5.29061
v 0.439358 -0.16304 5.31447
v 0.440302 -0.162398 5.32128
v 0.442249 -0.160911 5.33527
v 0.444547 -0.158854 5.35186
v 0.447423 -0.156028 5.37266
v 0.449781 -0.153526 5.38965
v 0.451749 -0.151289 5.40366
v 0.453311 -0.149435 5.41461
v 0.454403 -0.148115 5.42219
v 0.457382 -0.144421 5.44205
v 0.460723 -0.140291 5.46299
v 0.465577 -0.134387 5.49169
v 0.469178 -0.130113 5.51188
v 0.471868 -0.127101 5.52545
v 0.474548 -0.124216 5.53811
v 0.478063 -0.120567 5.5538
v 0.481316 -0.117428 5.56679
v 0.487372 -0.111903 5.58922
v 0.491606 -0.108296 5.60389
v 0.495027 -0.105462 5.6153
v 0.499308 -0.102231 5.62903
v 0.503539 -0.0991555 5.64264
v 0.506349 -0.0974057 5.65218
v 0.51072 -0.0947505 5.66715
v 0.516525 -0.0920284 5.68932
v 0.51886 -0.0916073 5.70028
v 0.522828 -0.0919401 5.72195
v 0.526465 -0.0942143 5.74689
v 0.528631 -0.0963925 5.76331
v 0.530673 -0.100337 5.78181
v 0.532358 -0.104674 5.7984
v 0.536204 -0.117711 5.83393
v 0.538209 -0.124592 5.84993
v 0.539944 -0.130096 5.86135
v 0.54543 -0.1448 5.88839
v 0.551262 -0.157706 5.90991
v 0.558467 -0.170572 5.92944
v 0.564374 -0.179591 5.94222
v 0.573222 -0.191722 5.96114
v 0.575183 -0.193878 5.96486
v 0.582932 -0.198532 5.97712
v 0.598309 -0.195073 5.99025
v 0.795118 0.118199 5.333
v 0.794245 0.117974 5.33433
v 0.792595 0.117578 5.337
v 0.784834 0.116675 5.34961
v 0.778734 0.114012 5.36565
v 0.709354 0.728223 5.25129
v 0.706382 0.721905 5.25467
v 0.700508 0.707935 5.26319
v 0.695929 0.695846 5.27138
v 0.692906 0.685216 5.27956
v 0.690305 0.674477 5.28798
v 0.686364 0.654058 5.30357
v 0.684574 0.642126 5.31187
v 0.682886 0.628689 5.32038
v 0.68138 0.613218 5.32911
v 0.682679 0.596562 5.33153
v 1.52688 -0.0425888 6.39327
v 1.52126 -0.039992 6.38995
v 1.51385 -0.0366318 6.38561
v 1.49732 -0.0293568 6.37588
v 1.48788 -0.0268242 6.36917
v 1.48304 -0.0257393 6.36562
v 1.47341 -0.0240687 6.35828
v 1.46664 -0.0234086 6.35286
v 1.45908 -0.0229286 6.34674
v 1.4563 -0.0229941 6.34444
v 1.44654 -0.023615 6.3363
v 1.42936 -0.0267552 6.32237
v 1.41231 -0.0306863 6.30877
v 1.38962 -0.037169 6.29124
v 1.36809 -0.0438751 6.27511
v 1.36 -0.0464696 6.2692
v 1.34342 -0.0517807 6.25722
v 1.32696 -0.0562542 6.24425
v 1.31227 -0.0599941 6.23261
v 1.30181 -0.0603989 6.21509
v 0.752176 0.159488 5.32598
v 0.752487 0.158847 5.32661
v 0.757132 0.149387 5.33579
v 0.760671 0.14243 5.34234
v 0.766333 0.132308 5.35114
v 0.77088 0.125071 5.35678
v 0.778734 0.114012 5.36565
v 0.703177 0.58814 5.28755
v 0.701974 0.587947 5.29024
v 0.695141 0.587014 5.30558
v 0.688127 0.586815 5.32159
v 0.682679 0.596562 5.33153
v 0.778734 0.114012 5.36565
v 0.780907 0.103496 5.38732
v 0.780907 0.103496 5.38732
v 0.817447 0.114691 5.37337
v 0.838984 0.119545 5.36266
v 0.851536 0.121983 5.35517
v 0.869513 0.124632 5.34294
v 0.881334 0.125553 5.33363
v 0.895905 0.126039 5.32131
v 0.906986 0.126208 5.31172
v 0.917673 0.126271 5.30238
v 0.934606 0.126305 5.28753
v 0.937638 0.12631 5.28487
v 0.948867 0.126343 5.27502
v 0.956769 0.126406 5.26813
v 0.967848 0.126642 5.25869
v 1.17948 0.96019 5.97575
v 1.17022 0.957421 5.97699
v 1.16654 0.956261 5.97751
v 1.15363 0.951986 5.97948
v 1.13111 0.943594 5.98353
v 1.1204 0.93904 5.98607
v 1.10286 0.931058 5.9909
v 1.07829 0.919222 5.99868
v 1.06265 0.911346 6.00443
v 1.05011 0.905592 6.00973
v 1.03569 0.907607 6.02044
v 0.581267 -0.298805 5.14011
v 0.581005 -0.299937 5.14265
v 0.578948 -0.307822 5.16056
v 0.576744 -0.313883 5.17501
v 0.57444 -0.318614 5.18689
v 0.571795 -0.323443 5.19928
v 0.567945 -0.329073 5.21429
v 0.566145 -0.331399 5.22055
v 0.559856 -0.339235 5.24163
v 0.550646 -0.349672 5.26789
v 0.544226 -0.35683 5.28401
v 0.531363 -0.371852 5.31339
v 0.74046 0.0310162 5.91267
v 0.762741 0.0465196 5.92067
v 0.767082 0.0508453 5.92042
v 0.77416 0.0585217 5.91911
v 0.783856 0.0684523 5.91659
v 0.794658 0.0796634 5.91337
v 0.802972 0.0884023 5.91058
v 0.807253 0.0930016 5.90899
v 0.82019 0.107538 5.90304
v 0.831538 0.120653 5.89734
v 0.845751 0.137157 5.88991
v 0.860184 0.154711 5.88226
v 0.870449 0.167551 5.87663
v 0.879354 0.178823 5.87183
v 0.884845 0.18617 5.86912
v 0.894837 0.199446 5.86396
v 0.908124 0.217486 5.85729
v 0.916011 0.228111 5.8534
v 0.932225 0.248746 5.85006
v 0.74046 0.0310162 5.91267
v 0.732014 0.0411887 5.88897
v 0.729329 0.0488967 5.87672
v 0.728689 0.0545716 5.86679
v 0.729201 0.0631546 5.8545
v 0.729591 0.0713554 5.84314
v 0.732093 0.0868679 5.82297
v 0.734382 0.0993822 5.80768
v 0.736216 0.108935 5.79665
v 0.73786 0.117513 5.78702
v 0.739783 0.127377 5.77629
v 0.742292 0.140096 5.76267
v 0.745155 0.154441 5.74772
v 0.748314 0.170111 5.73145
v 0.75037 0.180218 5.72099
v 0.752428 0.191416 5.7095
v 0.755625 0.210513 5.6901
v 0.75734 0.221478 5.67907
v 0.758986 0.231827 5.66871
v 0.760704 0.241994 5.65854
v 0.764309 0.257787 5.64248
v 0.766159 0.263796 5.63626
v 0.769222 0.27258 5.6272
v 0.774804 0.284944 5.61435
v 0.783396 0.299944 5.59894
v 0.790085 0.309049 5.58942
v 0.797965 0.318907 5.57924
v 0.804393 0.325916 5.5717
v 0.814279 0.336206 5.56035
v 0.82652 0.348298 5.54549
v 0.83181 0.357089 5.53066
v 0.834003 0.36084 5.52141
v 0.682679 0.596562 5.33153
v 0.678717 0.582144 5.34713
v 0.674548 0.567956 5.36574
v 0.672892 0.560915 5.37426
v 0.670885 0.551293 5.38581
v 0.668879 0.542307 5.397
v 0.667178 0.536309 5.40457
v 0.665628 0.531211 5.41096
v 0.662149 0.520917 5.42372
v 0.658989 0.514156 5.43238
v 0.656218 0.508719 5.4394
v 0.652759 0.502456 5.4473
v 0.645764 0.491539 5.46112
v 0.639382 0.481711 5.47261
v 0.633573 0.474338 5.48152
v 0.627835 0.466455 5.49008
v 0.620144 0.45752 5.49972
v 0.617819 0.454835 5.50252
v 0.610444 0.446708 5.5109
v 0.604155 0.438805 5.51826
v 0.597982 0.432986 5.52245
v 0.58511 0.41881 5.53472
v 1.21344 1.0788 6.08875
v 1.19855 1.07566 6.08737
v 1.175 1.07068 6.08425
v 1.16322 1.06855 6.0822
v 1.13475 1.07419 6.07485
v 0.467111 0.512406 5.09046
v 0.472591 0.515344 5.10537
v 0.478314 0.517441 5.12272
v 0.483468 0.518273 5.1391
v 0.48697 0.518476 5.15045
v 0.489743 0.518306 5.15968
v 0.492431 0.518051 5.16871
v 0.495201 0.517384 5.17842
v 0.498766 0.51624 5.19123
v 0.501715 0.514371 5.20284
v 0.504744 0.511591 5.21575
v 0.5088 0.505799 5.23548
v 0.510917 0.502084 5.24665
v 0.513023 0.498185 5.25807
v 0.514861 0.494694 5.26832
v 0.515999 0.492548 5.27472
v 0.51894 0.487251 5.29124
v 0.521943 0.482044 5.30804
v 0.524708 0.47764 5.32337
v 0.529193 0.471083 5.34819
v 0.532482 0.466566 5.36641
v 0.535919 0.462015 5.38533
v 0.538965 0.458164 5.40146
v 0.542527 0.45392 5.4186
v 0.545179 0.450771 5.43128
v 0.546917 0.448855 5.4386
v 0.54993 0.445615 5.45077
v 0.555358 0.440183 5.47014
v 0.561123 0.435021 5.48749
v 0.567693 0.430263 5.50293
v 0.57502 0.424858 5.51807
v 0.58511 0.41881 5.53472
v 1.00673 1.18867 5.84563
v 0.997123 1.18301 5.8442
v 0.990981 1.17925 5.84334
v 0.978734 1.17095 5.84199
v 0.968829 1.16252 5.84186
v 0.959479 1.15397 5.84218
v 0.946049 1.14094 5.84414
v 0.940145 1.13566 5.84523
v 0.912368 1.12654 5.85091
v 0.553482 -0.360101 5.48194
v 0.546684 -0.364959 5.47509
v 0.540137 -0.368772 5.46713
v 0.53433 -0.368797 5.44937
v 0.530762 -0.368202 5.43097
v 0.529703 -0.368036 5.42193
v 0.528743 -0.368014 5.40704
v 0.528151 -0.368332 5.39003
v 0.52803 -0.369036 5.37393
v 0.528314 -0.37062 5.35038
v 0.531363 -0.371852 5.31339
v 0.553482 -0.360101 5.48194
v 0.559654 -0.347779 5.47594
v 0.565609 -0.336272 5.46668
v 0.572348 -0.324472 5.45383
v 0.58019 -0.314129 5.4379
v 0.58694 -0.305237 5.42406
v 0.59586 -0.29629 5.4043
v 0.604381 -0.289106 5.38423
v 0.610514 -0.285618 5.36765
v 0.616593 -0.282613 5.35037
v 0.619752 -0.281101 5.34121
v 0.625683 -0.278358 5.32377
v 0.631839 -0.275391 5.30513
v 0.639286 -0.27153 5.28234
v 0.644181 -0.268715 5.26726
v 0.6472 -0.266845 5.25798
v 0.65349 -0.262699 5.23869
v 0.656593 -0.260425 5.22932
v 0.659864 -0.257818 5.21957
v 0.665982 -0.252422 5.2017
v 0.67586 -0.243091 5.17311
v 0.683752 -0.232439 5.15173
v 0.690986 -0.21494 5.13574
v 0.694404 -0.206007 5.12781
v 0.698523 -0.194356 5.11727
v 0.699289 -0.192019 5.1152
v 0.702564 -0.180567 5.10471
v 0.706938 -0.162266 5.0871
v 0.709813 -0.147418 5.07213
v 0.710124 -0.145473 5.07009
v 0.711981 -0.130544 5.05368
v 0.712939 -0.119453 5.04034
v 0.71385 -0.107053 5.0241
v 0.714561 -0.0988078 5.01255
v 0.715454 -0.0903883 5.00039
v 0.716651 -0.0827688 4.98906
v 0.7182 -0.0757538 4.97844
v 0.720405 -0.0673013 4.96556
v 0.724795 -0.0540657 4.94555
v 0.726121 -0.0511671 4.9412
v 0.730171 -0.0420507 4.92773
v 0.732375 -0.0365044 4.91871
v 0.739352 -0.0246548 4.90406
v 1.13552 1.15953 6.07793
v 1.13184 1.13399 6.07384
v 1.1269 1.10643 6.07114
v 1.06473 0.308508 5.94682
v 1.05445 0.307349 5.93905
v 1.0407 0.305105 5.92911
v 1.03561 0.304167 5.92548
v 1.02506 0.301641 5.9181
v 1.01764 0.299551 5.91293
v 0.999911 0.294337 5.90059
v 0.986473 0.289392 5.89107
v 0.976885 0.284641 5.88397
v 0.964304 0.277289 5.87435
v 0.960668 0.27484 5.87147
v 0.954905 0.270398 5.86679
v 0.950321 0.266555 5.86315
v 0.932225 0.248746 5.85006
v 1.23421 0.247857 6.27233
v 1.2259 0.251083 6.27113
v 1.20997 0.257272 6.26885
v 1.19119 0.264424 6.26623
v 1.17188 0.271477 6.2635
v 1.16477 0.27399 6.26249
v 1.15613 0.276852 6.2612
v 1.14418 0.280595 6.25935
v 1.12866 0.284513 6.2565
v 1.10898 0.288234 6.25219
v 1.09568 0.289924 6.24873
v 1.08365 0.291052 6.24528
v 1.07263 0.291477 6.24138
v 1.04947 0.291751 6.23221
v 1.03609 0.291776 6.22648
v 1.02988 0.292172 6.22381
v 1.00843 0.29262 6.21422
v 0.983421 0.288211 6.2014
v 0.972504 0.286602 6.1958
v 0.964589 0.285389 6.19178
v 0.948496 0.282823 6.1836
v 0.944305 0.282146 6.18147
v 0.934294 0.280262 6.17659
v 0.91986 0.277013 6.17019
v 0.905158 0.273486 6.16395
v 0.873365 0.264415 6.15237
v 0.863379 0.260995 6.1494
v 0.846888 0.254524 6.1452
v 0.828648 0.246463 6.14109
v 0.814755 0.23815 6.13901
v 0.802083 0.229569 6.13734
v 0.788955 0.219711 6.13568
v 0.778123 0.210374 6.13416
v 0.767766 0.19847 6.13226
v 0.753194 0.178713 6.12854
v 0.748466 0.170015 6.12605
v 0.743699 0.160214 6.12296
v 0.736123 0.142027 6.11624
v 0.727444 0.103356 6.0903
v 1.10657 1.04357 6.06131
v 1.12233 1.05164 6.06902
v 1.13475 1.07419 6.07485
v 1.10657 1.04357 6.06131
v 1.0951 1.03448 6.05544
v 1.10657 1.04357 6.06131
v 1.10181 1.0555 6.05855
v 0.368937 -0.618103 5.05552
v 0.374507 -0.605831 5.06082
v 0.382386 -0.593078 5.06746
v 0.389189 -0.583942 5.07282
v 0.398279 -0.573249 5.07968
v 0.410638 -0.561848 5.08854
v 0.412636 -0.560036 5.08998
v 0.426686 -0.548814 5.10074
v 0.441953 -0.536936 5.11351
v 0.450017 -0.530306 5.12106
v 0.457798 -0.523624 5.12874
v 0.466819 -0.514805 5.13896
v 0.475078 -0.504735 5.15045
v 0.480996 -0.496703 5.15954
v 0.486596 -0.488058 5.16927
v 0.494871 -0.471911 5.18737
v 0.498175 -0.464654 5.19554
v 0.502399 -0.4545 5.20699
v 0.50487 -0.44793 5.21452
v 0.509595 -0.433766 5.23087
v 0.510819 -0.429834 5.23609
v 0.517097 -0.409151 5.26523
v 0.521379 -0.395972 5.2832
v 0.524339 -0.387397 5.29693
v 0.531363 -0.371852 5.31339
v 0.932225 0.248746 5.85006
v 0.942919 0.265691 5.8315
v 0.952185 0.278257 5.82228
v 0.965232 0.294628 5.81247
v 0.969884 0.300432 5.80959
v 0.975062 0.306807 5.80706
v 0.987247 0.321498 5.80174
v 0.997011 0.333147 5.7978
v 1.0043 0.34201 5.79481
v 1.01132 0.35037 5.79194
v 1.02431 0.365735 5.7865
v 1.03776 0.387543 5.76903
v 0.999161 0.177723 6.98868
v 0.993799 0.193091 6.98406
v 0.990306 0.203037 6.98109
v 0.986376 0.214011 6.97786
v 0.9851 0.217548 6.97682
v 0.982289 0.225286 6.97457
v 0.978116 0.236673 6.97129
v 0.97256 0.251665 6.967
v 0.970882 0.256165 6.96571
v 0.967226 0.265921 6.96294
v 0.965631 0.270144 6.96175
v 0.9605 0.283693 6.95792
v 0.954997 0.29807 6.95387
v 0.946636 0.3197 6.94781
v 0.940905 0.334421 6.94369
v 0.938416 0.340741 6.9419
v 0.932401 0.356228 6.93797
v 0.924029 0.378327 6.93439
v 0.426561 -1.21856 6.2184
v 0.466907 -1.20371 6.23384
v 0.469281 -1.20281 6.23482
v 0.478756 -1.19789 6.24082
v 0.502558 -1.18522 6.24338
v 0.516614 -1.1726 6.24345
v 0.534153 -1.16273 6.23973
v 0.557317 -1.14876 6.23403
v 0.477043 1.4258 6.32242
v 0.470887 1.41949 6.3227
v 0.464047 1.40793 6.32403
v 0.463459 1.37795 6.33046
v 0.462931 1.35625 6.3352
v 0.463574 1.34001 6.33844
v 0.464243 1.32235 6.34227
v 0.463697 1.29472 6.35096
v 0.463228 1.28579 6.35496
v 0.461863 1.26748 6.36305
v 0.461071 1.25316 6.36782
v 0.461391 1.24652 6.37033
v 0.461235 1.23481 6.37414
v 0.460019 1.21248 6.37889
v 0.459283 1.20194 6.37987
v 0.455854 1.1844 6.38329
v 0.444458 1.16601 6.38747
v 0.419675 1.1361 6.39503
v 0.620864 0.559683 6.50853
v 0.629809 0.574343 6.51533
v 0.638035 0.588584 6.52238
v 0.647519 0.60655 6.53091
v 0.655998 0.624371 6.53904
v 0.662111 0.637593 6.545
v 0.674821 0.665719 6.55771
v 0.679575 0.681152 6.56278
v 0.682251 0.690634 6.56609
v 0.685839 0.708977 6.57259
v 0.687794 0.719363 6.5763
v 0.691157 0.738448 6.58318
v 0.696087 0.765411 6.59272
v 0.710228 0.801274 6.59946
v 0.620864 0.559683 6.50853
v 0.602727 0.569087 6.49442
v 0.591148 0.587231 6.48642
v 0.581975 0.602636 6.47757
v 0.620864 0.559683 6.50853
v 0.617109 0.532889 6.50595
v 0.61964 0.507138 6.50877
v 0.620959 0.483477 6.51166
v 0.621708 0.472607 6.5131
v 0.623665 0.441636 6.51743
v 0.626715 0.390386 6.52192
v 0.352756 0.363282 6.14352
v 0.355172 0.319366 6.16981
v 0.361619 0.304945 6.17364
v 0.369892 0.28259 6.18138
v 0.376733 0.264015 6.18898
v 0.385523 0.241483 6.19827
v 0.391553 0.227143 6.2045
v 0.394938 0.217042 6.21019
v 0.400957 0.201083 6.21891
v 0.408096 0.180404 6.23089
v 0.414036 0.160704 6.24319
v 0.419976 0.13826 6.25779
v 0.422233 0.12618 6.26701
v 0.42413 0.114584 6.27655
v 0.425236 0.102397 6.28622
v 0.417841 0.0820852 6.31806
v 0.352756 0.363282 6.14352
v 0.324051 0.36843 6.16373
v 0.310789 0.383546 6.16366
v 0.305326 0.392559 6.16109
v 0.295037 0.410802 6.15502
v 0.287288 0.425457 6.14946
v 0.283293 0.434703 6.14488
v 0.281646 0.438573 6.14275
v 0.273248 0.459147 6.13112
v 0.257257 0.491274 6.11039
v 0.252159 0.501339 6.10389
v 0.239699 0.526327 6.08761
v 0.232078 0.542509 6.0775
v 0.225913 0.557494 6.06871
v 0.221021 0.571734 6.06073
v 0.216222 0.588945 6.05147
v 0.212063 0.607098 6.04276
v 0.207376 0.63099 6.03109
v 0.207351 0.641111 6.02696
v 0.205732 0.65736 6.02127
v 0.205922 0.686768 6.01168
v 0.546874 -0.778208 6.30927
v 0.549966 -0.804151 6.30492
v 0.551258 -0.822439 6.29977
v 0.552394 -0.839167 6.29388
v 0.553995 -0.854301 6.2894
v 0.555201 -0.865252 6.2857
v 0.557219 -0.892496 6.27362
v 0.557225 -0.902452 6.2644
v 0.557193 -0.919302 6.24891
v 0.557138 -0.955427 6.23065
v 0.546874 -0.778208 6.30927
v 0.550805 -0.753691 6.31912
v 0.546874 -0.778208 6.30927
v 0.536398 -0.759558 6.30415
v 0.532832 -0.747342 6.30377
v 0.924029 0.378327 6.93439
v 0.932591 0.373638 6.96218
v 0.936835 0.370648 6.97612
v 0.941522 0.366298 6.99085
v 0.945166 0.362058 7.00241
v 0.950107 0.355553 7.01834
v 0.954777 0.347988 7.03369
v 0.959549 0.339564 7.04967
v 0.964239 0.330367 7.06541
v 0.966658 0.323614 7.07313
v 0.96792 0.320166 7.07722
v 0.971089 0.311801 7.08758
v 0.974319 0.302693 7.09821
v 0.979363 0.287646 7.11496
v 0.985037 0.270412 7.13402
v 0.988521 0.259896 7.14579
v 0.993808 0.244272 7.16378
v 0.997443 0.234005 7.17634
v 1.0032 0.220879 7.198
v 0.924029 0.378327 6.93439
v 0.915324 0.385416 6.91137
v 0.91108 0.388637 6.90082
v 0.90516 0.392775 6.88649
v 0.900496 0.395496 6.87512
v 0.887018 0.400225 6.8423
v 0.875019 0.403721 6.81316
v 0.870069 0.405035 6.8011
v 0.864767 0.406339 6.78808
v 0.863092 0.406696 6.78395
v 0.855627 0.407942 6.76566
v 0.847709 0.40853 6.74634
v 0.839771 0.408169 6.72706
v 0.836176 0.407479 6.71841
v 0.831404 0.406185 6.70691
v 0.828177 0.404929 6.69913
v 0.819169 0.40034 6.67783
v 0.81329 0.395654 6.66467
v 0.807445 0.390589 6.65181
v 0.80025 0.382849 6.6351
v 0.791919 0.37177 6.61349
v 0.787402 0.364298 6.60006
v 0.782515 0.353233 6.58155
v 0.779292 0.344141 6.56694
v 0.779094 0.343316 6.56567
v 0.776301 0.328414 6.54278
v 0.775048 0.312836 6.519
v 0.785942 0.311958 6.49463
v 0.549346 0.242481 6.4813
v 0.544974 0.210623 6.47615
v 0.543733 0.191877 6.47312
v 0.543928 0.176853 6.47104
v 0.543552 0.159266 6.46826
v 0.543378 0.145299 6.46615
v 0.543012 0.118615 6.46227
v 0.542277 0.0878092 6.45813
v 0.541803 0.0713436 6.4561
v 0.541435 0.0596644 6.45473
v 0.540807 0.0405382 6.45254
v 0.540174 0.0226146 6.45074
v 0.539186 -0.0039849 6.44838
v 0.539014 -0.027977 6.44989
v 0.539007 -0.0522312 6.45363
v 0.539023 -0.0673539 6.45781
v 0.539037 -0.0766292 6.46118
v 0.538748 -0.0946096 6.47932
v 0.549346 0.242481 6.4813
v 0.531617 0.268798 6.47707
v 0.52528 0.281233 6.47569
v 0.519178 0.294218 6.47436
v 0.51193 0.310244 6.47299
v 0.510885 0.318536 6.47141
v 0.507636 0.325573 6.47228
v 0.499001 0.345999 6.4755
v 0.491007 0.365631 6.47826
v 0.484214 0.389208 6.48
v 0.479566 0.404878 6.48126
v 0.473742 0.423385 6.48291
v 0.466341 0.453603 6.48553
v 0.549346 0.242481 6.4813
v 0.568448 0.270533 6.49087
v 0.577467 0.281809 6.49468
v 0.589871 0.298208 6.49961
v 0.596237 0.306206 6.5019
v 0.60669 0.319966 6.50557
v 0.626478 0.332341 6.50519
v 0.247683 0.0605643 6.18359
v 0.21928 0.0727655 6.16081
v 0.212619 0.0742438 6.15513
v 0.196475 0.0813242 6.14298
v 0.172092 0.0933348 6.12553
v 0.150345 0.104421 6.11032
v 0.139556 0.109868 6.10282
v 0.247683 0.0605643 6.18359
v 0.247815 0.083419 6.19343
v 0.247389 0.0890632 6.1954
v 0.243884 0.114022 6.20212
v 0.237849 0.142815 6.20864
v 0.232552 0.16371 6.21146
v 0.229771 0.175688 6.2121
v 0.2253 0.193716 6.21438
v 0.223436 0.20539 6.21355
v 0.215362 0.236769 6.21484
v 0.209091 0.258319 6.21556
v 0.206002 0.270372 6.21492
v 0.199136 0.28359 6.20912
v 0.247683 0.0605643 6.18359
v 0.265215 0.0384299 6.19145
v 0.273488 0.023464 6.19331
v 0.289776 -0.00745898 6.19707
v 0.29688 -0.0224649 6.19722
v 0.305373 -0.0404786 6.19723
v 0.318161 -0.0675926 6.19658
v 0.332486 -0.0986095 6.19554
v 0.342787 -0.119874 6.19447
v 0.354442 -0.140265 6.19012
v 0.37591 -0.149524 6.18017
v 0.419675 1.1361 6.39503
v 0.400157 1.14904 6.39829
v 0.419675 1.1361 6.39503
v 0.408402 1.10294 6.4004
v 0.405143 1.08763 6.40333
v 0.403112 1.06887 6.40544
v -0.0402141 0.713258 5.68614
v -0.0413461 0.717956 5.65726
v -0.0429335 0.721382 5.63889
v -0.0431694 0.721853 5.63682
v -0.0402141 0.713258 5.68614
v -0.0482877 0.729148 5.68231
v -0.0569926 0.742265 5.67759
v -0.0694454 0.758115 5.67048
v -0.0833993 0.77349 5.6616
v -0.0949774 0.785146 5.65298
v -0.10509 0.795166 5.6451
v -0.112804 0.802705 5.63889
v -0.0402141 0.713258 5.68614
v -0.0346534 0.69899 5.69506
v -0.0305875 0.686563 5.70321
v -0.0278174 0.677143 5.70965
v -0.0256831 0.668981 5.71516
v -0.0234677 0.660119 5.72124
v -0.0184376 0.638596 5.73637
v -0.0152206 0.625151 5.74623
v -0.0133518 0.617951 5.75166
v -0.0109785 0.609474 5.75821
v -0.00582966 0.593236 5.77136
v -0.00154532 0.580919 5.78217
v 0.00294514 0.568494 5.79405
v 0.00697 0.557376 5.8053
v 0.0126892 0.539638 5.82465
v 0.0150361 0.530996 5.83434
v 0.0175832 0.519756 5.8472
v 0.0182258 0.511029 5.85656
v 0.0171778 0.492412 5.87656
v 0.205922 0.686768 6.01168
v 0.221157 0.713401 6.00623
v 0.224649 0.728245 6.00245
v 0.229343 0.751894 5.99613
v 0.231093 0.761523 5.99339
v 0.233311 0.776411 5.98859
v 0.235132 0.790876 5.98346
v 0.237129 0.808818 5.97664
v 0.237476 0.812208 5.97535
v 0.238265 0.819387 5.97246
v 0.239475 0.831052 5.96765
v 0.240745 0.842632 5.96287
v 0.242983 0.863207 5.95443
v 0.24545 0.88383 5.94635
v 0.247399 0.89835 5.94094
v 0.24999 0.916677 5.93422
v 0.252991 0.936022 5.92731
v 0.254445 0.947707 5.92316
v 0.255249 0.957549 5.91961
v 0.256566 0.981855 5.91072
v 0.254613 1.00276 5.90259
v 0.249126 1.02144 5.89469
v 0.241499 1.04342 5.88455
v 0.233808 1.06326 5.87407
v 0.228017 1.07892 5.86532
v 0.224546 1.08939 5.85941
v 0.216798 1.1145 5.84477
v 0.213786 1.14736 5.82703
v 0.208615 1.1672 5.82317
v 0.206933 1.18594 5.8178
v 0.208603 1.21693 5.80857
v 0.209503 1.23372 5.80541
v 0.209565 1.23428 5.80528
v 0.205922 0.686768 6.01168
v 0.175317 0.684617 6.00682
v 0.171685 0.687775 6.00517
v 0.163519 0.695305 6.00129
v 0.156025 0.702896 5.9974
v 0.139308 0.720871 5.98798
v 0.130563 0.730791 5.98245
v 0.121752 0.74088 5.97631
v 0.118235 0.744889 5.97371
v 0.739226 1.102 6.79872
v 0.735569 1.09369 6.78499
v 0.730416 1.08383 6.76913
v 0.72445 1.07379 6.75368
v 0.719957 1.06647 6.74285
v 0.716452 1.06133 6.73539
v 0.709779 1.05066 6.72128
v 0.707227 1.03217 6.70741
v 0.706679 1.02223 6.70061
v 0.707424 1.00155 6.68628
v 0.708513 0.992194 6.67973
v 0.711368 0.978468 6.66958
v 0.714643 0.966205 6.65995
v 0.71652 0.96142 6.65588
v 0.720646 0.951504 6.64682
v 0.726425 0.941593 6.63772
v 0.74615 0.933792 6.6254
v 0.153905 0.176504 6.07372
v 0.154995 0.175846 6.07404
v 0.164464 0.169621 6.07684
v 0.179212 0.158556 6.0811
v 0.193752 0.145746 6.08554
v 0.204398 0.135747 6.08902
v 0.207436 0.132757 6.09007
v 0.222316 0.118028 6.09528
v 0.238711 0.101747 6.10153
v 0.244102 0.096584 6.1036
v 0.25215 0.0891363 6.10676
v 0.266439 0.0766335 6.11212
v 0.278392 0.0666097 6.11656
v 0.29304 0.0547792 6.12171
v 0.307978 0.0427971 6.1267
v 0.318512 0.0342191 6.13008
v 0.324349 0.0293362 6.13187
v 0.332473 0.0225073 6.1343
v 0.350646 0.0066488 6.13952
v 0.360767 -0.00241961 6.14212
v 0.379264 -0.0176511 6.14633
v 0.408503 -0.0403373 6.15368
v 0.417841 0.0820852 6.31806
v 0.426573 0.10118 6.33282
v 0.437227 0.117939 6.33613
v 0.445776 0.132158 6.33667
v 0.456737 0.151063 6.33634
v 0.465458 0.166558 6.33538
v 0.417841 0.0820852 6.31806
v 0.393152 0.0882033 6.34158
v 0.374809 0.10703 6.34804
v 0.363792 0.122748 6.35012
v 0.352211 0.143326 6.35124
v 0.34239 0.16268 6.35181
v 0.335893 0.175899 6.35221
v 0.326774 0.199881 6.3511
v 0.317643 0.219348 6.35325
v 0.304734 0.235492 6.35976
v 0.417841 0.0820852 6.31806
v 0.421757 0.0462682 6.331
v 0.423702 0.0255045 6.33947
v 0.428448 0.00613796 6.3436
v 0.431204 -0.00443623 6.34564
v 0.437254 -0.028015 6.35025
v 0.442674 -0.049573 6.35426
v 0.447208 -0.0703021 6.35627
v 0.456951 -0.11138 6.3586
v 0.463939 -0.133553 6.36157
v 0.468981 -0.157482 6.36395
v 0.471671 -0.17349 6.36471
v 0.475681 -0.188187 6.36149
v 0.480035 -0.203504 6.35862
v 0.483096 -0.215044 6.3563
v 0.488822 -0.237487 6.35144
v 0.496187 -0.261563 6.35088
v 0.506515 -0.280587 6.35866
v 0.508221 -0.283903 6.35987
v 0.529863 -0.310655 6.3831
v 0.476636 0.600938 6.50222
v 0.478159 0.579363 6.49253
v 0.478002 0.562215 6.48949
v 0.477221 0.527452 6.48608
v 0.472347 0.491728 6.48557
v 0.466341 0.453603 6.48553
v 0.476636 0.600938 6.50222
v 0.481869 0.617843 6.48747
v 0.486758 0.644781 6.47993
v 0.476636 0.600938 6.50222
v 0.473843 0.609039 6.51785
v 0.470952 0.617316 6.53178
v 0.465667 0.633544 6.54912
v 0.46123 0.646588 6.56218
v 0.457968 0.655211 6.57018
v 0.454366 0.663436 6.57808
v 0.449829 0.674194 6.58884
v 0.446807 0.681475 6.59665
v 0.444938 0.685732 6.60147
v 0.466341 0.453603 6.48553
v 0.442578 0.464403 6.49191
v 0.423362 0.480492 6.49911
v 0.41486 0.48879 6.50259
v 0.404166 0.501067 6.50739
v 0.392872 0.515041 6.51331
v 0.377823 0.533358 6.52196
v 0.368031 0.544694 6.52816
v 0.357525 0.555895 6.53533
v 0.349616 0.563618 6.54106
v 0.332701 0.578513 6.55383
v 0.319315 0.589217 6.56414
v 0.310994 0.595314 6.57076
v 0.296257 0.605313 6.58268
v 0.285474 0.612417 6.59143
v 0.274232 0.620143 6.60073
v 0.27204 0.621714 6.60262
v 0.260829 0.629695 6.61217
v 0.252344 0.637076 6.62038
v 0.24329 0.645671 6.62953
v 0.233921 0.655598 6.63945
v 0.226886 0.663261 6.64681
v 0.22085 0.669918 6.65307
v 0.212622 0.679141 6.66102
v 0.203738 0.689146 6.66906
v 0.192762 0.701383 6.6781
v 0.183223 0.711723 6.6849
v 0.167148 0.72832 6.69438
v 0.15071 0.744228 6.70312
v 0.140907 0.752933 6.7081
v 0.135195 0.757794 6.71103
v 0.125635 0.765595 6.71607
v 0.115077 0.773969 6.72175
v 0.101937 0.784128 6.729
v 0.0900821 0.792965 6.73574
v 0.0804322 0.800065 6.74123
v 0.0684698 0.808684 6.74794
v 0.0558632 0.817645 6.75485
v 0.0437218 0.827999 6.76344
v 1.0032 0.220879 7.198
v 1.01003 0.210854 7.22703
v 1.01312 0.202602 7.24031
v 1.01461 0.198622 7.24652
v 1.01759 0.191058 7.25842
v 1.01892 0.188252 7.26316
v 1.0032 0.220879 7.198
v 1.0035 0.203187 7.19663
v 1.00437 0.198552 7.19942
v 1.00778 0.181768 7.21028
v 0.436054 1.36106 6.46851
v 0.435036 1.35751 6.4683
v 0.431683 1.34584 6.46765
v 0.430845 1.3429 6.46742
v 0.427769 1.33209 6.46651
v 0.42393 1.31821 6.46497
v 0.42179 1.31026 6.464
v 0.416684 1.28987 6.46112
v 0.412184 1.26773 6.45737
v 0.40993 1.25266 6.45425
v 0.407962 1.23696 6.45053
v 0.407047 1.22783 6.44804
v 0.40613 1.20918 6.44086
v 0.405517 1.1917 6.4321
v 0.404661 1.18206 6.42629
v 0.402877 1.16465 6.41569
v 0.400157 1.14904 6.39829
v 0.701653 0.628817 6.85947
v 0.694489 0.621991 6.83583
v 0.695791 0.616718 6.82558
v 0.696263 0.612577 6.81733
v 0.698543 0.602111 6.79962
v 0.700028 0.593898 6.78645
v 0.701231 0.58696 6.77651
v 0.703107 0.574905 6.76031
v 0.704304 0.56492 6.74859
v 0.704997 0.55605 6.73829
v 0.704525 0.543265 6.72394
v 0.698207 0.528675 6.70503
v 0.680456 0.510125 6.67771
v 0.67368 0.486431 6.66141
v 0.667298 0.46805 6.64682
v 0.661748 0.453383 6.63268
v 0.655172 0.436846 6.61397
v 0.650612 0.425459 6.59993
v 0.645534 0.412592 6.58221
v 0.641701 0.402716 6.57044
v 0.637074 0.3894 6.55111
v 0.626715 0.390386 6.52192
v 0.701653 0.628817 6.85947
v 0.68355 0.637724 6.86619
v 0.677012 0.642563 6.87575
v 0.673132 0.645226 6.88228
v 0.666193 0.650354 6.89614
v 0.660094 0.655686 6.91104
v 0.653393 0.662199 6.93163
v 0.649502 0.666277 6.9443
v 0.645355 0.670701 6.95725
v 0.637269 0.679502 6.98037
v 0.630325 0.687151 6.99869
v 0.623457 0.694946 7.01525
v 0.614102 0.705792 7.03686
v 0.60626 0.71491 7.05475
v 0.59984 0.722239 7.06932
v 0.594051 0.728691 7.08245
v 0.588654 0.734625 7.09494
v 0.585191 0.73857 7.10325
v 0.57624 0.750412 7.12781
v 0.573378 0.755191 7.13733
v 0.570864 0.760362 7.14824
v 0.567719 0.766125 7.16697
v 0.5638 0.773443 7.19022
v 0.701653 0.628817 6.85947
v 0.715605 0.632298 6.88534
v 0.723894 0.633646 6.89968
v 0.732384 0.635316 6.91528
v 0.740689 0.636908 6.93081
v 0.746595 0.637861 6.94205
v 0.754155 0.638705 6.95708
v 0.755149 0.638756 6.95918
v 0.761401 0.638825 6.9731
v 0.766653 0.638245 6.98678
v 0.77038 0.637555 6.99769
v 0.77622 0.636001 7.01801
v 0.782384 0.636062 7.04475
v 0.786227 0.63746 7.06142
v 0.789123 0.638414 7.07355
v 0.792489 0.639024 7.08717
v 0.799643 0.636903 7.11237
v 0.809767 0.63071 7.14116
v 0.811459 0.629615 7.1454
v 0.816023 0.626759 7.15587
v 0.328094 1.27806 6.36195
v 0.324578 1.2978 6.37501
v 0.314779 1.3199 6.3806
v 0.309949 1.33045 6.38325
v 0.301082 1.34604 6.38566
v 0.293198 1.35874 6.38712
v 0.285943 1.36925 6.38793
v 0.276926 1.3815 6.38869
v 0.27283 1.38671 6.38893
v 0.265181 1.39503 6.389
v 0.250039 1.40966 6.38841
v 0.237108 1.42121 6.38703
v 0.227949 1.42965 6.38514
v 0.220999 1.43625 6.38347
v 0.214744 1.44289 6.38138
v 0.209449 1.44861 6.37954
v 0.202228 1.45766 6.37639
v 0.196676 1.46495 6.37385
v 0.189406 1.47568 6.3701
v 0.184344 1.48414 6.36718
v 0.328094 1.27806 6.36195
v 0.319618 1.28612 6.34863
v 0.311084 1.29776 6.3404
v 0.304406 1.30716 6.33466
v 0.295221 1.31996 6.32738
v 0.285969 1.33232 6.3204
v 0.275993 1.34538 6.31317
v 0.328094 1.27806 6.36195
v 0.332846 1.2664 6.36432
v 0.33778 1.25116 6.36412
v 0.340952 1.24069 6.36451
v 0.346118 1.22431 6.36644
v 0.352833 1.20388 6.36918
v 0.358281 1.18992 6.37194
v 0.364223 1.17711 6.37555
v 0.374825 1.15818 6.38233
v 0.400157 1.14904 6.39829
v 0.430208 0.797051 6.47027
v 0.422886 0.812664 6.49129
v 0.430208 0.797051 6.47027
v 0.429055 0.810998 6.44618
v 0.427065 0.828014 6.43161
v 0.425515 0.844155 6.41715
v 0.422765 0.855247 6.41355
v 0.416944 0.881737 6.40691
v 0.407917 0.917682 6.40057
v 0.403199 0.939156 6.39837
v 0.402819 0.953786 6.39907
v 0.40347 0.965858 6.40005
v 0.402561 0.982319 6.4015
v 0.4016 1.00072 6.40176
v 0.402111 1.01397 6.40276
v 0.402278 1.0206 6.40322
v 0.402502 1.03704 6.40421
v 0.402259 1.05161 6.40547
v 0.403112 1.06887 6.40544
v 0.430208 0.797051 6.47027
v 0.436234 0.778202 6.47127
v 0.44166 0.764498 6.47107
v 0.443948 0.75894 6.47055
v 0.450521 0.744406 6.46946
v 0.458378 0.726673 6.46974
v 0.46525 0.712238 6.4692
v 0.470266 0.69988 6.47025
v 0.474028 0.690608 6.47094
v 0.478635 0.679818 6.47236
v 0.486758 0.644781 6.47993
v 0.102336 0.804409 6.05453
v 0.103106 0.79781 6.06591
v 0.103255 0.796488 6.06849
v 0.101736 0.791056 6.08927
v 0.422886 0.812664 6.49129
v 0.408517 0.827237 6.487
v 0.394273 0.846185 6.4885
v 0.385464 0.857149 6.48802
v 0.369177 0.879266 6.48759
v 0.361871 0.895365 6.48928
v 0.422886 0.812664 6.49129
v 0.422853 0.823486 6.51276
v 0.425408 0.833845 6.53623
v 0.426472 0.850238 6.55397
v 0.423096 0.873752 6.56659
v 0.420595 0.88287 6.57028
v 0.416986 0.893831 6.57365
v 0.411656 0.905268 6.5768
v 0.402849 0.92079 6.58114
v 0.391343 0.941178 6.58695
v 0.375607 0.965644 6.59532
v 0.355639 0.991166 6.60608
v 0.343707 1.0057 6.61268
v 0.329946 1.0223 6.61984
v 0.318357 1.03444 6.62623
v 0.309741 1.04365 6.63085
v 0.295716 1.05859 6.63798
v 0.273862 1.08963 6.64988
v 0.268408 1.11021 6.65405
v 0.265355 1.12296 6.65746
v 0.260541 1.14243 6.66439
v 0.253925 1.15556 6.6681
v 0.245895 1.16649 6.67032
v 0.101736 0.791056 6.08927
v 0.0915181 0.804753 6.10617
v 0.0847541 0.817992 6.1066
v 0.0842394 0.833141 6.1208
v 0.101736 0.791056 6.08927
v 0.111734 0.755015 6.11792
v 0.115874 0.740669 6.12454
v 0.1189 0.728645 6.13067
v 0.121824 0.716465 6.13749
v 0.124907 0.703569 6.14486
v 0.129001 0.686283 6.15512
v 0.133005 0.670386 6.16446
v 0.139213 0.651132 6.17486
v 0.145758 0.62741 6.18605
v 0.837417 -0.0112755 7.51297
v 0.837575 -0.0114854 7.51016
v 0.838722 -0.0127292 7.48928
v 0.840233 -0.0131866 7.46437
v 0.84146 -0.0125047 7.4469
v 0.842816 -0.0110297 7.43101
v 0.84527 -0.00797708 7.40916
v 0.852095 -0.00228866 7.38035
v 0.863208 0.0048035 7.34565
v 0.0461892 -0.101929 6.37641
v 0.0318307 -0.0843232 6.36626
v 0.0182847 -0.0700952 6.35687
v -0.000356103 -0.0552695 6.34513
v -0.02015 -0.0398764 6.33321
v -0.0329111 -0.0330564 6.32737
v -0.0480032 -0.0248772 6.3213
v 0.0461892 -0.101929 6.37641
v 0.0468858 -0.0845658 6.4197
v 0.0377777 -0.0645441 6.44267
v 0.026711 -0.0472569 6.45962
v 0.0180637 -0.0357559 6.46948
v 0.0100793 -0.0258037 6.4776
v 0.00265811 -0.017151 6.4837
v -0.0096762 -0.00291938 6.49336
v -0.0195407 0.00826131 6.5002
v -0.0290869 0.0191327 6.50643
v -0.0384774 0.030013 6.51223
v -0.0504374 0.0441635 6.51881
v -0.0578989 0.0526962 6.52225
v -0.0684635 0.0641383 6.52693
v -0.0791308 0.0780726 6.53319
v -0.117912 0.100139 6.53378
v 0.0461892 -0.101929 6.37641
v 0.0592556 -0.125765 6.37638
v 0.0672553 -0.141111 6.37522
v 0.0724691 -0.155053 6.36768
v 0.0759257 -0.166487 6.36003
v 0.0794028 -0.181959 6.34735
v 0.5638 0.773443 7.19022
v 0.55906 0.790318 7.20036
v 0.5638 0.773443 7.19022
v 0.564839 0.757287 7.21886
v 0.564695 0.75447 7.22644
v -0.0480032 -0.0248772 6.3213
v -0.0647201 -0.0157317 6.33038
v -0.0808789 -0.00835024 6.33727
v -0.09775 -0.00238446 6.34239
v -0.107621 0.000804709 6.34483
v -0.118229 0.00397367 6.34683
v -0.128468 0.00693542 6.34844
v -0.138845 0.0098834 6.34985
v -0.141756 0.0107039 6.3502
v -0.0480032 -0.0248772 6.3213
v -0.0533866 -0.0231881 6.31119
v -0.0668653 -0.0193198 6.29618
v -0.0848743 -0.0179287 6.28059
v -0.208094 0.81664 6.23109
v -0.223297 0.821888 6.22055
v -0.230732 0.825588 6.21578
v -0.238075 0.828569 6.2113
v -0.249765 0.833245 6.20428
v -0.259265 0.836996 6.19862
v -0.266146 0.839665 6.1945
v -0.275431 0.843212 6.18893
v -0.28599 0.846832 6.18247
v -0.298616 0.849713 6.17452
v -0.208094 0.81664 6.23109
v -0.206985 0.839663 6.2352
v -0.207194 0.855598 6.23879
v -0.210357 0.879973 6.24384
v -0.214881 0.898564 6.24896
v -0.219616 0.916582 6.25413
v -0.221496 0.923003 6.25612
v -0.224714 0.933821 6.25952
v -0.228052 0.944864 6.26298
v -0.231294 0.955485 6.2663
v -0.208094 0.81664 6.23109
v -0.204839 0.796697 6.23312
v -0.203315 0.788459 6.23461
v -0.201548 0.767088 6.23821
v -0.201537 0.7517 6.24068
v -0.205992 0.726401 6.24482
v -0.123579 0.349683 6.32661
v -0.115728 0.353557 6.32899
v -0.106867 0.357325 6.33155
v -0.100438 0.360143 6.33328
v -0.082108 0.368354 6.33788
v -0.0756521 0.371248 6.33943
v -0.0604768 0.377995 6.34261
v -0.0484425 0.383147 6.34465
v -0.0354599 0.388457 6.34644
v -0.0291429 0.39098 6.34723
v -0.0171185 0.395441 6.34831
v -0.0087847 0.398221 6.34873
v -0.00121033 0.400484 6.34886
v 0.0223842 0.406912 6.34878
v 0.0399308 0.410667 6.34824
v 0.0492419 0.412213 6.34787
v 0.0675016 0.414916 6.34712
v 0.0865662 0.417047 6.34648
v 0.105588 0.418689 6.34604
v 0.120238 0.419513 6.34589
v 0.128875 0.419718 6.3459
v 0.137867 0.419687 6.34591
v 0.149045 0.419364 6.34583
v 0.16705 0.418086 6.34537
v 0.186372 0.415848 6.34389
v 0.202182 0.413434 6.34177
v 0.213399 0.410689 6.33743
v 0.234524 0.411969 6.32824
v 0.15836 0.0413506 6.8742
v 0.174306 0.025739 6.85612
v 0.191839 0.00695247 6.83411
v 0.206793 -0.00804363 6.8162
v 0.228791 -0.0278583 6.79205
v 0.240144 -0.0377792 6.7804
v 0.251607 -0.0480947 6.76611
v 0.259485 -0.0559053 6.7549
v 0.267935 -0.0667561 6.74109
v 0.275676 -0.075965 6.72895
v 0.280221 -0.0854526 6.71898
v 0.28589 -0.0987681 6.7058
v 0.288775 -0.112112 6.69524
v 0.291135 -0.124651 6.68576
v 0.291595 -0.136896 6.67863
v 0.286335 -0.160911 6.67067
v 0.15836 0.0413506 6.8742
v 0.136289 0.0579618 6.89092
v 0.123258 0.0652645 6.89681
v 0.106022 0.0758437 6.90595
v 0.0887635 0.0870051 6.91547
v 0.075337 0.0959867 6.92295
v 0.0622082 0.105628 6.93023
v 0.0436654 0.119498 6.9405
v 0.0285551 0.131671 6.94881
v 0.0190175 0.139626 6.95387
v 0.0105931 0.146763 6.95828
v -0.00408238 0.159515 6.96566
v -0.0135117 0.16783 6.97023
v -0.0248008 0.177878 6.97525
v 0.15836 0.0413506 6.8742
v 0.167353 0.0517151 6.89932
v 0.174838 0.0531462 6.90785
v 0.179305 0.0552038 6.91627
v 0.184713 0.0576843 6.92835
v 0.189289 0.0598205 6.93953
v 0.190134 0.0601825 6.94195
v 0.193259 0.0614826 6.95129
v -0.599642 -0.123742 5.80534
v -0.592655 -0.118508 5.81326
v -0.583794 -0.111929 5.82328
v -0.575234 -0.105744 5.83286
v -0.567572 -0.100512 5.84128
v -0.560163 -0.0955386 5.84938
v -0.549486 -0.0889017 5.86084
v -0.532231 -0.0789587 5.8791
v -0.522494 -0.0739146 5.8893
v -0.519425 -0.0724404 5.8925
v -0.513059 -0.0694579 5.89913
v -0.503658 -0.0664721 5.90879
v -0.499884 -0.0654652 5.91266
v -0.488642 -0.0633519 5.92413
v -0.473137 -0.0612626 5.94028
v -0.463714 -0.0641631 5.94925
v -0.452266 -0.0669816 5.96111
v -0.43824 -0.0706034 5.97616
v -0.42689 -0.0732701 5.98908
v -0.408193 -0.0768564 6.01109
v -0.401791 -0.0777695 6.01876
v -0.395166 -0.0786094 6.02673
v -0.383721 -0.0794374 6.04065
v -0.370928 -0.0795218 6.05647
v -0.364061 -0.0794923 6.06559
v -0.351503 -0.0805041 6.08478
v -0.243041 1.08788 6.6048
v -0.231847 1.06931 6.60609
v -0.222388 1.04776 6.60537
v -0.21752 1.03455 6.60465
v -0.211488 1.01088 6.60212
v -0.209013 1.00071 6.59995
v -0.205228 0.984806 6.59436
v -0.203111 0.970669 6.58827
v -0.202502 0.965669 6.58601
v -0.201906 0.956355 6.58111
v -0.201649 0.951843 6.57863
v -0.195848 0.909295 6.5568
v -0.347288 1.00131 6.50641
v -0.330172 0.988225 6.5083
v -0.317672 0.979655 6.5105
v -0.302119 0.969583 6.51387
v -0.288474 0.961307 6.51756
v -0.282939 0.958178 6.51941
v -0.269185 0.950647 6.52438
v -0.261123 0.94655 6.52779
v -0.240554 0.937005 6.53789
v -0.228066 0.93146 6.54443
v -0.218807 0.926232 6.5487
v -0.195848 0.909295 6.5568
v 0.142054 0.422214 7.31819
v 0.143829 0.425292 7.30838
v 0.145891 0.4287 7.29738
v 0.149826 0.432875 7.28066
v -0.515364 0.336824 6.71333
v -0.506985 0.334962 6.71119
v -0.483454 0.329236 6.70507
v -0.469727 0.32544 6.70139
v -0.460715 0.322655 6.69886
v -0.453671 0.320259 6.69679
v -0.438435 0.314299 6.69194
v -0.431463 0.311179 6.68951
v -0.416153 0.301976 6.68286
v -0.409399 0.297673 6.67978
v -0.388632 0.283142 6.66945
v -0.372518 0.272819 6.66185
v -0.350427 0.26282 6.65477
v -0.337703 0.257657 6.65116
v -0.32474 0.252431 6.6474
v -0.311344 0.246904 6.64325
v -0.302601 0.243055 6.64015
v -0.292588 0.238484 6.63631
v -0.282092 0.233492 6.63195
v -0.26814 0.22645 6.62561
v -0.251545 0.217441 6.61758
v -0.241425 0.211711 6.61274
v -0.229527 0.204656 6.60708
v -0.215694 0.196007 6.60052
v -0.205105 0.188888 6.59543
v -0.194368 0.181259 6.59004
v -0.180792 0.170551 6.58275
v -0.164028 0.156268 6.57333
v -0.151494 0.144993 6.56616
v -0.136984 0.131178 6.55752
v -0.117912 0.100139 6.53378
v -0.213298 0.0279671 6.54351
v -0.20136 0.0368685 6.53859
v -0.190015 0.0453737 6.53427
v -0.178216 0.0542665 6.53032
v -0.152992 0.0733584 6.52389
v -0.141609 0.0819834 6.52214
v -0.117912 0.100139 6.53378
v -0.130122 0.178155 6.6584
v -0.1264 0.175116 6.65176
v -0.117523 0.167451 6.63579
v -0.114168 0.164387 6.62969
v -0.108384 0.158449 6.61885
v -0.102257 0.150807 6.60657
v -0.0984576 0.144614 6.59778
v -0.0978492 0.143469 6.59624
v -0.0928236 0.131273 6.58058
v -0.0915418 0.118007 6.56508
v -0.0959131 0.109834 6.55344
v -0.117912 0.100139 6.53378
v -0.195848 0.909295 6.5568
v -0.187354 0.885425 6.54845
v -0.181709 0.871996 6.54434
v -0.17622 0.859315 6.54045
v -0.169912 0.845734 6.53652
v -0.162535 0.831404 6.53271
v -0.148712 0.810823 6.52722
v -0.139177 0.798621 6.52401
v -0.125412 0.782998 6.52024
v -0.103367 0.759527 6.51515
v -0.0847433 0.740648 6.51132
v -0.0733018 0.729464 6.50894
v -0.0620061 0.719123 6.50648
v -0.0474917 0.707091 6.5031
v -0.0338482 0.697423 6.49973
v -0.0197537 0.689121 6.49639
v -0.0122053 0.684966 6.49462
v 0.00439315 0.676699 6.49101
v 0.0242085 0.667693 6.48706
v 0.044014 0.658932 6.48325
v 0.0549574 0.654071 6.48105
v 0.0613926 0.651258 6.47968
v 0.0717135 0.646393 6.47725
v 0.0952678 0.63476 6.47128
v 0.107649 0.626993 6.46837
v 0.119199 0.619673 6.46544
v 0.130856 0.610327 6.46322
v 0.139328 0.603218 6.46171
v 0.157972 0.587806 6.45811
v 0.166782 0.58014 6.45644
v 0.177583 0.569891 6.45433
v 0.194072 0.553304 6.45087
v 0.205178 0.540941 6.44794
v 0.216551 0.527491 6.44436
v 0.225545 0.51627 6.44049
v 0.230276 0.509989 6.43813
v 0.241009 0.495173 6.43154
v 0.25437 0.47442 6.41884
v 0.256081 0.466169 6.40165
v 0.25514 0.462363 6.37937
v -0.409536 0.306202 6.23821
v -0.398457 0.310891 6.24079
v -0.396682 0.311642 6.24118
v -0.385509 0.316357 6.24322
v -0.366473 0.324351 6.24493
v -0.354634 0.329426 6.24422
v -0.332017 0.339681 6.24208
v -0.446273 -0.137049 6.07936
v -0.445033 -0.136463 6.07956
v -0.431588 -0.130054 6.08174
v -0.427783 -0.128175 6.08235
v -0.41554 -0.121954 6.08425
v -0.401519 -0.114407 6.08631
v -0.38563 -0.105291 6.08833
v -0.370467 -0.0957762 6.08959
v -0.351503 -0.0805041 6.08478
v -0.372147 0.349244 6.19514
v -0.370653 0.348796 6.197
v -0.36023 0.345732 6.2099
v -0.351632 0.343416 6.22024
v -0.346512 0.342267 6.22611
v -0.341256 0.340981 6.2324
v -0.332017 0.339681 6.24208
v -0.332017 0.339681 6.24208
v -0.315038 0.344525 6.24663
v -0.295561 0.35063 6.2517
v -0.274192 0.358262 6.25642
v -0.264981 0.361875 6.25815
v -0.258739 0.364548 6.25903
v -0.249442 0.368889 6.25975
v -0.231093 0.377804 6.26031
v -0.205416 0.390394 6.25964
v -0.179833 0.401758 6.25781
v -0.162099 0.408571 6.2561
v -0.152365 0.41196 6.25509
v -0.13655 0.41671 6.25338
v -0.121484 0.420261 6.2518
v -0.0987088 0.424956 6.24951
v -0.0832536 0.42768 6.2481
v -0.0743053 0.429063 6.24737
v -0.0655498 0.430323 6.24675
v -0.054568 0.431731 6.24623
v -0.0384105 0.433602 6.24562
v -0.026263 0.43529 6.2453
v -0.0125554 0.437161 6.24501
v 0.00495083 0.438754 6.24468
v 0.0251318 0.446082 6.24453
v -0.117912 0.100139 6.53378
v -0.112044 0.106067 6.511
v -0.103859 0.115015 6.50311
v -0.092379 0.127171 6.49338
v -0.0774718 0.14061 6.48488
v -0.069458 0.147495 6.48085
v -0.0603878 0.154764 6.47697
v -0.0408176 0.169528 6.46985
v -0.0284871 0.178683 6.46581
v -0.0196262 0.185379 6.46329
v -0.000193502 0.200089 6.45783
v 0.0170838 0.213283 6.45345
v 0.0286175 0.222103 6.45084
v 0.032955 0.225389 6.44999
v 0.0445185 0.234057 6.44788
v 0.0609152 0.245438 6.44545
v 0.0715027 0.251969 6.44405
v 0.0930838 0.262849 6.44111
v 0.120746 0.271871 6.43676
v 0.136611 0.274554 6.4339
v 0.153298 0.275623 6.43054
v 0.157096 0.27562 6.42971
v 0.170692 0.275126 6.42659
v 0.183389 0.273482 6.42316
v 0.201778 0.269996 6.41751
v 0.228046 0.262828 6.40796
v 0.230877 0.261943 6.40684
v 0.244452 0.256731 6.4007
v 0.257805 0.25083 6.3939
v 0.269358 0.245076 6.38718
v 0.276127 0.241306 6.3828
v 0.291171 0.233316 6.37253
v 0.304734 0.235492 6.35976
v 0.388293 0.253842 6.88244
v 0.382324 0.241716 6.88563
v 0.374699 0.228343 6.89136
v 0.286335 -0.160911 6.67067
v 0.268696 -0.150194 6.69205
v 0.254502 -0.142232 6.70907
v 0.243477 -0.136028 6.72206
v 0.22422 -0.127187 6.74237
v 0.212892 -0.125022 6.75087
v 0.191469 -0.12217 6.76622
v 0.166483 -0.120473 6.78306
v 0.150162 -0.121186 6.79317
v 0.142782 -0.121924 6.79761
v 0.125618 -0.12414 6.80783
v 0.109732 -0.127263 6.81709
v 0.0868768 -0.133716 6.83018
v 0.0673696 -0.140622 6.84118
v 0.0556336 -0.145858 6.84756
v 0.0447921 -0.151372 6.85325
v 0.0340112 -0.157483 6.85857
v 0.0227377 -0.164473 6.86368
v 0.0120301 -0.171291 6.86837
v 0.00394054 -0.176567 6.87171
v -0.0101535 -0.186069 6.8769
v -0.0263134 -0.197335 6.88152
v -0.052355 -0.215306 6.88567
v -0.0717396 -0.227905 6.88723
v 0.286335 -0.160911 6.67067
v 0.294719 -0.178747 6.65477
v 0.298041 -0.187318 6.64811
v 0.301874 -0.201713 6.63905
v 0.304979 -0.215842 6.63069
v 0.31102 -0.241063 6.6166
v 0.315651 -0.261455 6.60591
v 0.317695 -0.269824 6.6014
v 0.321106 -0.283459 6.59431
v 0.324862 -0.297432 6.58694
v 0.329294 -0.312456 6.57846
v 0.334396 -0.329069 6.56888
v 0.340498 -0.347323 6.5579
v 0.346961 -0.364048 6.54649
v 0.353737 -0.378652 6.53466
v 0.363576 -0.40015 6.51683
v 0.370587 -0.41436 6.50398
v 0.378852 -0.430745 6.48722
v 0.384239 -0.441568 6.47517
v 0.391455 -0.456385 6.4583
v 0.398256 -0.470981 6.44079
v 0.40235 -0.480066 6.42796
v 0.408503 -0.494482 6.40764
v 0.415637 -0.51128 6.38743
v 0.418654 -0.523409 6.36678
v 0.419043 -0.534666 6.34677
v 0.417333 -0.543936 6.32721
v 0.419588 -0.556063 6.31009
v 0.0251318 0.446082 6.24453
v 0.00653244 0.465752 6.246
v -0.00543922 0.477131 6.24687
v -0.0202026 0.490149 6.24806
v -0.0350225 0.503151 6.24919
v -0.0534639 0.518771 6.25045
v -0.0638951 0.527601 6.251
v -0.0823021 0.543313 6.25149
v -0.0936214 0.553259 6.25169
v -0.101372 0.560399 6.25189
v -0.112611 0.571281 6.25194
v -0.122841 0.58196 6.2519
v -0.128658 0.588466 6.25183
v -0.13781 0.600168 6.25178
v -0.150324 0.617292 6.25182
v -0.157942 0.628995 6.25178
v -0.168216 0.645318 6.25144
v -0.173957 0.655275 6.25099
v -0.183717 0.672979 6.25005
v -0.190058 0.686569 6.24901
v -0.198063 0.704754 6.24742
v -0.205992 0.726401 6.24482
v 0.0251318 0.446082 6.24453
v 0.0428221 0.431586 6.24358
v 0.0570755 0.423424 6.24297
v 0.0699844 0.415501 6.24242
v 0.0869838 0.40413 6.24121
v 0.103517 0.392261 6.23978
v 0.113806 0.383981 6.2389
v 0.123329 0.375215 6.23767
v 0.135956 0.36238 6.23548
v 0.146785 0.350408 6.23316
v 0.158383 0.337562 6.23089
v 0.170293 0.323147 6.22698
v 0.177924 0.31368 6.22414
v 0.187507 0.300847 6.21757
v 0.199136 0.28359 6.20912
v 0.122681 1.18222 6.43804
v 0.130789 1.17392 6.4439
v 0.132192 1.17247 6.44493
v 0.140841 1.16336 6.45142
v 0.144387 1.15959 6.45416
v 0.149909 1.15366 6.4586
v 0.159204 1.1434 6.46648
v 0.168523 1.13233 6.47488
v 0.172998 1.12658 6.47907
v 0.18062 1.11586 6.48623
v 0.18249 1.10157 6.52298
v 0.134317 1.10251 6.44325
v 0.143684 1.09709 6.44778
v 0.154236 1.09115 6.45298
v 0.164978 1.08544 6.45862
v 0.168017 1.08391 6.4603
v 0.182042 1.07778 6.46911
v 0.207097 1.06584 6.48664
v 0.0794028 -0.181959 6.34735
v 0.0931664 -0.201509 6.34609
v 0.105388 -0.219029 6.34404
v 0.119358 -0.238971 6.34037
v 0.132318 -0.256747 6.33626
v 0.142575 -0.270432 6.33339
v 0.159522 -0.292196 6.32848
v 0.174055 -0.310446 6.32418
v 0.188608 -0.327234 6.32062
v 0.21148 -0.353179 6.31524
v 0.228346 -0.370702 6.3121
v 0.242099 -0.38517 6.30959
v 0.257233 -0.400302 6.30718
v 0.268602 -0.411398 6.30592
v 0.285999 -0.428203 6.30436
v 0.301764 -0.442472 6.30313
v 0.316238 -0.4555 6.30346
v 0.331373 -0.469092 6.30384
v 0.341117 -0.477855 6.30498
v 0.357839 -0.492386 6.30504
v 0.378254 -0.51291 6.30876
v 0.385242 -0.519676 6.31003
v 0.394423 -0.528356 6.31191
v 0.419588 -0.556063 6.31009
v 0.0794028 -0.181959 6.34735
v 0.066725 -0.176715 6.33334
v 0.0545994 -0.166408 6.32668
v 0.0532434 -0.16531 6.32592
v 0.0531479 -0.165235 6.32586
v -0.128886 1.14551 6.02503
v -0.12178 1.13814 6.03277
v -0.120351 1.1367 6.03423
v -0.10682 1.12359 6.04647
v -0.100173 1.11687 6.05133
v -0.0904286 1.10477 6.05517
v -0.0775505 1.08749 6.05654
v -0.0738107 1.08248 6.05607
v -0.0657448 1.07174 6.05428
v -0.0451655 1.04499 6.04536
v 0.863208 0.0048035 7.34565
v 0.87312 0.00109 7.36034
v 0.863208 0.0048035 7.34565
v 0.864801 0.00876804 7.31857
v 0.865116 0.00997142 7.30583
v 0.865424 0.0107971 7.28288
v 0.864955 0.0102372 7.25491
v 0.864699 0.00992658 7.24933
v 0.863785 0.0089005 7.23717
v 0.862323 0.00717674 7.22223
v 0.863103 0.00499381 7.19813
v 0.847612 -0.00396889 7.16033
v 0.835424 -0.00918259 7.12724
v 0.831476 -0.0102014 7.11709
v 0.826817 -0.0109398 7.10557
v 0.812212 -0.0120159 7.06811
v 0.803698 -0.0116146 7.04277
v 0.795323 -0.0101217 7.01701
v 0.790242 -0.00900107 7.00111
v 0.786267 -0.00795929 6.98838
v 0.781724 -0.00667809 6.9738
v 0.779639 -0.00610234 6.96712
v 0.774541 -0.0046994 6.95103
v 0.763964 -0.00176059 6.91897
v 0.759483 -0.000537369 6.9059
v 0.755398 0.000566333 6.8942
v 0.746954 0.00275013 6.87138
v 0.740419 0.00438203 6.85392
v 0.73334 0.00596825 6.83581
v 0.724916 0.00747267 6.81562
v 0.718624 0.00838371 6.80071
v 0.711553 0.00872853 6.7858
v 0.709094 0.00868053 6.78088
v 0.701306 0.00818217 6.76588
v 0.696663 0.00755798 6.75712
v 0.686848 0.00506316 6.73917
v 0.680583 0.00301236 6.72778
v 0.66628 -0.00443585 6.70205
v 0.650617 -0.0158052 6.67368
v 0.638119 -0.0278919 6.65073
v 0.625846 -0.0402252 6.62832
v 0.619401 -0.0469046 6.61675
v 0.610251 -0.0557201 6.6008
v 0.600116 -0.0646777 6.58424
v 0.58412 -0.0776301 6.55945
v 0.568616 -0.0879401 6.53595
v 0.564339 -0.08791 6.53186
v 0.540541 -0.0847898 6.51729
v 0.23602 1.02927 6.50018
v 0.214282 1.03711 6.51646
v 0.20328 1.05367 6.52396
v 0.196983 1.06555 6.52746
v 0.190421 1.07934 6.53036
v 0.18249 1.10157 6.52298
v 0.23602 1.02927 6.50018
v 0.248909 1.01495 6.49793
v 0.23602 1.02927 6.50018
v 0.220731 1.05205 6.48995
v 0.207097 1.06584 6.48664
v -0.0878507 1.37027 5.96579
v -0.0857473 1.35828 5.96619
v -0.0846256 1.35197 5.96643
v -0.0816773 1.33546 5.9671
v -0.0798685 1.32513 5.96741
v -0.075092 1.29613 5.96663
v -0.0720585 1.27631 5.96573
v -0.0699462 1.25801 5.96459
v -0.0682595 1.22548 5.96301
v -0.0678407 1.20576 5.9628
v -0.0675446 1.19497 5.96296
v -0.0665291 1.17588 5.9635
v -0.0641276 1.15763 5.9644
v -0.061616 1.14717 5.96533
v -0.0575613 1.13265 5.96694
v -0.0533797 1.11989 5.96928
v -0.0517018 1.11467 5.97056
v -0.0490515 1.10511 5.97434
v -0.0463694 1.09266 5.98195
v -0.044099 1.07989 5.99178
v -0.0423882 1.06801 6.00374
v -0.0394894 1.05005 6.02314
v -0.0451655 1.04499 6.04536
v 0.345159 1.32216 6.49616
v 0.3453 1.31987 6.49582
v 0.345167 1.2978 6.49324
v 0.346081 1.27514 6.49082
v 0.347088 1.25903 6.48895
v 0.348098 1.24568 6.4873
v 0.3496 1.22854 6.48495
v 0.350811 1.21803 6.48309
v 0.352304 1.20537 6.48069
v 0.354799 1.18572 6.47686
v 0.356803 1.17122 6.47353
v 0.358318 1.16086 6.47055
v 0.361455 1.14245 6.46446
v 0.365962 1.11971 6.45573
v 0.369015 1.10797 6.45023
v 0.372869 1.09701 6.44386
v 0.382298 1.08334 6.42968
v 0.393638 1.07553 6.41629
v 0.403112 1.06887 6.40544
v 0.145758 0.62741 6.18605
v 0.127616 0.600471 6.18259
v 0.114945 0.59997 6.17352
v 0.0991102 0.598382 6.16202
v 0.0903339 0.597224 6.1554
v 0.0768231 0.59511 6.1449
v 0.0661281 0.592927 6.13616
v 0.057157 0.590848 6.12864
v 0.0448279 0.586894 6.11757
v 0.0317428 0.580524 6.10484
v 0.0125266 0.567416 6.08529
v 0.00645289 0.562592 6.07914
v 0.00474446 0.561072 6.0775
v 0.00196812 0.558662 6.0748
v 0.145758 0.62741 6.18605
v 0.15592 0.598825 6.20115
v 0.176167 0.573917 6.22322
v 0.182929 0.565165 6.23087
v 0.18939 0.553237 6.23988
v 0.191472 0.549737 6.24231
v 0.19881 0.536572 6.25243
v 0.202646 0.527466 6.25834
v 0.206606 0.51758 6.26549
v 0.211816 0.504633 6.27508
v 0.217388 0.49082 6.28535
v 0.224934 0.472815 6.2996
v 0.224934 0.472815 6.2996
v 0.23578 0.465603 6.32702
v 0.238511 0.463609 6.33426
v 0.24207 0.46341 6.3437
v 0.247208 0.463305 6.35671
v 0.25514 0.462363 6.37937
v 0.224934 0.472815 6.2996
v 0.228724 0.454182 6.3035
v 0.232391 0.435576 6.30281
v 0.234524 0.411969 6.32824
v 0.269319 0.377637 6.36031
v 0.280512 0.392212 6.38154
v 0.278868 0.408527 6.38977
v 0.268446 0.434005 6.38825
v 0.25514 0.462363 6.37937
v 0.269319 0.377637 6.36031
v 0.273927 0.359446 6.35641
v 0.279535 0.343768 6.35545
v 0.286688 0.32111 6.35311
v 0.291694 0.30548 6.35176
v 0.294206 0.29761 6.35123
v 0.301085 0.277502 6.35167
v 0.306524 0.258402 6.35032
v 0.304734 0.235492 6.35976
v 0.269319 0.377637 6.36031
v 0.254584 0.387833 6.34847
v 0.246477 0.39555 6.34239
v 0.234524 0.411969 6.32824
v 0.664305 1.00941 6.51833
v 0.656684 1.00336 6.51704
v 0.653957 1.00103 6.51636
v 0.630048 0.981588 6.50793
v 0.573587 -0.395738 6.37897
v 0.586443 -0.378241 6.37911
v 0.604324 -0.36835 6.37798
v 0.612291 -0.356312 6.37609
v 0.62006 -0.344157 6.3743
v 0.641266 -0.306328 6.36907
v 0.64906 -0.285136 6.36745
v 0.65487 -0.262501 6.36474
v 0.659371 -0.244353 6.36259
v 0.6638 -0.229184 6.36126
v 0.666975 -0.216354 6.3603
v 0.671006 -0.201644 6.35857
v 0.674756 -0.185732 6.35698
v 0.677491 -0.170871 6.3558
v 0.67892 -0.163313 6.35494
v 0.6802 -0.150463 6.35188
v 0.682823 -0.120543 6.34876
v 0.684026 -0.109205 6.34761
v 0.685407 -0.0969102 6.34617
v 0.687248 -0.0771837 6.34501
v 0.69047 -0.0572756 6.34314
v 0.691239 -0.042945 6.34302
v 0.692086 -0.0296141 6.34282
v 0.693877 -0.0115168 6.34252
v 0.695047 0.00429199 6.34243
v 0.698734 0.0352197 6.34096
v 0.701325 0.05516 6.34003
v 0.703104 0.0811451 6.34325
v 0.573587 -0.395738 6.37897
v 0.57298 -0.416947 6.37764
v 0.573203 -0.439599 6.37597
v 0.573284 -0.452391 6.37497
v 0.573358 -0.469745 6.37358
v 0.573483 -0.499214 6.37122
v 0.573609 -0.524493 6.36913
v 0.573644 -0.53119 6.36856
v 0.573721 -0.555323 6.36649
v 0.573524 -0.579827 6.36437
v 0.573244 -0.594245 6.363
v 0.573373 -0.620265 6.35966
v 0.572979 -0.642591 6.35733
v 0.571947 -0.658885 6.3547
v 0.568923 -0.674703 6.34947
v 0.563194 -0.694981 6.34111
v 0.556195 -0.72057 6.33047
v 0.550805 -0.753691 6.31912
v 0.573587 -0.395738 6.37897
v 0.561542 -0.371563 6.38112
v 0.558808 -0.368099 6.38147
v 0.546644 -0.353633 6.38144
v 0.53605 -0.336929 6.38207
v 1.03052 0.52775 6.9397
v 1.02557 0.5345 6.93151
v 1.01827 0.544487 6.91931
v 1.01603 0.547609 6.91534
v 1.01008 0.555959 6.90449
v 1.00494 0.563243 6.89471
v 1.00065 0.569295 6.88631
v 0.998262 0.572657 6.88156
v 0.996862 0.574567 6.87868
v 0.990264 0.583438 6.86498
v 0.985097 0.589703 6.85392
v 0.976894 0.598761 6.83625
v 0.967243 0.607837 6.81568
v 0.956732 0.617043 6.79345
v 0.950873 0.620672 6.78154
v 0.937512 0.624105 6.75638
v 0.929064 0.625677 6.74103
v 0.920682 0.626831 6.72643
v 0.913577 0.627332 6.71466
v 0.911052 0.627611 6.71062
v 0.897047 0.62329 6.68739
v 0.535494 -0.866935 6.09821
v 0.549992 -0.855153 6.08476
v 0.551261 -0.851703 6.08197
v 0.55827 -0.831796 6.06755
v 0.56609 -0.808373 6.05203
v 0.570374 -0.788329 6.04043
v 0.569473 -0.773702 6.03211
v 0.569987 -0.755454 6.02368
v 0.568524 -0.744287 6.01842
v 0.566757 -0.728056 6.01128
v 0.566521 -0.710756 6.00264
v 0.56438 -0.698532 5.99796
v 0.55986 -0.680224 5.98569
v 0.557816 -0.668088 5.97726
v 0.560562 -0.648947 5.96568
v 0.564899 -0.621385 5.94857
v 0.558 -0.601078 5.92579
v 0.535494 -0.866935 6.09821
v 0.538802 -0.886545 6.12975
v 0.542216 -0.893489 6.14115
v 0.546206 -0.904249 6.15589
v 0.560999 -0.899297 6.1851
v 0.535494 -0.866935 6.09821
v 0.516044 -0.867863 6.09667
v 0.506983 -0.86326 6.08937
v 0.500093 -0.854298 6.08399
v 0.491677 -0.842509 6.07728
v 0.481459 -0.827882 6.06909
v 0.471616 -0.814881 6.0618
v 0.467885 -0.801497 6.05689
v 0.46706 -0.789852 6.04964
v 0.46437 -0.776199 6.0445
v 0.461099 -0.756393 6.03414
v 0.459512 -0.743231 6.02686
v 0.453991 -0.729542 6.01725
v 0.447194 -0.710592 6.00364
v 0.431038 -0.687904 5.96921
v 0.424799 -0.67776 5.95401
v 0.856106 1.28761 6.67511
v 0.850795 1.28967 6.65957
v 0.077013 -0.0473967 5.58356
v 0.0778625 -0.0483832 5.58519
v 0.0854829 -0.0573235 5.59928
v 0.0909143 -0.0636029 5.60836
v 0.100464 -0.0735583 5.62071
v 0.110975 -0.0840737 5.6326
v 0.116937 -0.0896503 5.638
v 0.128948 -0.100422 5.64746
v 0.137492 -0.107818 5.65347
v 0.160826 -0.126528 5.6644
v -0.0701143 0.48992 5.34502
v -0.0647636 0.486739 5.34801
v -0.0612355 0.484519 5.34994
v -0.052352 0.477782 5.35445
v -0.0454703 0.472375 5.35788
v -0.0396551 0.467283 5.36065
v -0.0333965 0.459997 5.36324
v -0.0228488 0.44678 5.3674
v -0.0100212 0.428006 5.37173
v 0.00203062 0.407055 5.37431
v 0.0106731 0.390305 5.37459
v 0.0131558 0.385285 5.37419
v 0.0207498 0.368707 5.37112
v 0.0307649 0.358103 5.35985
v 0.557138 -0.955427 6.23065
v 0.557102 -0.930365 6.21286
v 0.560999 -0.899297 6.1851
v 0.557138 -0.955427 6.23065
v 0.557188 -0.979862 6.23515
v 0.557797 -1.01687 6.23697
v 0.558168 -1.03689 6.23808
v 0.558871 -1.05718 6.23855
v 0.559677 -1.07972 6.23892
v 0.561245 -1.10506 6.2382
v 0.56315 -1.12174 6.23572
v 0.557317 -1.14876 6.23403
v -0.047111 0.289883 5.35079
v -0.0343808 0.289714 5.35809
v -0.032703 0.289695 5.35904
v -0.0233035 0.289645 5.36426
v -0.0192455 0.28963 5.3665
v 0.00361058 0.289484 5.37933
v 0.897047 0.62329 6.68739
v 0.88857 0.645664 6.68634
v 0.889152 0.654893 6.69392
v 0.889235 0.66836 6.70471
v 0.890043 0.678654 6.7153
v 0.891221 0.687599 6.72607
v 0.893476 0.700659 6.74453
v 0.895923 0.712028 6.76482
v 0.8974 0.718368 6.77777
v 0.89862 0.723223 6.7886
v 0.899874 0.727967 6.7997
v 0.901411 0.732526 6.81233
v 0.903544 0.736828 6.82732
v 0.908055 0.743451 6.85389
v 0.915585 0.749392 6.88334
v 0.919685 0.752195 6.89665
v 0.923079 0.754519 6.90682
v 0.9354 0.763666 6.94142
v 0.943991 0.771241 6.96394
v 0.951308 0.779652 6.98279
v 0.958382 0.781722 6.99436
v 0.958522 0.781758 6.99459
v 0.897047 0.62329 6.68739
v 0.882387 0.612368 6.6591
v 0.880528 0.602404 6.6517
v 0.87892 0.596524 6.64557
v 0.871765 0.576528 6.6311
v 0.866489 0.562883 6.61994
v 0.858805 0.543949 6.60396
v 0.853408 0.527222 6.59055
v 0.850605 0.516114 6.58185
v 0.849147 0.506979 6.57514
v 0.847877 0.494766 6.56687
v 0.848429 0.481745 6.55914
v 0.853132 0.464718 6.55048
v 0.428293 -0.683607 5.94109
v 0.424799 -0.67776 5.95401
v 0.00361058 0.289484 5.37933
v 0.0145208 0.272341 5.39847
v 0.0183844 0.25875 5.4091
v 0.022151 0.244612 5.41953
v 0.0260514 0.227847 5.43099
v 0.0286515 0.216196 5.43849
v 0.0322818 0.200974 5.44755
v 0.0354105 0.189332 5.45386
v 0.0399319 0.174751 5.46088
v 0.04587 0.157439 5.46724
v 0.0529881 0.137134 5.47129
v 0.00361058 0.289484 5.37933
v 0.0148897 0.309948 5.37782
v 0.018648 0.321798 5.37567
v 0.0216028 0.332239 5.37372
v 0.0307649 0.358103 5.35985
v 0.00361058 0.289484 5.37933
v -0.00344914 0.300575 5.35065
v -0.00703244 0.301629 5.34196
v -0.011949 0.302814 5.33036
v -0.0215324 0.304922 5.30817
v -0.0263642 0.305791 5.29729
v 0.676444 -1.2132 6.23166
v 0.688109 -1.21727 6.25441
v 0.700655 -1.22226 6.26384
v 0.719005 -1.2273 6.27117
v 0.676444 -1.2132 6.23166
v 0.687714 -1.21823 6.21437
v 0.676444 -1.2132 6.23166
v 0.648406 -1.19851 6.23596
v 0.626627 -1.1876 6.23407
v 0.601323 -1.17406 6.23098
v 0.577726 -1.17326 6.20899
v 0.889159 1.37317 6.62337
v 0.881113 1.36141 6.62714
v 0.867199 1.34 6.63434
v 0.862118 1.33048 6.638
v 0.858621 1.32336 6.64089
v 0.854598 1.31348 6.64532
v 0.852925 1.30761 6.64811
v 0.850576 1.2979 6.65253
v 0.850795 1.28967 6.65957
v 0.639173 -0.480506 6.14093
v 0.638643 -0.418354 6.11575
v 0.641812 -0.382354 6.10701
v 0.644032 -0.363961 6.10335
v 0.650452 -0.316918 6.09506
v 0.639173 -0.480506 6.14093
v 0.630052 -0.508672 6.1339
v 0.626925 -0.528371 6.13504
v 0.624588 -0.542145 6.13548
v 0.6219 -0.558496 6.1361
v 0.61872 -0.580425 6.13759
v 0.615545 -0.60473 6.1398
v 0.614502 -0.613135 6.14064
v 0.612768 -0.627664 6.14219
v 0.611265 -0.642844 6.14422
v 0.609591 -0.661905 6.14709
v 0.606943 -0.693931 6.15218
v 0.603366 -0.732694 6.15842
v 0.6003 -0.755472 6.16175
v 0.598435 -0.76746 6.16341
v 0.594229 -0.789027 6.16617
v 0.589646 -0.811119 6.16898
v 0.583222 -0.836559 6.17037
v 0.580454 -0.848383 6.17077
v 0.574636 -0.868601 6.17836
v 0.560999 -0.899297 6.1851
v 0.639173 -0.480506 6.14093
v 0.653758 -0.493948 6.17406
v 0.660547 -0.487526 6.18316
v 0.583656 0.670809 6.15945
v 0.584544 0.669269 6.1608
v 0.591424 0.657835 6.17091
v 0.600283 0.644196 6.18242
v 0.615265 0.623622 6.19663
v 0.619357 0.618354 6.19819
v 0.631336 0.60322 6.20283
v 0.646554 0.587286 6.20732
v 0.659142 0.575149 6.21009
v 0.676507 0.564544 6.20881
v 0.195081 -0.0392635 5.59445
v 0.188233 -0.0695812 5.61929
v 0.185166 -0.0812745 5.629
v 0.182399 -0.0918409 5.63707
v 0.178325 -0.116039 5.65404
v 0.160826 -0.126528 5.6644
v 0.195081 -0.0392635 5.59445
v 0.171047 -0.0210795 5.59628
v 0.163181 -0.00593591 5.58888
v 0.158463 0.00358228 5.58351
v 0.152204 0.0145633 5.5767
v 0.148872 0.0204009 5.57313
v 0.141457 0.0325313 5.5649
v 0.130817 0.0487947 5.55239
v 0.120576 0.0625258 5.54165
v 0.114031 0.0708069 5.53475
v 0.103851 0.0827975 5.52438
v 0.0876365 0.100768 5.50818
v 0.0772432 0.111666 5.49753
v 0.0629293 0.125945 5.48226
v 0.0529881 0.137134 5.47129
v 0.198741 -0.568796 5.47907
v 0.200961 -0.549719 5.52207
v 0.205919 -0.542521 5.54304
v 0.21376 -0.536002 5.56471
v 0.219486 -0.532648 5.57826
v 0.22396 -0.531014 5.58858
v 0.23075 -0.5275 5.60287
v 0.239958 -0.526262 5.62437
v 0.245504 -0.524968 5.63648
v 0.256241 -0.525419 5.66264
v 0.26733 -0.526126 5.69012
v 0.280069 -0.528321 5.72147
v 0.292818 -0.529636 5.75353
v 0.301003 -0.530028 5.7747
v 0.310462 -0.530042 5.80005
v 0.320021 -0.529329 5.82762
v 0.328151 -0.529528 5.85809
v 0.326503 -0.513512 5.8792
v 0.198741 -0.568796 5.47907
v 0.194529 -0.559495 5.49602
v 0.704797 0.389508 6.30868
v 0.704756 0.405721 6.32123
v 0.704988 0.41371 6.33291
v 0.704921 0.424589 6.34223
v 0.705316 0.433078 6.34888
v 0.706145 0.446183 6.35574
v 0.708254 0.466243 6.36487
v 0.713628 0.499401 6.37704
v 0.721689 0.533966 6.38742
v 0.724984 0.54447 6.39007
v 0.731222 0.560732 6.39374
v 0.73918 0.579856 6.39768
v 0.745278 0.592316 6.39946
v 0.751059 0.603522 6.40047
v 0.760735 0.620655 6.40038
v 0.76855 0.634825 6.40194
v 0.777056 0.650647 6.39805
v 0.789747 0.675703 6.40139
v 0.795309 0.690618 6.39552
v 0.704797 0.389508 6.30868
v 0.702857 0.419033 6.29042
v 0.70281 0.421585 6.28865
v 0.702688 0.43403 6.27911
v 0.70259 0.441833 6.27353
v 0.702106 0.458593 6.26293
v 0.701189 0.478241 6.25111
v 0.699168 0.498286 6.24002
v 0.697867 0.507995 6.23484
v 0.695096 0.520742 6.22844
v 0.688272 0.539558 6.21981
v 0.676507 0.564544 6.20881
v 0.704797 0.389508 6.30868
v 0.705904 0.364307 6.31234
v 0.707307 0.348513 6.3122
v 0.710926 0.321326 6.30708
v 0.71569 0.297051 6.3027
v 0.721007 0.271346 6.29699
v 0.726552 0.251311 6.29371
v 0.73347 0.231553 6.29114
v 0.736764 0.219542 6.29093
v 0.745142 0.201458 6.2883
v -0.144159 0.145387 5.08761
v -0.135735 0.145809 5.10666
v -0.129749 0.146046 5.12011
v -0.12197 0.146277 5.13734
v -0.115883 0.146388 5.15062
v -0.109569 0.146448 5.16431
v -0.102515 0.146412 5.17958
v -0.0977692 0.146314 5.18988
v -0.0949483 0.14621 5.19606
v -0.0820325 0.145675 5.22445
v -0.0757587 0.145341 5.23835
v -0.071549 0.145035 5.24779
v -0.0661779 0.144612 5.25985
v -0.0583385 0.143927 5.27734
v -0.0506005 0.143316 5.29403
v -0.0444164 0.142977 5.30632
v -0.0376195 0.142649 5.31942
v -0.0275464 0.142228 5.33778
v -0.0264543 0.142181 5.33972
v -0.019059 0.14184 5.35266
v -0.01389 0.141561 5.36153
v -0.00611793 0.141076 5.37467
v 0.00640767 0.140031 5.3954
v 0.0175338 0.138871 5.41347
v 0.0244834 0.138077 5.42466
v 0.03099 0.137251 5.43504
v 0.0395487 0.136116 5.44862
v 0.0474015 0.134491 5.46075
v 0.0529881 0.137134 5.47129
v 0.650452 -0.316918 6.09506
v 0.671046 -0.314593 6.11171
v 0.691249 -0.303586 6.12387
v 0.708379 -0.291847 6.12858
v 0.724879 -0.277923 6.13167
v 0.741577 -0.263854 6.13303
v 0.755599 -0.250992 6.13371
v 0.770577 -0.237696 6.1338
v 0.785651 -0.224411 6.1335
v 0.797322 -0.214147 6.13318
v 0.805908 -0.206696 6.13278
v 0.818566 -0.195873 6.13203
v 0.829967 -0.186743 6.13153
v 0.841878 -0.177212 6.13116
v 0.856397 -0.166024 6.13079
v 0.879476 -0.149175 6.1311
v 0.905835 -0.130887 6.13359
v 0.909164 -0.129098 6.13446
v 0.929304 -0.118767 6.14017
v 0.936796 -0.114478 6.14189
v 0.956376 -0.107084 6.14816
v 0.968492 -0.104881 6.15203
v 0.986306 -0.102532 6.15774
v 1.00155 -0.10102 6.16258
v 1.01618 -0.100217 6.16725
v 1.03027 -0.0996395 6.17169
v 1.05002 -0.0998793 6.17783
v 1.06583 -0.100151 6.18269
v 1.08239 -0.100621 6.1878
v 1.10183 -0.101398 6.19361
v 1.12167 -0.101824 6.19931
v 1.1383 -0.101636 6.20371
v 1.14911 -0.101065 6.20625
v 1.17156 -0.0992751 6.21105
v 1.1831 -0.0977368 6.21316
v 1.2012 -0.0947039 6.21591
v 1.21532 -0.0917665 6.21767
v 1.23224 -0.0867881 6.21888
v 1.24862 -0.0815344 6.21978
v 1.27014 -0.0737586 6.22011
v 1.30181 -0.0603989 6.21509
v 0.650452 -0.316918 6.09506
v 0.638778 -0.284681 6.07764
v 1.00653 1.00173 6.54636
v 0.994293 0.993677 6.53229
v 0.982488 0.985784 6.51461
v 1.00653 1.00173 6.54636
v 1.01648 0.997782 6.56362
v 1.03321 0.999133 6.58263
v 1.04227 1.00047 6.59145
v 1.05011 1.00168 6.59808
v 1.06546 1.00393 6.60983
v 0.727444 0.103356 6.0903
v 0.718868 0.0618503 6.0853
v 0.711589 0.0314753 6.08824
v 0.706263 0.00770363 6.08774
v 0.70037 -0.0155619 6.08945
v 0.695044 -0.0356052 6.09132
v 0.684781 -0.0750454 6.09501
v 0.675714 -0.111496 6.09663
v 0.668599 -0.139979 6.09787
v 0.666059 -0.15162 6.09841
v 0.663602 -0.164204 6.0981
v 0.658852 -0.184897 6.09931
v 0.654444 -0.20398 6.09667
v 0.650332 -0.222739 6.09434
v 0.646952 -0.250838 6.09027
v 0.646037 -0.25959 6.08918
v 0.638778 -0.284681 6.07764
v 0.727444 0.103356 6.0903
v 0.736836 0.140427 6.0709
v 0.741701 0.161399 6.06345
v 0.744616 0.176238 6.05954
v 0.74989 0.202818 6.05127
v 0.753427 0.223478 6.04597
v 0.754904 0.238182 6.04204
v 0.757244 0.252218 6.03834
v 0.757638 0.273381 6.03252
v 0.764438 0.302436 6.02893
v 0.767309 0.329413 6.02434
v 0.774546 0.349131 6.02473
v 0.78472 0.444371 6.24228
v 0.785754 0.440744 6.24163
v 0.791735 0.420148 6.23698
v 0.802808 0.405899 6.21696
v 0.406726 0.0674922 5.73555
v 0.417213 0.0676848 5.76688
v 0.420516 0.067536 5.77957
v 0.421858 0.0675491 5.78486
v 0.425472 0.0677592 5.79897
v 0.429648 0.068871 5.81715
v 0.434996 0.0719865 5.84644
v 0.438852 0.0765164 5.87815
v 0.439038 0.0768338 5.88033
v 0.440921 0.0804124 5.90512
v 0.442332 0.0826937 5.92331
v 0.444506 0.0846486 5.94588
v 0.44601 0.0854184 5.95955
v 0.448371 0.0854946 5.97903
v 0.4493 0.0851477 5.98654
v 0.451176 0.0839295 6.00254
v 0.452154 0.0825162 6.01252
v 0.453403 0.0795237 6.02854
v 0.454475 0.0749976 6.04799
v 0.454596 0.069788 6.06437
v 0.453632 0.0629045 6.07999
v 0.449498 0.0453717 6.10972
v 0.447476 0.0379305 6.12037
v 0.44447 0.0284388 6.13053
v 0.440659 0.0173429 6.13962
v 0.434699 0.0025258 6.14607
v 0.425803 -0.0192989 6.15256
v 0.422476 -0.0311912 6.15519
v 0.408503 -0.0403373 6.15368
v 0.745142 0.201458 6.2883
v 0.733303 0.149244 6.30346
v 0.727753 0.13108 6.30985
v 0.72056 0.109936 6.31835
v 0.703104 0.0811451 6.34325
v 0.745142 0.201458 6.2883
v 0.768101 0.210715 6.27282
v 0.780907 0.220848 6.26354
v 0.791887 0.229528 6.25551
v 0.799333 0.257196 6.24666
v 0.802787 0.280666 6.24104
v 0.803973 0.294388 6.23816
v 0.804101 0.328711 6.23289
v 0.804224 0.352149 6.22808
v 0.804478 0.372407 6.22307
v 0.802808 0.405899 6.21696
v 0.638778 -0.284681 6.07764
v 0.627864 -0.275451 6.05666
v 0.621363 -0.255801 6.04032
v 0.61806 -0.244934 6.03163
v 0.61578 -0.237715 6.02587
v 0.609793 -0.221427 6.01215
v 0.598309 -0.195073 5.99025
v 0.67094 1.10651 5.98662
v 0.671409 1.09555 5.99441
v 0.676101 1.0804 6.00712
v 0.683187 1.06776 6.01915
v 0.689405 1.06085 6.02653
v 0.698715 1.05296 6.03553
v 0.719285 1.05431 6.04498
v 0.903408 0.520096 6.23045
v 0.908752 0.517828 6.23252
v 0.909732 0.517435 6.23294
v 0.0977766 -0.582937 5.01136
v 0.10052 -0.592278 5.03416
v 0.105119 -0.604267 5.04939
v 0.109622 -0.614605 5.06432
v 0.112995 -0.620902 5.07593
v 0.119592 -0.632776 5.09913
v 0.125518 -0.641837 5.12099
v 0.132161 -0.651393 5.14673
v 0.13885 -0.66057 5.17514
v 0.142919 -0.665963 5.19397
v 0.147224 -0.673459 5.21776
v 0.139769 -0.678443 5.23626
v 0.725116 1.22357 5.89732
v 0.723005 1.20316 5.91837
v 0.722671 1.18774 5.93194
v 0.722827 1.1794 5.9394
v 0.724062 1.16438 5.95333
v 0.725078 1.15501 5.96227
v 0.725379 1.15288 5.96439
v 0.727103 1.14126 5.97608
v 0.728843 1.13172 5.98633
v 0.730808 1.12248 5.997
v 0.736705 1.1028 6.02517
v 0.797151 -0.0807631 5.76527
v 0.815891 -0.0824023 5.77704
v 0.830102 -0.0840863 5.78383
v 0.844512 -0.0857984 5.7896
v 0.862819 -0.0883403 5.79628
v 0.878168 -0.0908166 5.80147
v 0.892025 -0.0933008 5.80593
v 0.904436 -0.0965604 5.8092
v 0.9218 -0.101282 5.81368
v 0.934608 -0.105183 5.81678
v 0.947866 -0.109439 5.8199
v 0.96802 -0.116612 5.82447
v 0.981178 -0.12151 5.82739
v 0.995109 -0.12704 5.8304
v 1.00616 -0.131632 5.83271
v 1.02207 -0.138445 5.83591
v 1.04301 -0.147469 5.83998
v 1.06676 -0.157113 5.84431
v 1.07778 -0.161243 5.84641
v 1.08718 -0.164509 5.84827
v 1.10201 -0.168394 5.8516
v 1.10832 -0.169835 5.85309
v 1.11853 -0.171925 5.85559
v 1.13696 -0.17527 5.86023
v 0.797151 -0.0807631 5.76527
v 0.812734 -0.0741583 5.75684
v 0.826652 -0.0695884 5.74832
v 0.851267 -0.0636688 5.73612
v 0.866396 -0.0610934 5.72893
v 0.878798 -0.0594244 5.72323
v 0.894551 -0.0578916 5.71639
v 0.91978 -0.0565233 5.70647
v 0.930925 -0.0564948 5.70243
v 0.956457 -0.0558516 5.69515
v 0.916885 0.616164 5.95811
v 0.929328 0.630327 5.97811
v 0.936896 0.640937 5.98278
v 0.944174 0.653965 5.98526
v 0.948548 0.666983 5.98639
v 0.952965 0.681743 5.98736
v 0.957495 0.700968 5.98837
v 0.96028 0.712018 5.98883
v 0.964393 0.72725 5.98959
v 0.9684 0.740318 5.99062
v 0.970403 0.746429 5.99161
v 0.974538 0.758795 5.99329
v 0.983693 0.783078 5.99892
v 0.990346 0.7999 6.0028
v 0.995091 0.811394 6.00553
v 1.00358 0.831439 6.01011
v 1.01579 0.859789 6.01532
v 1.02096 0.871485 6.01655
v 1.02814 0.88916 6.01843
v 1.03569 0.907607 6.02044
v 0.806719 0.0560632 4.86068
v 0.797777 0.0433936 4.87075
v 0.786616 0.0281953 4.88206
v 0.780084 0.0195624 4.88797
v 0.772281 0.00957869 4.89411
v 0.764866 0.00064044 4.89894
v 0.755883 -0.00983017 4.90418
v 0.739352 -0.0246548 4.90406
v 1.04107 -0.35869 5.16168
v 1.06998 -0.357516 5.1586
v 1.08321 -0.352534 5.14802
v 1.10052 -0.34516 5.13231
v 1.1066 -0.342333 5.12635
v 1.11058 -0.340478 5.12225
v 1.11672 -0.336471 5.11447
v 1.1222 -0.32824 5.1017
v 1.1239 -0.325802 5.09785
v 1.12773 -0.319992 5.08877
v 1.13258 -0.311901 5.07643
v 1.13668 -0.304849 5.06597
v 1.14124 -0.297259 5.05504
v 1.14828 -0.28597 5.03921
v 1.15623 -0.273447 5.02249
v 1.16211 -0.263962 5.01034
v 1.16494 -0.253312 4.99785
v 1.16501 -0.25294 4.99742
v 1.16507 -0.252322 4.99672
v 1.64786 -0.258516 6.20593
v 1.63015 -0.243304 6.20566
v 1.60955 -0.222814 6.20333
v 1.58211 -0.192049 6.19788
v 1.57016 -0.177626 6.1949
v 1.56256 -0.16864 6.19308
v 1.54844 -0.152546 6.18996
v 1.53783 -0.140713 6.18781
v 1.527 -0.128792 6.18579
v 1.51729 -0.118374 6.18423
v 1.50661 -0.107304 6.18275
v 1.49211 -0.093257 6.18104
v 1.4818 -0.0840744 6.17985
v 1.4754 -0.0787111 6.17908
v 1.46562 -0.0708127 6.17789
v 1.45481 -0.0641371 6.17618
v 1.44566 -0.0590502 6.17463
v 1.43905 -0.0558304 6.17345
v 1.41352 -0.0457452 6.16982
v 1.3867 -0.0403142 6.17118
v 1.36884 -0.0408004 6.17673
v 1.36057 -0.0416193 6.17988
v 1.34353 -0.0452776 6.18844
v 1.32548 -0.0495015 6.19765
v 1.31497 -0.0536872 6.20484
v 1.30181 -0.0603989 6.21509
v 1.64786 -0.258516 6.20593
v 1.67144 -0.272017 6.20655
v 1.64786 -0.258516 6.20593
v 1.66087 -0.266611 6.20641
v 1.67144 -0.272017 6.20655
v 1.67144 -0.272017 6.20655
v 1.67868 -0.275286 6.20682
v 1.68968 -0.279561 6.20739
v 1.69054 -0.279901 6.20743
v 0.910899 1.02682 5.74663
v 0.912121 1.04075 5.7409
v 0.914176 1.05157 5.73529
v 0.916843 1.0632 5.72928
v 0.920344 1.07762 5.72181
v 0.923728 1.09001 5.71525
v 0.910899 1.02682 5.74663
v 0.906302 1.01699 5.75604
v 0.899615 1.00226 5.77034
v 0.897074 0.99582 5.77622
v 0.893471 0.986404 5.78475
v 0.891139 0.979858 5.7905
v 0.887629 0.969911 5.79921
v 0.882665 0.955635 5.81182
v 0.879251 0.945436 5.8206
v 0.871783 0.937984 5.84832
v 0.910899 1.02682 5.74663
v 0.917633 1.02677 5.73787
v 0.925379 1.03128 5.72707
v 0.936175 1.03767 5.71406
v 0.942965 1.04179 5.70635
v 0.95521 1.04952 5.69483
v 0.967392 1.0571 5.68483
v 1.13475 1.07419 6.07485
v 1.1269 1.10643 6.07114
v 0.912368 1.12654 5.85091
v 0.893387 1.09588 5.85201
v 0.897003 1.07261 5.8605
v 0.894868 1.05784 5.86399
v 0.890944 1.03676 5.86799
v 0.889146 1.02911 5.86909
v 0.886234 1.01709 5.87044
v 0.882521 1.00306 5.8709
v 0.880115 0.9938 5.87072
v 0.874524 0.970599 5.86877
v 0.870816 0.951437 5.86476
v 0.871783 0.937984 5.84832
v 0.912368 1.12654 5.85091
v 0.9163 1.13609 5.86383
v 0.922974 1.14676 5.86826
v 0.925817 1.15624 5.86939
v 0.926944 1.16435 5.86927
v 0.915688 1.17254 5.85936
v 0.912368 1.12654 5.85091
v 0.902632 1.15801 5.85062
v 0.915688 1.17254 5.85936
v 0.917396 1.20401 5.8568
v 0.915688 1.17254 5.85936
v 0.871783 0.937984 5.84832
v 0.865856 0.916203 5.85593
v 0.862411 0.896369 5.85851
v 0.859227 0.880261 5.8624
v 0.856901 0.866797 5.86521
v 0.855413 0.85614 5.86662
v 0.854708 0.850272 5.86743
v 0.853396 0.835022 5.86973
v 0.851797 0.821046 5.87166
v 0.851118 0.808665 5.8737
v 0.86172 0.7856 5.88065
v 0.408503 -0.0403373 6.15368
v 0.408658 -0.0723951 6.1568
v 0.408005 -0.0879606 6.15799
v 0.40725 -0.102553 6.15975
v 0.405833 -0.109859 6.16102
v 0.403794 -0.118197 6.16288
v 0.397905 -0.142051 6.1677
v 0.37591 -0.149524 6.18017
v 0.37591 -0.149524 6.18017
v 0.377988 -0.166769 6.1816
v 0.3802 -0.182482 6.18276
v 0.382766 -0.205676 6.18486
v 0.387843 -0.243637 6.18784
v 0.390457 -0.259128 6.1889
v 0.394609 -0.284017 6.19105
v 0.399414 -0.311301 6.19476
v 0.401509 -0.322352 6.19568
v 0.406258 -0.346973 6.1974
v 0.413473 -0.378945 6.19679
v 0.417606 -0.405115 6.19949
v 0.423733 -0.429144 6.19961
v 0.427868 -0.446004 6.19941
v 0.434374 -0.479538 6.20255
v 0.442501 -0.517913 6.20749
v 0.445795 -0.537995 6.21229
v 0.452714 -0.564405 6.22512
v 0.456236 -0.577698 6.23207
v 0.457848 -0.583905 6.23541
v 0.464628 -0.612376 6.25327
v 0.467892 -0.626797 6.26804
v 0.162204 1.13088 6.54877
v 0.18249 1.10157 6.52298
v 0.374699 0.228343 6.89136
v 0.376216 0.204603 6.87993
v 0.385031 0.187684 6.85921
v 0.392324 0.17275 6.83949
v 0.398899 0.159875 6.81927
v 0.406157 0.14636 6.79145
v 0.412924 0.134917 6.76273
v 0.420644 0.122185 6.73158
v 0.425179 0.114231 6.71638
v 0.428837 0.108237 6.70447
v 0.433096 0.101069 6.69225
v 0.444416 0.0822767 6.66348
v 0.450545 0.0720194 6.64935
v 0.454523 0.0643468 6.64097
v 0.459037 0.0555474 6.63172
v 0.464169 0.0451921 6.62173
v 0.471864 0.0291843 6.60726
v 0.476984 0.017963 6.59834
v 0.485774 -0.00078252 6.5843
v 0.493059 -0.0160849 6.57331
v 0.499652 -0.029624 6.56345
v 0.509975 -0.0481161 6.55027
v 0.518277 -0.0640025 6.53735
v 0.526348 -0.0745831 6.52462
v 0.540541 -0.0847898 6.51729
v 0.374699 0.228343 6.89136
v 0.357862 0.228903 6.91676
v 0.346567 0.24074 6.93856
v 0.339667 0.247596 6.95201
v 0.332267 0.254854 6.96626
v 0.322731 0.263434 6.98684
v 0.315131 0.271585 6.99749
v 0.30461 0.282103 7.01354
v 0.287721 0.297768 7.04119
v 0.280175 0.30454 7.05448
v 0.269877 0.314519 7.07466
v 0.257215 0.328875 7.10299
v 0.253619 0.333486 7.1116
v 0.250039 0.338091 7.12019
v 0.246318 0.342928 7.1291
v 0.242333 0.347863 7.1383
v 0.237832 0.353213 7.14829
v 0.231043 0.360964 7.1626
v 0.2244 0.368446 7.17588
v 0.218481 0.375369 7.187
v 0.209655 0.383949 7.20096
v 0.204328 0.389095 7.20884
v 0.198562 0.394731 7.21673
v 0.191977 0.401027 7.22515
v 0.188876 0.403898 7.22901
v 0.176623 0.414815 7.24359
v 0.159972 0.428085 7.26351
v 0.149826 0.432875 7.28066
v -0.0848743 -0.0179287 6.28059
v -0.0846911 0.00242496 6.27302
v -0.0878465 0.0139162 6.2661
v -0.0913379 0.0262249 6.25872
v -0.0927629 0.0299058 6.25624
v -0.0848743 -0.0179287 6.28059
v -0.107036 -0.0224483 6.26393
v -0.122706 -0.0265969 6.25324
v -0.134851 -0.0296634 6.24516
v -0.14378 -0.0317909 6.23927
v -0.16005 -0.035474 6.22856
v -0.167904 -0.0371826 6.22338
v -0.177582 -0.0392158 6.21693
v -0.185966 -0.040946 6.21129
v -0.197474 -0.0433045 6.2035
v -0.213806 -0.0466461 6.19214
v -0.227802 -0.0495567 6.18228
v -0.242121 -0.0525933 6.17208
v -0.243946 -0.052999 6.17075
v -0.262373 -0.0571573 6.15719
v -0.276574 -0.0605564 6.14636
v -0.286921 -0.063125 6.13826
v -0.299767 -0.0664091 6.12782
v -0.315017 -0.0705299 6.11552
v -0.32862 -0.0742551 6.10435
v -0.338967 -0.0772897 6.09585
v -0.351503 -0.0805041 6.08478
v -0.205992 0.726401 6.24482
v -0.221135 0.722599 6.2459
v -0.236787 0.731244 6.24473
v -0.255284 0.743343 6.24267
v -0.259786 0.746481 6.24214
v -0.276578 0.758309 6.24014
v -0.301949 0.777114 6.2374
v -0.313346 0.785786 6.23626
v -0.325258 0.795848 6.23542
v -0.336661 0.806044 6.2348
v -0.348356 0.817961 6.23468
v -0.358264 0.828845 6.23486
v -0.365761 0.844489 6.23852
v -0.370822 0.853709 6.24043
v -0.378268 0.866976 6.24338
v -0.37864 0.86763 6.24353
v -0.37868 0.867702 6.24354
v 0.149826 0.432875 7.28066
v 0.143704 0.44488 7.27587
v 0.133382 0.458215 7.27953
v 0.129676 0.462976 7.28084
v 0.112673 0.484472 7.28448
v 0.099642 0.500124 7.28184
v 0.093706 0.506963 7.28023
v 0.0864174 0.515128 7.27801
v 0.0818616 0.520228 7.27661
v 0.18249 1.10157 6.52298
v 0.207097 1.06584 6.48664
v 0.18249 1.10157 6.52298
v 0.167028 1.12271 6.54332
v 0.248909 1.01495 6.49793
v 0.249809 0.976667 6.4953
v 0.254966 0.966016 6.49346
v 0.271968 0.942536 6.48816
v 0.284414 0.92949 6.48521
v 0.291015 0.924304 6.48436
v 0.303678 0.915621 6.4835
v 0.316526 0.906717 6.48261
v 0.332972 0.899941 6.48381
v 0.361871 0.895365 6.48928
v 0.248909 1.01495 6.49793
v 0.267892 1.01729 6.49738
v 0.280831 1.0123 6.49785
v 0.294914 1.00396 6.49817
v 0.308844 0.993754 6.49839
v 0.320602 0.983866 6.49858
v 0.336529 0.967692 6.49875
v 0.347557 0.95338 6.49851
v 0.353569 0.942409 6.49787
v 0.359833 0.930018 6.49672
v 0.365657 0.917951 6.49525
v 0.361871 0.895365 6.48928
v 0.881996 1.0664 6.74856
v 0.87665 1.06279 6.74428
v 0.861903 1.05193 6.732
v 0.854831 1.04601 6.7259
v 0.842903 1.03412 6.71531
v 0.836665 1.02742 6.70976
v 0.827105 1.0161 6.70121
v 0.820105 1.00732 6.69494
v 0.814077 0.999224 6.68944
v 0.799614 0.978454 6.67542
v 0.788979 0.962884 6.66416
v 0.781114 0.952093 6.65525
v 0.77755 0.947594 6.65108
v 0.769636 0.939235 6.64118
v 0.74615 0.933792 6.6254
v 0.424799 -0.67776 5.95401
v 0.417361 -0.665697 5.95634
v 0.40826 -0.650739 5.95681
v 0.39927 -0.636605 5.95786
v 0.391739 -0.622072 5.94916
v 0.383796 -0.608681 5.9419
v 0.373751 -0.5908 5.93311
v 0.365938 -0.575643 5.92718
v 0.35625 -0.555618 5.92017
v 0.350035 -0.548395 5.90981
v 0.344463 -0.541495 5.90016
v 0.326503 -0.513512 5.8792
v 0.853132 0.464718 6.55048
v 0.843314 0.435062 6.53672
v 0.838616 0.416876 6.52886
v 0.834801 0.40793 6.52529
v 0.827215 0.391212 6.51813
v 0.814965 0.365466 6.50898
v 0.801169 0.33727 6.49999
v 0.785942 0.311958 6.49463
v 0.982488 0.985784 6.51461
v 0.977826 0.995484 6.49254
v 0.980198 1.01168 6.4823
v 0.982164 1.02565 6.47462
v 0.984385 1.04179 6.46747
v 0.982488 0.985784 6.51461
v 0.966012 0.955738 6.51265
v 0.958322 0.943372 6.50877
v 0.947745 0.925596 6.50571
v 0.936844 0.907777 6.50212
v 0.922812 0.887051 6.49749
v 0.911296 0.871445 6.4934
v 0.903524 0.860723 6.49003
v 0.893294 0.847316 6.48523
v 0.886377 0.838072 6.48165
v 0.876645 0.82485 6.47612
v 0.869038 0.813492 6.47119
v 0.859056 0.797881 6.46444
v 0.850329 0.783086 6.45822
v 0.843843 0.771721 6.45334
v 0.836773 0.758939 6.44782
v 0.830131 0.746436 6.44217
v 0.823683 0.734171 6.43631
v 0.819489 0.726309 6.43229
v 0.809779 0.708625 6.422
v 0.804201 0.699247 6.41491
v 0.795309 0.690618 6.39552
v 0.336714 0.45884 5.65474
v 0.346518 0.447088 5.66523
v 0.359682 0.431357 5.67731
v 0.367393 0.412574 5.68432
v 0.379178 0.382889 5.67154
v -0.0214718 -0.604102 4.9412
v -0.0192924 -0.624647 4.96424
v -0.0189918 -0.627349 4.96741
v -0.0173605 -0.638495 4.98177
v -0.0164178 -0.644202 4.98941
v -0.0148138 -0.652773 5.00124
v -0.0140857 -0.655751 5.00561
v -0.0119756 -0.663337 5.01709
v -0.00825305 -0.673347 5.03334
v -0.0035891 -0.682432 5.04961
v 0.00184135 -0.691566 5.06693
v 0.00747862 -0.699261 5.08295
v 0.0144039 -0.706335 5.10033
v 0.020852 -0.711853 5.11552
v 0.0277318 -0.716127 5.13038
v 0.0413584 -0.718756 5.15495
v 0.0519126 -0.720159 5.17268
v 0.0611651 -0.720383 5.18655
v 0.0733293 -0.719208 5.20186
v 0.09433 -0.713804 5.22027
v 0.112096 -0.706247 5.23166
v 0.125045 -0.694242 5.23532
v 0.139769 -0.678443 5.23626
v 0.911091 1.27801 6.2576
v 0.908801 1.26027 6.26271
v 0.907449 1.24908 6.26534
v 0.9053 1.2286 6.2677
v 0.903496 1.19913 6.26428
v 0.903676 1.18977 6.26179
v 0.9041 1.18052 6.25904
v 0.906159 1.1701 6.25484
v 0.900912 1.14686 6.25192
v 0.892459 1.12796 6.24939
v 0.944333 0.615407 5.24283
v 0.940622 0.609946 5.25129
v 0.934814 0.601354 5.26489
v 0.933977 0.600126 5.26684
v 0.925259 0.587686 5.28722
v 0.919855 0.580243 5.29957
v 0.915108 0.573796 5.31025
v 0.90807 0.563569 5.32664
v 0.903883 0.556732 5.33711
v 0.899819 0.5487 5.34862
v 0.896116 0.538813 5.36157
v 0.894258 0.527858 5.37367
v 0.8937 0.520819 5.38072
v 0.894283 0.511301 5.38831
v 0.896123 0.493589 5.40075
v 0.899996 0.472704 5.41302
v 0.924455 0.482804 5.39841
v 0.916111 0.479253 5.40249
v 0.899996 0.472704 5.41302
v 1.06778 0.402383 5.66376
v 1.0633 0.403159 5.67336
v 1.06229 0.403316 5.67556
v 1.05806 0.403768 5.68525
v 1.05701 0.403825 5.6878
v 1.05249 0.403374 5.70031
v 1.0473 0.402223 5.71629
v 1.04176 0.398897 5.73925
v 1.03776 0.387543 5.76903
v 0.839164 0.349625 5.44096
v 0.839109 0.349639 5.44148
v 0.838897 0.349696 5.44344
v 0.838388 0.349853 5.44807
v 0.836891 0.350393 5.46162
v 0.836078 0.350799 5.46912
v 0.834533 0.351736 5.48376
v 0.833459 0.354059 5.50027
v 0.834003 0.36084 5.52141
v 1.1269 1.10643 6.07114
v 1.11697 1.08641 6.06605
v 1.10979 1.07298 6.06242
v 1.10861 1.07054 6.06182
v 1.10181 1.0555 6.05855
v 0.67693 0.829993 6.64068
v 0.681208 0.820014 6.6307
v 0.686709 0.81329 6.62298
v 0.710228 0.801274 6.59946
v -0.0207299 0.474922 5.85501
v -0.0047233 0.480295 5.8673
v 0.0171778 0.492412 5.87656
v -0.0451655 1.04499 6.04536
v -0.0235933 1.00923 6.04183
v -0.0188089 0.998505 6.04232
v -0.0150409 0.988825 6.04272
v -0.0120384 0.980755 6.04329
v -0.00776659 0.969288 6.04437
v -0.00373135 0.958595 6.04605
v -0.00172404 0.95335 6.04701
v 0.002666 0.942191 6.04944
v 0.00872901 0.927778 6.05345
v 0.0174832 0.908897 6.06016
v 0.0247803 0.895453 6.06637
v 0.0356437 0.878483 6.07604
v 0.0438408 0.867438 6.08321
v 0.0549416 0.854208 6.09227
v 0.0638765 0.844892 6.0992
v 0.0842394 0.833141 6.1208
v 0.785942 0.311958 6.49463
v 0.772882 0.285754 6.4835
v 0.766867 0.271659 6.47537
v 0.760999 0.258188 6.46775
v 0.753194 0.241268 6.4589
v 0.745163 0.227134 6.45168
v 0.735737 0.211866 6.44201
v 0.722265 0.193812 6.42974
v 0.704587 0.169108 6.41316
v 0.689665 0.151038 6.39534
v 0.802808 0.405899 6.21696
v 0.806086 0.419081 6.20555
v 0.806812 0.431743 6.19953
v 0.80769 0.445619 6.19182
v 0.808678 0.468413 6.18071
v 0.81155 0.489633 6.16819
v 0.826843 0.512842 6.16498
v 0.612059 1.28331 6.50435
v 0.612128 1.27772 6.50888
v 0.61292 1.27147 6.51588
v 0.613469 1.25564 6.52227
v 0.613114 1.24472 6.52272
v 0.611843 1.2281 6.51981
v 0.611614 1.22439 6.51912
v 0.611134 1.21038 6.51682
v 0.610403 1.18688 6.51241
v 0.610423 1.16198 6.50739
v 0.610649 1.13993 6.50331
v 0.61185 1.10921 6.49982
v 0.613395 1.08991 6.4993
v 0.615737 1.06688 6.50024
v 0.617507 1.05082 6.50164
v 0.620894 1.02687 6.50464
v 0.630048 0.981588 6.50793
v 0.379178 0.382889 5.67154
v 0.387285 0.359194 5.6772
v 0.392122 0.344216 5.69004
v 0.39553 0.334755 5.69623
v 0.401728 0.319147 5.7049
v 0.410315 0.298963 5.71469
v 0.418128 0.281473 5.72278
v 0.423084 0.271397 5.72739
v 0.429174 0.259235 5.73303
v 0.437919 0.242503 5.74094
v 0.441443 0.236256 5.74421
v 0.445909 0.228914 5.74844
v 0.456642 0.213102 5.75927
v 0.462452 0.204708 5.76492
v 0.475764 0.185658 5.77762
v 0.493898 0.159275 5.79054
v 0.517877 0.127643 5.79943
v 0.538833 0.112374 5.79231
v 0.774546 0.349131 6.02473
v 0.76202 0.358743 6.01328
v 0.74731 0.385956 6.00133
v 0.807141 0.728338 5.87998
v 0.82587 0.756781 5.87612
v 0.837966 0.765624 5.87861
v 0.86172 0.7856 5.88065
v 0.899996 0.472704 5.41302
v 0.891406 0.462474 5.42307
v 0.879221 0.445881 5.43893
v 0.872642 0.436569 5.44851
v 0.865444 0.425915 5.4598
v 0.861538 0.42 5.46612
v 0.856802 0.412367 5.47449
v 0.849963 0.400674 5.48718
v 0.845222 0.391638 5.49677
v 0.841354 0.382749 5.50535
v 0.839906 0.378604 5.5085
v 0.834003 0.36084 5.52141
v 1.03569 0.907607 6.02044
v 1.04029 0.930155 6.0267
v 1.04492 0.944276 6.03016
v 1.04766 0.951682 6.03181
v 1.05327 0.964078 6.03487
v 1.0599 0.978046 6.03814
v 1.06472 0.98603 6.04055
v 1.06991 0.994586 6.04307
v 1.07424 1.00107 6.0452
v 1.08462 1.01915 6.05024
v 1.0951 1.03448 6.05544
v 0.626715 0.390386 6.52192
v 0.626478 0.332341 6.50519
v 0.710228 0.801274 6.59946
v 0.732402 0.812088 6.5878
v 0.73776 0.827249 6.58951
v 0.742066 0.845973 6.59165
v 0.745364 0.862658 6.59483
v 0.74927 0.880413 6.59588
v 0.750322 0.903702 6.60414
v 0.74615 0.933792 6.6254
v 0.529863 -0.310655 6.3831
v 0.544948 -0.292286 6.41236
v 0.544966 -0.274568 6.41912
v 0.544724 -0.259801 6.42436
v 0.544533 -0.248083 6.42837
v 0.54429 -0.236376 6.43216
v 0.544112 -0.228939 6.43449
v 0.543362 -0.202271 6.44249
v 0.542683 -0.178784 6.44975
v 0.542293 -0.165364 6.45414
v 0.541684 -0.147249 6.45977
v 0.541393 -0.134774 6.46665
v 0.541025 -0.120778 6.47321
v 0.538748 -0.0946096 6.47932
v 0.529863 -0.310655 6.3831
v 0.53605 -0.336929 6.38207
v 0.529863 -0.310655 6.3831
v 0.541467 -0.324732 6.39368
v 0.53605 -0.336929 6.38207
v 0.486758 0.644781 6.47993
v 0.514177 0.649693 6.47711
v 0.526839 0.643787 6.47792
v 0.540779 0.632723 6.47983
v 0.545533 0.627914 6.48022
v 0.563515 0.61623 6.47814
v 0.581975 0.602636 6.47757
v 0.419588 -0.556063 6.31009
v 0.443893 -0.590879 6.29469
v 0.45345 -0.603767 6.2822
v 0.467892 -0.626797 6.26804
v 0.199136 0.28359 6.20912
v 0.19901 0.288919 6.19283
v 0.197663 0.298673 6.16884
v 0.188253 0.31373 6.15102
v 0.183637 0.320914 6.14147
v 0.179441 0.326603 6.13424
v 0.170915 0.337164 6.12128
v 0.161843 0.347807 6.108
v 0.151167 0.359565 6.09298
v 0.130705 0.381771 6.06448
v 0.123177 0.389395 6.05373
v 0.114276 0.398314 6.04082
v 0.107297 0.405228 6.03057
v 0.0988517 0.413643 6.01815
v 0.088902 0.423656 6.00326
v 0.0777823 0.434845 5.98621
v 0.0701036 0.442613 5.97412
v 0.05478 0.458377 5.94748
v 0.044367 0.46904 5.92643
v 0.0265235 0.480157 5.89899
v 0.0171778 0.492412 5.87656
v 0.0842394 0.833141 6.1208
v 0.0958454 0.834401 6.13862
v 0.109183 0.83201 6.1541
v 0.121768 0.827437 6.16565
v 0.135141 0.820009 6.17535
v 0.146794 0.811946 6.18284
v 0.158464 0.800898 6.18989
v 0.165223 0.791968 6.19501
v 0.170806 0.781472 6.20175
v 0.174023 0.772753 6.2087
v 0.177596 0.760233 6.21955
v 0.180375 0.736966 6.24205
v 0.178193 0.729844 6.25234
v 0.182569 0.705806 6.2603
v 0.1841 0.695755 6.26261
v 0.185064 0.689554 6.26393
v 0.188142 0.670031 6.26806
v 0.18999 0.6551 6.27062
v 0.195201 0.638304 6.28341
v 0.198196 0.624867 6.29252
v 0.199906 0.61167 6.30111
v 0.202476 0.596183 6.31069
v 0.208838 0.573726 6.32317
v 0.214608 0.559047 6.33071
v 0.219043 0.548335 6.33622
v 0.224318 0.535986 6.34242
v 0.23205 0.517931 6.35128
v 0.235465 0.509506 6.3553
v 0.240397 0.497289 6.36103
v 0.246736 0.482222 6.36869
v 0.25514 0.462363 6.37937
v 0.850795 1.28967 6.65957
v 0.841383 1.25948 6.65589
v 0.836833 1.24661 6.65246
v 0.832418 1.2321 6.64631
v 0.828773 1.21829 6.64083
v 0.824348 1.19924 6.63256
v 0.821182 1.18193 6.62436
v 0.819174 1.1669 6.61678
v 0.818696 1.14554 6.60436
v 0.809652 1.12339 6.60136
v 0.805669 1.11014 6.5991
v 0.801585 1.09521 6.5964
v 0.796281 1.0772 6.59418
v 0.793892 1.06702 6.59274
v 0.790353 1.0555 6.5917
v 0.785632 1.04236 6.59115
v 0.774998 1.01159 6.5889
v 0.767807 0.9888 6.58928
v 0.763594 0.977699 6.5935
v 0.760226 0.965379 6.59592
v 0.754382 0.944869 6.60807
v 0.74615 0.933792 6.6254
v 0.795309 0.690618 6.39552
v 0.793927 0.699503 6.37377
v 0.797303 0.712014 6.3678
v 0.8008 0.725169 6.35984
v 0.808599 0.746393 6.3496
v 0.818139 0.768923 6.33895
v 0.820545 0.773822 6.33669
v 0.826258 0.785421 6.33127
v 0.832019 0.797529 6.3259
v 0.837862 0.810526 6.3203
v 0.845667 0.829733 6.3124
v 0.851217 0.844013 6.30664
v 0.856733 0.860545 6.30041
v 0.86164 0.876277 6.29463
v 0.864732 0.886973 6.2908
v 0.866475 0.892823 6.28872
v 0.874401 0.919222 6.27969
v 0.878516 0.933285 6.27515
v 0.881308 0.943646 6.27209
v 0.885252 0.959606 6.26769
v 0.887896 0.972908 6.26448
v 0.890585 0.988352 6.26113
v 0.892897 1.00556 6.258
v 0.894739 1.0252 6.25512
v 0.894952 1.02932 6.25463
v 0.895623 1.04308 6.25303
v 0.896006 1.06626 6.25107
v 0.895989 1.08771 6.24983
v 0.895958 1.09686 6.24961
v 0.895104 1.1127 6.24944
v 0.892459 1.12796 6.24939
v 1.0951 1.03448 6.05544
v 1.10181 1.0555 6.05855
v 0.719285 1.05431 6.04498
v 0.736516 1.08247 6.04188
v 0.736705 1.1028 6.02517
v 0.719285 1.05431 6.04498
v 0.722961 1.03409 6.05164
v 0.717981 1.00754 6.06114
v 0.725182 0.980619 6.06243
v 0.726946 0.966339 6.06367
v 0.728857 0.9539 6.06528
v 0.73351 0.936927 6.06653
v 0.739936 0.918941 6.06789
v 0.747049 0.902931 6.07175
v 0.767286 0.892066 6.06425
v 0.626478 0.332341 6.50519
v 0.643155 0.326144 6.49553
v 0.650331 0.3115 6.48221
v 0.655866 0.291528 6.46549
v 0.65802 0.280052 6.45676
v 0.660012 0.260527 6.44334
v 0.660817 0.250217 6.43657
v 0.661725 0.238362 6.429
v 0.663057 0.22379 6.42091
v 0.666034 0.204442 6.4118
v 0.668609 0.193217 6.40744
v 0.674743 0.180619 6.40445
v 0.689665 0.151038 6.39534
v 0.581975 0.602636 6.47757
v 0.582349 0.623128 6.45546
v 0.583929 0.658323 6.43378
v 0.581304 0.698932 6.42351
v 0.581693 0.716785 6.4229
v 0.583168 0.734568 6.42335
v 0.592124 0.76401 6.42512
v 0.586119 0.790428 6.44261
v 0.586211 0.80071 6.4475
v 0.587229 0.811682 6.45268
v 0.589355 0.831836 6.46263
v 0.590689 0.840971 6.46706
v 0.595676 0.86449 6.47765
v 0.601537 0.881781 6.4838
v 0.608109 0.901008 6.48981
v 0.613998 0.920604 6.49525
v 0.617533 0.933309 6.4985
v 0.620809 0.946883 6.50145
v 0.630048 0.981588 6.50793
v 0.540541 -0.0847898 6.51729
v 0.538748 -0.0946096 6.47932
v 0.689665 0.151038 6.39534
v 0.692162 0.120875 6.3792
v 0.693252 0.107127 6.37114
v 0.694942 0.093758 6.36269
v 0.703104 0.0811451 6.34325
v 0.538833 0.112374 5.79231
v 0.546491 0.126676 5.76888
v 0.551243 0.148852 5.74899
v 0.556567 0.171919 5.73058
v 0.558825 0.183344 5.72266
v 0.559719 0.1878 5.71957
v 0.562298 0.20102 5.71047
v 0.564129 0.212243 5.70329
v 0.565735 0.225615 5.69534
v 0.566744 0.234757 5.68991
v 0.566798 0.246148 5.68421
v 0.567064 0.252573 5.68048
v 0.562981 0.277333 5.67287
v 0.467892 -0.626797 6.26804
v 0.479516 -0.65439 6.27162
v 0.485524 -0.668372 6.27524
v 0.491984 -0.683143 6.27867
v 0.502555 -0.69973 6.28539
v 0.508464 -0.708517 6.2892
v 0.521411 -0.726926 6.29768
v 0.532832 -0.747342 6.30377
v 0.550805 -0.753691 6.31912
v 0.532832 -0.747342 6.30377
v 0.577726 -1.17326 6.20899
v 0.557317 -1.14876 6.23403
v 0.326503 -0.513512 5.8792
v 0.315538 -0.485032 5.88593
v 0.306437 -0.471554 5.87973
v 0.29201 -0.450823 5.87047
v 0.275086 -0.42705 5.85758
v 0.270976 -0.42118 5.85404
v 0.255138 -0.398028 5.83949
v 0.239422 -0.374425 5.82376
v 0.231148 -0.357921 5.81384
v 0.226396 -0.348932 5.80838
v 0.213237 -0.31451 5.7862
v 0.209862 -0.303573 5.77879
v 0.204179 -0.28846 5.76919
v 0.201732 -0.278622 5.76217
v 0.198317 -0.266683 5.75404
v 0.192288 -0.240133 5.73528
v 0.186262 -0.212994 5.71718
v 0.181195 -0.187928 5.7011
v 0.178793 -0.162523 5.68454
v 0.160826 -0.126528 5.6644
l 1 2
l 2 3
l 3 4
l 4 5
l 5 6
l 7 8
l 8 9
l 9 10
l 10 11
l 11 12
l 12 13
l 13 14
l 14 15
l 15 16
l 16 17
l 18 19
l 19 20
l 20 21
l 21 22
l 22 23
l 23 24
l 24 25
l 25 26
l 26 27
l 27 28
l 28 29
l 29 30
l 30 31
l 31 32
l 32 33
l 33 34
l 34 35
l 35 36
l 36 37
l 38 39
l 39 40
l 40 41
l 41 42
l 42 43
l 43 44
l 44 45
l 45 46
l 46 47
l 47 48
l 48 49
l 49 50
l 50 51
l 51 52
l 52 53
l 53 54
l 54 55
l 55 56
l 56 57
l 57 58
l 58 59
l 59 60
l 60 61
l 61 62
l 62 63
l 64 65
l 65 66
l 66 67
l 67 68
l 68 69
l 69 70
l 70 71
l 71 72
l 72 73
l 73 74
l 75 76
l 76 77
l 77 78
l 78 79
l 79 80
l 80 81
l 81 82
l 82 83
l 83 84
l 84 85
l 86 87
l 87 88
l 88 89
l 89 90
l 90 91
l 91 92
l 92 93
l 93 94
l 94 95
l 95 96
l 96 97
l 97 98
l 98 99
l 99 100
l 100 101
l 101 102
l 102 103
l 103 104
l 104 105
l 105 106
l 106 107
l 107 108
l 108 109
l 109 110
l 110 111
l 111 112
l 112 113
l 113 114
l 114 115
l 115 116
l 116 117
l 117 118
l 118 119
l 119 120
l 120 121
l 121 122
l 122 123
l 123 124
l 124 125
l 125 126
l 126 127
l 127 128
l 128 129
l 129 130
l 130 131
l 131 132
l 132 133
l 133 134
l 134 135
l 135 136
l 137 138
l 138 139
l 139 140
l 140 141
l 141 142
l 142 143
l 143 144
l 144 145
l 145 146
l 146 147
l 147 148
l 148 149
l 149 150
l 150 151
l 151 152
l 152 153
l 153 154
l 154 155
l 155 156
l 156 157
l 157 158
l 158 159
l 159 160
l 160 161
l 161 162
l 162 163
l 163 164
l 164 165
l 165 166
l 166 167
l 167 168
l 168 169
l 169 170
l 171 172
l 172 173
l 173 174
l 174 175
l 175 176
l 177 178
l 178 179
l 179 180
l 180 181
l 181 182
l 182 183
l 183 184
l 184 185
l 185 186
l 187 188
l 188 189
l 189 190
l 190 191
l 191 192
l 192 193
l 193 194
l 194 195
l 195 196
l 196 197
l 197 198
l 198 199
l 199 200
l 200 201
l 201 202
l 203 204
l 204 205
l 205 206
l 206 207
l 207 208
l 208 209
l 210 211
l 211 212
l 212 213
l 213 214
l 214 215
l 215 216
l 216 217
l 217 218
l 218 219
l 220 221
l 221 222
l 222 223
l 223 224
l 224 225
l 225 226
l 226 227
l 227 228
l 228 229
l 229 230
l 230 231
l 231 232
l 232 233
l 233 234
l 234 235
l 235 236
l 236 237
l 237 238
l 238 239
l 239 240
l 240 241
l 242 243
l 243 244
l 244 245
l 245 246
l 246 247
l 247 248
l 248 249
l 249 250
l 250 251
l 251 252
l 252 253
l 253 254
l 254 255
l 255 256
l 256 257
l 257 258
l 258 259
l 260 261
l 261 262
l 262 263
l 263 264
l 264 265
l 265 266
l 266 267
l 267 268
l 268 269
l 269 270
l 270 271
l 271 272
l 272 273
l 274 275
l 275 276
l 276 277
l 277 278
l 278 279
l 279 280
l 280 281
l 281 282
l 282 283
l 283 284
l 285 286
l 287 288
l 288 289
l 289 290
l 290 291
l 291 292
l 292 293
l 293 294
l 294 295
l 295 296
l 296 297
l 298 299
l 299 300
l 300 301
l 301 302
l 302 303
l 303 304
l 304 305
l 305 306
l 306 307
l 307 308
l 308 309
l 309 310
l 310 311
l 311 312
l 312 313
l 313 314
l 315 316
l 316 317
l 317 318
l 318 319
l 319 320
l 320 321
l 322 323
l 323 324
l 324 325
l 325 326
l 326 327
l 327 328
l 329 330
l 330 331
l 331 332
l 332 333
l 333 334
l 334 335
l 335 336
l 337 338
l 339 340
l 340 341
l 341 342
l 343 344
l 345 346
l 347 348
l 348 349
l 349 350
l 350 351
l 351 352
l 352 353
l 353 354
l 355 356
l 357 358
l 358 359
l 359 360
l 361 362
l 362 363
l 363 364
l 364 365
l 365 366
l 366 367
l 367 368
l 368 369
l 370 371
l 372 373
l 373 374
l 375 376
l 376 377
l 378 379
l 380 381
l 381 382
l 382 383
l 384 385
l 385 386
l 386 387
l 387 388
l 389 390
l 390 391
l 391 392
l 392 393
l 393 394
l 395 396
l 396 397
l 397 398
l 398 399
l 399 400
l 400 401
l 401 402
l 402 403
l 403 404
l 404 405
l 405 406
l 406 407
l 407 408
l 408 409
l 409 410
l 410 411
l 411 412
l 412 413
l 413 414
l 414 415
l 415 416
l 416 417
l 417 418
l 418 419
l 419 420
l 420 421
l 421 422
l 422 423
l 424 425
l 425 426
l 426 427
l 427 428
l 428 429
l 429 430
l 431 432
l 432 433
l 433 434
l 434 435
l 435 436
l 436 437
l 437 438
l 438 439
l 439 440
l 440 441
l 441 442
l 442 443
l 443 444
l 444 445
l 445 446
l 447 448
l 448 449
l 449 450
l 450 451
l 451 452
l 452 453
l 453 454
l 455 456
l 456 457
l 457 458
l 458 459
l 459 460
l 460 461
l 461 462
l 462 463
l 463 464
l 464 465
l 465 466
l 466 467
l 467 468
l 468 469
l 470 471
l 471 472
l 472 473
l 473 474
l 474 475
l 475 476
l 476 477
l 477 478
l 478 479
l 480 481
l 481 482
l 482 483
l 483 484
l 484 485
l 485 486
l 487 488
l 488 489
l 489 490
l 490 491
l 491 492
l 492 493
l 493 494
l 494 495
l 495 496
l 496 497
l 497 498
l 498 499
l 499 500
l 500 501
l 501 502
l 502 503
l 503 504
l 504 505
l 505 506
l 506 507
l 507 508
l 508 509
l 509 510
l 510 511
l 511 512
l 512 513
l 513 514
l 514 515
l 515 516
l 516 517
l 517 518
l 519 520
l 520 521
l 521 522
l 522 523
l 523 524
l 524 525
l 525 526
l 526 527
l 527 528
l 528 529
l 529 530
l 530 531
l 532 533
l 533 534
l 534 535
l 536 537
l 537 538
l 538 539
l 539 540
l 540 541
l 541 542
l 542 543
l 543 544
l 544 545
l 545 546
l 546 547
l 547 548
l 548 549
l 549 550
l 551 552
l 552 553
l 553 554
l 554 555
l 555 556
l 556 557
l 558 559
l 559 560
l 560 561
l 561 562
l 562 563
l 563 564
l 564 565
l 565 566
l 566 567
l 567 568
l 568 569
l 569 570
l 570 571
l 571 572
l 572 573
l 573 574
l 574 575
l 575 576
l 576 577
l 577 578
l 578 579
l 579 580
l 580 581
l 581 582
l 582 583
l 583 584
l 584 585
l 586 587
l 587 588
l 588 589
l 589 590
l 590 591
l 591 592
l 592 593
l 594 595
l 595 596
l 596 597
l 597 598
l 598 599
l 599 600
l 600 601
l 601 602
l 602 603
l 603 604
l 604 605
l 605 606
l 606 607
l 607 608
l 608 609
l 609 610
l 610 611
l 611 612
l 612 613
l 613 614
l 614 615
l 615 616
l 616 617
l 617 618
l 618 619
l 619 620
l 620 621
l 621 622
l 622 623
l 623 624
l 624 625
l 625 626
l 626 627
l 627 628
l 628 629
l 629 630
l 630 631
l 632 633
l 633 634
l 634 635
l 635 636
l 636 637
l 637 638
l 638 639
l 639 640
l 640 641
l 641 642
l 642 643
l 643 644
l 644 645
l 645 646
l 646 647
l 647 648
l 648 649
l 649 650
l 650 651
l 651 652
l 652 653
l 653 654
l 655 656
l 656 657
l 657 658
l 658 659
l 660 661
l 661 662
l 662 663
l 663 664
l 664 665
l 665 666
l 666 667
l 668 669
l 669 670
l 670 671
l 671 672
l 672 673
l 673 674
l 674 675
l 675 676
l 676 677
l 677 678
l 678 679
l 679 680
l 680 681
l 681 682
l 682 683
l 683 684
l 685 686
l 686 687
l 687 688
l 688 689
l 689 690
l 690 691
l 691 692
l 692 693
l 693 694
l 694 695
l 695 696
l 696 697
l 697 698
l 698 699
l 699 700
l 700 701
l 701 702
l 702 703
l 703 704
l 705 706
l 706 707
l 707 708
l 708 709
l 709 710
l 711 712
l 712 713
l 713 714
l 714 715
l 715 716
l 716 717
l 717 718
l 718 719
l 719 720
l 720 721
l 721 722
l 722 723
l 723 724
l 724 725
l 725 726
l 726 727
l 727 728
l 728 729
l 729 730
l 730 731
l 731 732
l 732 733
l 733 734
l 734 735
l 735 736
l 736 737
l 737 738
l 738 739
l 739 740
l 740 741
l 741 742
l 742 743
l 743 744
l 744 745
l 745 746
l 747 748
l 748 749
l 749 750
l 750 751
l 751 752
l 752 753
l 753 754
l 754 755
l 755 756
l 756 757
l 757 758
l 758 759
l 759 760
l 760 761
l 761 762
l 762 763
l 764 765
l 765 766
l 766 767
l 767 768
l 768 769
l 769 770
l 770 771
l 771 772
l 772 773
l 773 774
l 774 775
l 775 776
l 776 777
l 778 779
l 780 781
l 781 782
l 782 783
l 783 784
l 784 785
l 785 786
l 786 787
l 787 788
l 789 790
l 790 791
l 791 792
l 792 793
l 793 794
l 794 795
l 795 796
l 796 797
l 797 798
l 798 799
l 799 800
l 800 801
l 802 803
l 803 804
l 804 805
l 805 806
l 806 807
l 807 808
l 808 809
l 809 810
l 810 811
l 811 812
l 812 813
l 813 814
l 815 816
l 816 817
l 817 818
l 818 819
l 819 820
l 820 821
l 821 822
l 822 823
l 823 824
l 824 825
l 825 826
l 826 827
l 827 828
l 829 830
l 830 831
l 832 833
l 833 834
l 834 835
l 835 836
l 836 837
l 837 838
l 838 839
l 839 840
l 841 842
l 842 843
l 843 844
l 845 846
l 846 847
l 847 848
l 849 850
l 850 851
l 852 853
l 853 854
l 854 855
l 855 856
l 856 857
l 857 858
l 858 859
l 859 860
l 860 861
l 861 862
l 862 863
l 863 864
l 864 865
l 865 866
l 867 868
l 868 869
l 869 870
l 870 871
l 871 872
l 872 873
l 873 874
l 874 875
l 875 876
l 876 877
l 877 878
l 878 879
l 879 880
l 881 882
l 882 883
l 883 884
l 884 885
l 885 886
l 886 887
l 887 888
l 888 889
l 889 890
l 890 891
l 891 892
l 892 893
l 893 894
l 894 895
l 895 896
l 896 897
l 897 898
l 898 899
l 899 900
l 900 901
l 901 902
l 902 903
l 903 904
l 904 905
l 905 906
l 907 908
l 908 909
l 909 910
l 910 911
l 911 912
l 912 913
l 913 914
l 914 915
l 915 916
l 916 917
l 917 918
l 919 920
l 920 921
l 921 922
l 922 923
l 923 924
l 924 925
l 925 926
l 926 927
l 927 928
l 928 929
l 929 930
l 930 931
l 931 932
l 932 933
l 933 934
l 934 935
l 935 936
l 936 937
l 937 938
l 938 939
l 939 940
l 940 941
l 941 942
l 942 943
l 943 944
l 944 945
l 945 946
l 946 947
l 947 948
l 948 949
l 949 950
l 950 951
l 951 952
l 952 953
l 953 954
l 954 955
l 955 956
l 956 957
l 957 958
l 958 959
l 959 960
l 960 961
l 961 962
l 962 963
l 963 964
l 964 965
l 965 966
l 966 967
l 967 968
l 968 969
l 969 970
l 970 971
l 971 972
l 972 973
l 973 974
l 974 975
l 975 976
l 976 977
l 977 978
l 978 979
l 979 980
l 980 981
l 981 982
l 982 983
l 983 984
l 984 985
l 985 986
l 986 987
l 987 988
l 988 989
l 989 990
l 990 991
l 991 992
l 993 994
l 994 995
l 995 996
l 996 997
l 998 999
l 999 1000
l 1000 1001
l 1001 1002
l 1002 1003
l 1003 1004
l 1004 1005
l 1005 1006
l 1006 1007
l 1007 1008
l 1009 1010
l 1010 1011
l 1011 1012
l 1012 1013
l 1013 1014
l 1014 1015
l 1015 1016
l 1016 1017
l 1017 1018
l 1018 1019
l 1019 1020
l 1020 1021
l 1021 1022
l 1022 1023
l 1023 1024
l 1024 1025
l 1025 1026
l 1026 1027
l 1027 1028
l 1029 1030
l 1030 1031
l 1031 1032
l 1032 1033
l 1033 1034
l 1034 1035
l 1036 1037
l 1037 1038
l 1038 1039
l 1039 1040
l 1041 1042
l 1043 1044
l 1044 1045
l 1045 1046
l 1046 1047
l 1047 1048
l 1048 1049
l 1049 1050
l 1050 1051
l 1051 1052
l 1052 1053
l 1053 1054
l 1054 1055
l 1055 1056
l 1057 1058
l 1058 1059
l 1059 1060
l 1060 1061
l 1061 1062
l 1062 1063
l 1063 1064
l 1064 1065
l 1065 1066
l 1066 1067
l 1068 1069
l 1069 1070
l 1070 1071
l 1071 1072
l 1072 1073
l 1073 1074
l 1074 1075
l 1075 1076
l 1076 1077
l 1077 1078
l 1078 1079
l 1080 1081
l 1081 1082
l 1082 1083
l 1083 1084
l 1084 1085
l 1085 1086
l 1086 1087
l 1087 1088
l 1088 1089
l 1089 1090
l 1090 1091
l 1091 1092
l 1092 1093
l 1093 1094
l 1094 1095
l 1095 1096
l 1096 1097
l 1097 1098
l 1099 1100
l 1100 1101
l 1101 1102
l 1102 1103
l 1103 1104
l 1104 1105
l 1105 1106
l 1106 1107
l 1107 1108
l 1108 1109
l 1109 1110
l 1110 1111
l 1111 1112
l 1112 1113
l 1113 1114
l 1114 1115
l 1115 1116
l 1116 1117
l 1117 1118
l 1118 1119
l 1119 1120
l 1120 1121
l 1121 1122
l 1122 1123
l 1123 1124
l 1124 1125
l 1125 1126
l 1126 1127
l 1127 1128
l 1128 1129
l 1129 1130
l 1131 1132
l 1132 1133
l 1133 1134
l 1134 1135
l 1135 1136
l 1136 1137
l 1137 1138
l 1138 1139
l 1139 1140
l 1140 1141
l 1141 1142
l 1142 1143
l 1143 1144
l 1144 1145
l 1145 1146
l 1146 1147
l 1147 1148
l 1148 1149
l 1149 1150
l 1150 1151
l 1151 1152
l 1153 1154
l 1154 1155
l 1155 1156
l 1156 1157
l 1158 1159
l 1159 1160
l 1160 1161
l 1161 1162
l 1162 1163
l 1163 1164
l 1164 1165
l 1165 1166
l 1166 1167
l 1167 1168
l 1168 1169
l 1169 1170
l 1170 1171
l 1171 1172
l 1172 1173
l 1173 1174
l 1174 1175
l 1175 1176
l 1176 1177
l 1177 1178
l 1178 1179
l 1179 1180
l 1180 1181
l 1181 1182
l 1182 1183
l 1183 1184
l 1184 1185
l 1185 1186
l 1186 1187
l 1187 1188
l 1188 1189
l 1190 1191
l 1191 1192
l 1192 1193
l 1193 1194
l 1194 1195
l 1195 1196
l 1196 1197
l 1197 1198
l 1199 1200
l 1200 1201
l 1201 1202
l 1202 1203
l 1203 1204
l 1204 1205
l 1205 1206
l 1206 1207
l 1207 1208
l 1208 1209
l 1210 1211
l 1211 1212
l 1212 1213
l 1213 1214
l 1214 1215
l 1215 1216
l 1216 1217
l 1217 1218
l 1218 1219
l 1219 1220
l 1220 1221
l 1221 1222
l 1222 1223
l 1223 1224
l 1224 1225
l 1225 1226
l 1226 1227
l 1227 1228
l 1228 1229
l 1229 1230
l 1230 1231
l 1231 1232
l 1232 1233
l 1233 1234
l 1234 1235
l 1235 1236
l 1236 1237
l 1237 1238
l 1238 1239
l 1239 1240
l 1240 1241
l 1241 1242
l 1242 1243
l 1243 1244
l 1244 1245
l 1245 1246
l 1246 1247
l 1247 1248
l 1248 1249
l 1249 1250
l 1250 1251
l 1251 1252
l 1253 1254
l 1254 1255
l 1256 1257
l 1257 1258
l 1258 1259
l 1259 1260
l 1260 1261
l 1261 1262
l 1262 1263
l 1263 1264
l 1264 1265
l 1265 1266
l 1266 1267
l 1267 1268
l 1268 1269
l 1270 1271
l 1271 1272
l 1272 1273
l 1273 1274
l 1274 1275
l 1275 1276
l 1276 1277
l 1277 1278
l 1278 1279
l 1279 1280
l 1280 1281
l 1281 1282
l 1282 1283
l 1283 1284
l 1284 1285
l 1285 1286
l 1286 1287
l 1287 1288
l 1288 1289
l 1289 1290
l 1290 1291
l 1291 1292
l 1292 1293
l 1293 1294
l 1294 1295
l 1295 1296
l 1296 1297
l 1297 1298
l 1298 1299
l 1299 1300
l 1300 1301
l 1301 1302
l 1302 1303
l 1303 1304
l 1304 1305
l 1305 1306
l 1306 1307
l 1307 1308
l 1309 1310
l 1310 1311
l 1312 1313
l 1314 1315
l 1316 1317
l 1317 1318
l 1318 1319
l 1319 1320
l 1320 1321
l 1321 1322
l 1322 1323
l 1323 1324
l 1324 1325
l 1325 1326
l 1326 1327
l 1327 1328
l 1328 1329
l 1329 1330
l 1330 1331
l 1331 1332
l 1332 1333
l 1333 1334
l 1334 1335
l 1335 1336
l 1336 1337
l 1337 1338
l 1338 1339
l 1339 1340
l 1341 1342
l 1342 1343
l 1343 1344
l 1344 1345
l 1345 1346
l 1346 1347
l 1347 1348
l 1348 1349
l 1349 1350
l 1350 1351
l 1351 1352
l 1353 1354
l 1354 1355
l 1355 1356
l 1356 1357
l 1357 1358
l 1358 1359
l 1359 1360
l 1360 1361
l 1361 1362
l 1362 1363
l 1363 1364
l 1364 1365
l 1365 1366
l 1366 1367
l 1367 1368
l 1368 1369
l 1369 1370
l 1371 1372
l 1372 1373
l 1373 1374
l 1374 1375
l 1375 1376
l 1376 1377
l 1377 1378
l 1379 1380
l 1380 1381
l 1381 1382
l 1382 1383
l 1383 1384
l 1384 1385
l 1385 1386
l 1386 1387
l 1387 1388
l 1388 1389
l 1389 1390
l 1390 1391
l 1391 1392
l 1392 1393
l 1393 1394
l 1394 1395
l 1395 1396
l 1397 1398
l 1398 1399
l 1399 1400
l 1400 1401
l 1401 1402
l 1402 1403
l 1403 1404
l 1404 1405
l 1405 1406
l 1406 1407
l 1407 1408
l 1408 1409
l 1409 1410
l 1411 1412
l 1412 1413
l 1413 1414
l 1415 1416
l 1416 1417
l 1417 1418
l 1418 1419
l 1419 1420
l 1420 1421
l 1422 1423
l 1423 1424
l 1424 1425
l 1425 1426
l 1426 1427
l 1427 1428
l 1428 1429
l 1429 1430
l 1430 1431
l 1431 1432
l 1432 1433
l 1433 1434
l 1434 1435
l 1435 1436
l 1436 1437
l 1438 1439
l 1439 1440
l 1440 1441
l 1441 1442
l 1442 1443
l 1443 1444
l 1444 1445
l 1445 1446
l 1446 1447
l 1447 1448
l 1448 1449
l 1449 1450
l 1450 1451
l 1451 1452
l 1452 1453
l 1453 1454
l 1454 1455
l 1455 1456
l 1456 1457
l 1457 1458
l 1459 1460
l 1460 1461
l 1461 1462
l 1462 1463
l 1463 1464
l 1464 1465
l 1465 1466
l 1466 1467
l 1467 1468
l 1469 1470
l 1471 1472
l 1472 1473
l 1474 1475
l 1475 1476
l 1476 1477
l 1477 1478
l 1478 1479
l 1479 1480
l 1480 1481
l 1481 1482
l 1482 1483
l 1483 1484
l 1484 1485
l 1485 1486
l 1486 1487
l 1487 1488
l 1488 1489
l 1489 1490
l 1490 1491
l 1491 1492
l 1493 1494
l 1494 1495
l 1495 1496
l 1496 1497
l 1497 1498
l 1498 1499
l 1499 1500
l 1500 1501
l 1501 1502
l 1502 1503
l 1503 1504
l 1504 1505
l 1505 1506
l 1506 1507
l 1507 1508
l 1508 1509
l 1509 1510
l 1510 1511
l 1511 1512
l 1512 1513
l 1513 1514
l 1514 1515
l 1515 1516
l 1516 1517
l 1517 1518
l 1518 1519
l 1519 1520
l 1521 1522
l 1522 1523
l 1523 1524
l 1524 1525
l 1525 1526
l 1526 1527
l 1527 1528
l 1528 1529
l 1529 1530
l 1530 1531
l 1531 1532
l 1532 1533
l 1533 1534
l 1534 1535
l 1535 1536
l 1536 1537
l 1537 1538
l 1539 1540
l 1540 1541
l 1541 1542
l 1542 1543
l 1543 1544
l 1544 1545
l 1545 1546
l 1546 1547
l 1547 1548
l 1548 1549
l 1549 1550
l 1550 1551
l 1552 1553
l 1553 1554
l 1554 1555
l 1555 1556
l 1556 1557
l 1557 1558
l 1559 1560
l 1560 1561
l 1561 1562
l 1562 1563
l 1563 1564
l 1564 1565
l 1566 1567
l 1567 1568
l 1568 1569
l 1569 1570
l 1570 1571
l 1571 1572
l 1572 1573
l 1573 1574
l 1574 1575
l 1575 1576
l 1576 1577
l 1577 1578
l 1579 1580
l 1580 1581
l 1581 1582
l 1582 1583
l 1583 1584
l 1584 1585
l 1585 1586
l 1586 1587
l 1587 1588
l 1588 1589
l 1590 1591
l 1592 1593
l 1593 1594
l 1594 1595
l 1596 1597
l 1597 1598
l 1598 1599
l 1600 1601
l 1601 1602
l 1602 1603
l 1603 1604
l 1604 1605
l 1605 1606
l 1606 1607
l 1608 1609
l 1609 1610
l 1610 1611
l 1611 1612
l 1612 1613
l 1613 1614
l 1614 1615
l 1615 1616
l 1616 1617
l 1617 1618
l 1618 1619
l 1619 1620
l 1620 1621
l 1621 1622
l 1622 1623
l 1623 1624
l 1624 1625
l 1625 1626
l 1627 1628
l 1628 1629
l 1629 1630
l 1630 1631
l 1631 1632
l 1632 1633
l 1633 1634
l 1634 1635
l 1635 1636
l 1636 1637
l 1637 1638
l 1638 1639
l 1639 1640
l 1640 1641
l 1641 1642
l 1642 1643
l 1643 1644
l 1644 1645
l 1645 1646
l 1646 1647
l 1647 1648
l 1648 1649
l 1649 1650
l 1650 1651
l 1651 1652
l 1652 1653
l 1653 1654
l 1654 1655
l 1655 1656
l 1656 1657
l 1657 1658
l 1658 1659
l 1660 1661
l 1661 1662
l 1662 1663
l 1663 1664
l 1664 1665
l 1665 1666
l 1666 1667
l 1667 1668
l 1669 1670
l 1670 1671
l 1671 1672
l 1672 1673
l 1673 1674
l 1674 1675
l 1675 1676
l 1676 1677
l 1677 1678
l 1678 1679
l 1679 1680
l 1680 1681
l 1681 1682
l 1682 1683
l 1683 1684
l 1684 1685
l 1686 1687
l 1687 1688
l 1688 1689
l 1689 1690
l 1690 1691
l 1691 1692
l 1692 1693
l 1693 1694
l 1694 1695
l 1695 1696
l 1696 1697
l 1697 1698
l 1698 1699
l 1699 1700
l 1700 1701
l 1701 1702
l 1702 1703
l 1703 1704
l 1704 1705
l 1705 1706
l 1706 1707
l 1708 1709
l 1709 1710
l 1710 1711
l 1711 1712
l 1712 1713
l 1714 1715
l 1715 1716
l 1716 1717
l 1717 1718
l 1718 1719
l 1719 1720
l 1720 1721
l 1721 1722
l 1722 1723
l 1724 1725
l 1725 1726
l 1726 1727
l 1727 1728
l 1728 1729
l 1729 1730
l 1730 1731
l 1731 1732
l 1732 1733
l 1733 1734
l 1734 1735
l 1735 1736
l 1736 1737
l 1737 1738
l 1738 1739
l 1739 1740
l 1740 1741
l 1741 1742
l 1742 1743
l 1744 1745
l 1745 1746
l 1746 1747
l 1747 1748
l 1748 1749
l 1750 1751
l 1751 1752
l 1753 1754
l 1754 1755
l 1755 1756
l 1756 1757
l 1757 1758
l 1758 1759
l 1759 1760
l 1760 1761
l 1761 1762
l 1763 1764
l 1764 1765
l 1765 1766
l 1766 1767
l 1767 1768
l 1768 1769
l 1769 1770
l 1770 1771
l 1771 1772
l 1772 1773
l 1773 1774
l 1774 1775
l 1775 1776
l 1776 1777
l 1777 1778
l 1778 1779
l 1779 1780
l 1780 1781
l 1781 1782
l 1782 1783
l 1783 1784
l 1784 1785
l 1785 1786
l 1786 1787
l 1787 1788
l 1788 1789
l 1789 1790
l 1790 1791
l 1791 1792
l 1792 1793
l 1793 1794
l 1794 1795
l 1795 1796
l 1796 1797
l 1797 1798
l 1798 1799
l 1799 1800
l 1800 1801
l 1802 1803
l 1803 1804
l 1804 1805
l 1805 1806
l 1806 1807
l 1808 1809
l 1809 1810
l 1810 1811
l 1812 1813
l 1813 1814
l 1814 1815
l 1815 1816
l 1816 1817
l 1817 1818
l 1818 1819
l 1819 1820
l 1820 1821
l 1821 1822
l 1822 1823
l 1823 1824
l 1824 1825
l 1825 1826
l 1826 1827
l 1827 1828
l 1829 1830
l 1830 1831
l 1831 1832
l 1832 1833
l 1833 1834
l 1834 1835
l 1835 1836
l 1836 1837
l 1837 1838
l 1838 1839
l 1839 1840
l 1840 1841
l 1841 1842
l 1842 1843
l 1843 1844
l 1844 1845
l 1845 1846
l 1846 1847
l 1847 1848
l 1848 1849
l 1849 1850
l 1851 1852
l 1852 1853
l 1853 1854
l 1854 1855
l 1855 1856
l 1856 1857
l 1857 1858
l 1858 1859
l 1859 1860
l 1860 1861
l 1861 1862
l 1862 1863
l 1863 1864
l 1864 1865
l 1865 1866
l 1866 1867
l 1867 1868
l 1868 1869
l 1869 1870
l 1870 1871
l 1871 1872
l 1872 1873
l 1874 1875
l 1875 1876
l 1876 1877
l 1877 1878
l 1878 1879
l 1879 1880
l 1880 1881
l 1881 1882
l 1882 1883
l 1883 1884
l 1884 1885
l 1885 1886
l 1886 1887
l 1887 1888
l 1888 1889
l 1889 1890
l 1890 1891
l 1891 1892
l 1892 1893
l 1894 1895
l 1895 1896
l 1896 1897
l 1897 1898
l 1898 1899
l 1899 1900
l 1900 1901
l 1901 1902
l 1902 1903
l 1903 1904
l 1904 1905
l 1905 1906
l 1906 1907
l 1907 1908
l 1908 1909
l 1909 1910
l 1910 1911
l 1911 1912
l 1912 1913
l 1914 1915
l 1915 1916
l 1916 1917
l 1917 1918
l 1918 1919
l 1919 1920
l 1921 1922
l 1922 1923
l 1923 1924
l 1924 1925
l 1925 1926
l 1926 1927
l 1927 1928
l 1928 1929
l 1929 1930
l 1931 1932
l 1933 1934
l 1934 1935
l 1935 1936
l 1936 1937
l 1937 1938
l 1938 1939
l 1939 1940
l 1940 1941
l 1941 1942
l 1942 1943
l 1943 1944
l 1944 1945
l 1945 1946
l 1946 1947
l 1947 1948
l 1948 1949
l 1950 1951
l 1951 1952
l 1952 1953
l 1953 1954
l 1954 1955
l 1955 1956
l 1956 1957
l 1957 1958
l 1958 1959
l 1959 1960
l 1961 1962
l 1962 1963
l 1963 1964
l 1965 1966
l 1966 1967
l 1967 1968
l 1968 1969
l 1969 1970
l 1971 1972
l 1972 1973
l 1973 1974
l 1974 1975
l 1975 1976
l 1976 1977
l 1977 1978
l 1978 1979
l 1979 1980
l 1980 1981
l 1981 1982
l 1982 1983
l 1983 1984
l 1984 1985
l 1985 1986
l 1986 1987
l 1987 1988
l 1988 1989
l 1989 1990
l 1990 1991
l 1991 1992
l 1992 1993
l 1994 1995
l 1995 1996
l 1996 1997
l 1998 1999
l 1999 2000
l 2000 2001
l 2001 2002
l 2002 2003
l 2003 2004
l 2004 2005
l 2005 2006
l 2006 2007
l 2008 2009
l 2009 2010
l 2010 2011
l 2011 2012
l 2012 2013
l 2013 2014
l 2014 2015
l 2015 2016
l 2017 2018
l 2018 2019
l 2019 2020
l 2020 2021
l 2021 2022
l 2022 2023
l 2024 2025
l 2025 2026
l 2026 2027
l 2027 2028
l 2028 2029
l 2029 2030
l 2030 2031
l 2031 2032
l 2032 2033
l 2033 2034
l 2034 2035
l 2035 2036
l 2036 2037
l 2037 2038
l 2038 2039
l 2040 2041
l 2041 2042
l 2042 2043
l 2043 2044
l 2044 2045
l 2046 2047
l 2048 2049
l 2049 2050
l 2051 2052
l 2052 2053
l 2053 2054
l 2054 2055
l 2055 2056
l 2056 2057
l 2057 2058
l 2058 2059
l 2060 2061
l 2061 2062
l 2062 2063
l 2064 2065
l 2065 2066
l 2066 2067
l 2067 2068
l 2068 2069
l 2069 2070
l 2070 2071
l 2071 2072
l 2072 2073
l 2074 2075
l 2075 2076
l 2076 2077
l 2077 2078
l 2078 2079
l 2079 2080
l 2080 2081
l 2081 2082
l 2082 2083
l 2084 2085
l 2085 2086
l 2086 2087
l 2087 2088
l 2088 2089
l 2090 2091
l 2091 2092
l 2092 2093
l 2093 2094
l 2094 2095
l 2095 2096
l 2096 2097
l 2097 2098
l 2098 2099
l 2099 2100
l 2100 2101
l 2101 2102
l 2102 2103
l 2103 2104
l 2104 2105
l 2105 2106
l 2106 2107
l 2107 2108
l 2108 2109
l 2109 2110
l 2110 2111
l 2111 2112
l 2112 2113
l 2113 2114
l 2114 2115
l 2115 2116
l 2116 2117
l 2118 2119
l 2119 2120
l 2120 2121
l 2121 2122
l 2122 2123
l 2123 2124
l 2124 2125
l 2125 2126
l 2126 2127
l 2127 2128
l 2128 2129
l 2129 2130
l 2130 2131
l 2131 2132
l 2132 2133
l 2134 2135
l 2135 2136
l 2136 2137
l 2137 2138
l 2138 2139
l 2139 2140
l 2140 2141
l 2141 2142
l 2142 2143
l 2143 2144
l 2144 2145
l 2145 2146
l 2146 2147
l 2148 2149
l 2149 2150
l 2150 2151
l 2151 2152
l 2152 2153
l 2153 2154
l 2154 2155
l 2156 2157
l 2157 2158
l 2158 2159
l 2159 2160
l 2160 2161
l 2161 2162
l 2162 2163
l 2163 2164
l 2164 2165
l 2165 2166
l 2166 2167
l 2167 2168
l 2168 2169
l 2169 2170
l 2170 2171
l 2171 2172
l 2172 2173
l 2173 2174
l 2174 2175
l 2175 2176
l 2176 2177
l 2177 2178
l 2178 2179
l 2179 2180
l 2180 2181
l 2182 2183
l 2183 2184
l 2184 2185
l 2185 2186
l 2186 2187
l 2187 2188
l 2188 2189
l 2189 2190
l 2190 2191
l 2191 2192
l 2192 2193
l 2194 2195
l 2195 2196
l 2196 2197
l 2197 2198
l 2198 2199
l 2199 2200
l 2200 2201
l 2201 2202
l 2202 2203
l 2203 2204
l 2204 2205
l 2206 2207
l 2207 2208
l 2208 2209
l 2210 2211
l 2211 2212
l 2212 2213
l 2213 2214
l 2214 2215
l 2215 2216
l 2216 2217
l 2217 2218
l 2218 2219
l 2219 2220
l 2220 2221
l 2221 2222
l 2222 2223
l 2223 2224
l 2224 2225
l 2225 2226
l 2226 2227
l 2227 2228
l 2228 2229
l 2229 2230
l 2230 2231
l 2231 2232
l 2232 2233
l 2233 2234
l 2234 2235
l 2235 2236
l 2236 2237
l 2237 2238
l 2238 2239
l 2239 2240
l 2241 2242
l 2242 2243
l 2243 2244
l 2244 2245
l 2245 2246
l 2246 2247
l 2248 2249
l 2249 2250
l 2250 2251
l 2251 2252
l 2252 2253
l 2253 2254
l 2254 2255
l 2255 2256
l 2256 2257
l 2257 2258
l 2258 2259
l 2260 2261
l 2261 2262
l 2262 2263
l 2263 2264
l 2264 2265
l 2265 2266
l 2266 2267
l 2267 2268
l 2268 2269
l 2269 2270
l 2270 2271
l 2271 2272
l 2272 2273
l 2273 2274
l 2274 2275
l 2275 2276
l 2276 2277
l 2277 2278
l 2278 2279
l 2279 2280
l 2280 2281
l 2281 2282
l 2282 2283
l 2283 2284
l 2284 2285
l 2285 2286
l 2286 2287
l 2287 2288
l 2288 2289
l 2289 2290
l 2290 2291
l 2291 2292
l 2292 2293
l 2293 2294
l 2294 2295
l 2295 2296
l 2296 2297
l 2297 2298
l 2298 2299
l 2300 2301
l 2301 2302
l 2302 2303
l 2303 2304
l 2304 2305
l 2305 2306
l 2307 2308
l 2308 2309
l 2309 2310
l 2310 2311
l 2311 2312
l 2312 2313
l 2313 2314
l 2314 2315
l 2316 2317
l 2317 2318
l 2318 2319
l 2319 2320
l 2320 2321
l 2321 2322
l 2323 2324
l 2324 2325
l 2325 2326
l 2326 2327
l 2327 2328
l 2328 2329
l 2329 2330
l 2330 2331
l 2331 2332
l 2332 2333
l 2333 2334
l 2334 2335
l 2335 2336
l 2336 2337
l 2337 2338
l 2338 2339
l 2339 2340
l 2340 2341
l 2341 2342
l 2342 2343
l 2343 2344
l 2344 2345
l 2345 2346
l 2347 2348
l 2348 2349
l 2349 2350
l 2350 2351
l 2351 2352
l 2352 2353
l 2353 2354
l 2354 2355
l 2355 2356
l 2356 2357
l 2357 2358
l 2358 2359
l 2359 2360
l 2360 2361
l 2361 2362
l 2362 2363
l 2363 2364
l 2364 2365
l 2365 2366
l 2366 2367
l 2367 2368
l 2368 2369
l 2369 2370
l 2370 2371
l 2371 2372
l 2372 2373
l 2373 2374
l 2374 2375
l 2375 2376
l 2376 2377
l 2377 2378
l 2378 2379
l 2380 2381
l 2381 2382
l 2383 2384
l 2384 2385
l 2385 2386
l 2386 2387
l 2387 2388
l 2388 2389
l 2389 2390
l 2390 2391
l 2391 2392
l 2392 2393
l 2393 2394
l 2394 2395
l 2395 2396
l 2396 2397
l 2397 2398
l 2398 2399
l 2399 2400
l 2400 2401
l 2401 2402
l 2402 2403
l 2403 2404
l 2404 2405
l 2405 2406
l 2407 2408
l 2408 2409
l 2409 2410
l 2410 2411
l 2411 2412
l 2412 2413
l 2413 2414
l 2414 2415
l 2415 2416
l 2416 2417
l 2417 2418
l 2418 2419
l 2419 2420
l 2420 2421
l 2421 2422
l 2422 2423
l 2423 2424
l 2424 2425
l 2425 2426
l 2426 2427
l 2427 2428
l 2428 2429
l 2429 2430
l 2430 2431
l 2431 2432
l 2432 2433
l 2433 2434
l 2435 2436
l 2436 2437
l 2437 2438
l 2438 2439
l 2439 2440
l 2440 2441
l 2441 2442
l 2442 2443
l 2443 2444
l 2444 2445
l 2445 2446
l 2446 2447
l 2447 2448
l 2448 2449
l 2449 2450
l 2450 2451
l 2451 2452
l 2452 2453
l 2453 2454
l 2454 2455
l 2455 2456
l 2457 2458
l 2458 2459
l 2459 2460
l 2460 2461
l 2461 2462
l 2462 2463
l 2463 2464
l 2464 2465
l 2465 2466
l 2466 2467
l 2467 2468
l 2468 2469
l 2469 2470
l 2470 2471
l 2472 2473
l 2473 2474
l 2474 2475
l 2475 2476
l 2476 2477
l 2477 2478
l 2478 2479
l 2479 2480
l 2480 2481
l 2481 2482
l 2483 2484
l 2484 2485
l 2485 2486
l 2486 2487
l 2487 2488
l 2488 2489
l 2490 2491
l 2491 2492
l 2492 2493
l 2493 2494
l 2494 2495
l 2495 2496
l 2496 2497
l 2497 2498
l 2498 2499
l 2499 2500
l 2500 2501
l 2501 2502
l 2502 2503
l 2503 2504
l 2504 2505
l 2505 2506
l 2506 2507
l 2507 2508
l 2508 2509
l 2509 2510
l 2510 2511
l 2511 2512
l 2512 2513
l 2514 2515
l 2515 2516
l 2516 2517
l 2517 2518
l 2519 2520
l 2520 2521
l 2521 2522
l 2522 2523
l 2523 2524
l 2524 2525
l 2525 2526
l 2526 2527
l 2527 2528
l 2529 2530
l 2531 2532
l 2532 2533
l 2533 2534
l 2534 2535
l 2535 2536
l 2536 2537
l 2537 2538
l 2538 2539
l 2539 2540
l 2540 2541
l 2541 2542
l 2542 2543
l 2543 2544
l 2544 2545
l 2545 2546
l 2546 2547
l 2547 2548
l 2548 2549
l 2549 2550
l 2550 2551
l 2551 2552
l 2552 2553
l 2553 2554
l 2554 2555
l 2555 2556
l 2556 2557
l 2557 2558
l 2558 2559
l 2559 2560
l 2560 2561
l 2561 2562
l 2562 2563
l 2563 2564
l 2564 2565
l 2565 2566
l 2566 2567
l 2567 2568
l 2568 2569
l 2569 2570
l 2570 2571
l 2571 2572
l 2572 2573
l 2573 2574
l 2574 2575
l 2575 2576
l 2577 2578
l 2578 2579
l 2579 2580
l 2580 2581
l 2581 2582
l 2583 2584
l 2585 2586
l 2586 2587
l 2588 2589
l 2589 2590
l 2590 2591
l 2591 2592
l 2592 2593
l 2593 2594
l 2594 2595
l 2595 2596
l 2596 2597
l 2597 2598
l 2598 2599
l 2599 2600
l 2600 2601
l 2601 2602
l 2602 2603
l 2603 2604
l 2604 2605
l 2605 2606
l 2606 2607
l 2607 2608
l 2608 2609
l 2609 2610
l 2611 2612
l 2612 2613
l 2613 2614
l 2614 2615
l 2615 2616
l 2616 2617
l 2617 2618
l 2618 2619
l 2619 2620
l 2620 2621
l 2621 2622
l 2622 2623
l 2623 2624
l 2624 2625
l 2625 2626
l 2626 2627
l 2627 2628
l 2628 2629
l 2630 2631
l 2631 2632
l 2632 2633
l 2633 2634
l 2634 2635
l 2635 2636
l 2636 2637
l 2637 2638
l 2638 2639
l 2639 2640
l 2640 2641
l 2641 2642
l 2642 2643
l 2644 2645
l 2645 2646
l 2646 2647
l 2647 2648
l 2648 2649
l 2649 2650
l 2650 2651
l 2651 2652
l 2652 2653
l 2653 2654
l 2654 2655
l 2656 2657
l 2657 2658
l 2658 2659
l 2659 2660
l 2660 2661
l 2662 2663
l 2663 2664
l 2664 2665
l 2666 2667
l 2667 2668
l 2668 2669
l 2669 2670
l 2671 2672
l 2672 2673
l 2673 2674
l 2674 2675
l 2675 2676
l 2676 2677
l 2677 2678
l 2678 2679
l 2680 2681
l 2681 2682
l 2682 2683
l 2684 2685
l 2685 2686
l 2686 2687
l 2688 2689
l 2689 2690
l 2690 2691
l 2691 2692
l 2692 2693
l 2693 2694
l 2694 2695
l 2695 2696
l 2696 2697
l 2697 2698
l 2698 2699
l 2699 2700
l 2700 2701
l 2701 2702
l 2702 2703
l 2703 2704
l 2704 2705
l 2705 2706
l 2706 2707
l 2707 2708
l 2708 2709
l 2709 2710
l 2710 2711
l 2711 2712
l 2712 2713
l 2713 2714
l 2714 2715
l 2716 2717
l 2717 2718
l 2718 2719
l 2719 2720
l 2720 2721
l 2721 2722
l 2722 2723
l 2723 2724
l 2724 2725
l 2725 2726
l 2726 2727
l 2727 2728
l 2728 2729
l 2729 2730
l 2730 2731
l 2731 2732
l 2732 2733
l 2734 2735
l 2735 2736
l 2736 2737
l 2737 2738
l 2739 2740
l 2740 2741
l 2741 2742
l 2742 2743
l 2743 2744
l 2744 2745
l 2745 2746
l 2746 2747
l 2747 2748
l 2748 2749
l 2749 2750
l 2750 2751
l 2751 2752
l 2752 2753
l 2753 2754
l 2754 2755
l 2755 2756
l 2756 2757
l 2757 2758
l 2758 2759
l 2760 2761
l 2761 2762
l 2762 2763
l 2763 2764
l 2764 2765
l 2765 2766
l 2766 2767
l 2767 2768
l 2768 2769
l 2769 2770
l 2770 2771
l 2771 2772
l 2772 2773
l 2773 2774
l 2774 2775
l 2775 2776
l 2777 2778
l 2778 2779
l 2779 2780
l 2780 2781
l 2782 2783
l 2783 2784
l 2784 2785
l 2785 2786
l 2786 2787
l 2787 2788
l 2788 2789
l 2789 2790
l 2790 2791
l 2791 2792
l 2792 2793
l 2793 2794
l 2794 2795
l 2795 2796
l 2796 2797
l 2798 2799
l 2800 2801
l 2801 2802
l 2802 2803
l 2803 2804
l 2804 2805
l 2805 2806
l 2806 2807
l 2807 2808
l 2808 2809
l 2810 2811
l 2811 2812
l 2812 2813
l 2813 2814
l 2814 2815
l 2815 2816
l 2816 2817
l 2817 2818
l 2818 2819
l 2819 2820
l 2820 2821
l 2821 2822
l 2822 2823
l 2824 2825
l 2825 2826
l 2827 2828
l 2828 2829
l 2829 2830
l 2830 2831
l 2831 2832
l 2832 2833
l 2833 2834
l 2834 2835
l 2836 2837
l 2837 2838
l 2838 2839
l 2839 2840
l 2840 2841
l 2842 2843
l 2843 2844
l 2844 2845
l 2845 2846
l 2846 2847
l 2847 2848
l 2848 2849
l 2849 2850
l 2850 2851
l 2851 2852
l 2852 2853
l 2853 2854
l 2854 2855
l 2855 2856
l 2856 2857
l 2857 2858
l 2858 2859
l 2859 2860
l 2860 2861
l 2861 2862
l 2862 2863
l 2864 2865
l 2865 2866
l 2866 2867
l 2867 2868
l 2868 2869
l 2869 2870
l 2870 2871
l 2871 2872
l 2872 2873
l 2873 2874
l 2874 2875
l 2875 2876
l 2877 2878
l 2879 2880
l 2880 2881
l 2881 2882
l 2882 2883
l 2883 2884
l 2884 2885
l 2885 2886
l 2886 2887
l 2887 2888
l 2888 2889
l 2890 2891
l 2891 2892
l 2892 2893
l 2893 2894
l 2895 2896
l 2896 2897
l 2897 2898
l 2898 2899
l 2899 2900
l 2901 2902
l 2902 2903
l 2903 2904
l 2905 2906
l 2907 2908
l 2908 2909
l 2909 2910
l 2910 2911
l 2912 2913
l 2913 2914
l 2914 2915
l 2915 2916
l 2916 2917
l 2917 2918
l 2918 2919
l 2919 2920
l 2921 2922
l 2922 2923
l 2923 2924
l 2924 2925
l 2926 2927
l 2927 2928
l 2928 2929
l 2929 2930
l 2930 2931
l 2931 2932
l 2932 2933
l 2933 2934
l 2934 2935
l 2935 2936
l 2936 2937
l 2937 2938
l 2938 2939
l 2939 2940
l 2940 2941
l 2941 2942
l 2942 2943
l 2943 2944
l 2944 2945
l 2945 2946
l 2947 2948
l 2948 2949
l 2950 2951
l 2951 2952
l 2952 2953
l 2953 2954
l 2954 2955
l 2955 2956
l 2956 2957
l 2957 2958
l 2958 2959
l 2960 2961
l 2961 2962
l 2962 2963
l 2963 2964
l 2964 2965
l 2966 2967
l 2967 2968
l 2968 2969
l 2969 2970
l 2970 2971
l 2971 2972
l 2972 2973
l 2973 2974
l 2974 2975
l 2975 2976
l 2976 2977
l 2977 2978
l 2978 2979
l 2979 2980
l 2981 2982
l 2982 2983
l 2983 2984
l 2984 2985
l 2985 2986
l 2986 2987
l 2987 2988
l 2988 2989
l 2989 2990
l 2990 2991
l 2991 2992
l 2992 2993
l 2993 2994
l 2994 2995
l 2995 2996
l 2996 2997
l 2997 2998
l 2999 3000
l 3001 3002
l 3002 3003
l 3003 3004
l 3004 3005
l 3005 3006
l 3006 3007
l 3007 3008
l 3008 3009
l 3009 3010
l 3010 3011
l 3011 3012
l 3012 3013
l 3013 3014
l 3014 3015
l 3015 3016
l 3016 3017
l 3017 3018
l 3018 3019
l 3020 3021
l 3021 3022
l 3022 3023
l 3023 3024
l 3024 3025
l 3025 3026
l 3026 3027
l 3027 3028
l 3028 3029
l 3029 3030
l 3030 3031
l 3032 3033
l 3033 3034
l 3034 3035
l 3035 3036
l 3036 3037
l 3037 3038
l 3038 3039
l 3039 3040
l 3040 3041
l 3042 3043
l 3043 3044
l 3044 3045
l 3045 3046
l 3046 3047
l 3047 3048
l 3048 3049
l 3049 3050
l 3050 3051
l 3051 3052
l 3052 3053
l 3053 3054
l 3054 3055
l 3055 3056
l 3056 3057
l 3057 3058
l 3058 3059
l 3059 3060
l 3060 3061
l 3061 3062
l 3062 3063
l 3063 3064
l 3064 3065
l 3065 3066
l 3066 3067
l 3067 3068
l 3068 3069
l 3069 3070
l 3071 3072
l 3072 3073
l 3073 3074
l 3074 3075
l 3075 3076
l 3076 3077
l 3077 3078
l 3078 3079
l 3079 3080
l 3080 3081
l 3081 3082
l 3082 3083
l 3083 3084
l 3084 3085
l 3085 3086
l 3086 3087
l 3087 3088
l 3088 3089
l 3089 3090
l 3090 3091
l 3091 3092
l 3092 3093
l 3093 3094
l 3094 3095
l 3095 3096
l 3096 3097
l 3097 3098
l 3098 3099
l 3099 3100
l 3100 3101
l 3101 3102
l 3102 3103
l 3103 3104
l 3104 3105
l 3105 3106
l 3106 3107
l 3107 3108
l 3108 3109
l 3109 3110
l 3110 3111
l 3112 3113
l 3114 3115
l 3115 3116
l 3117 3118
l 3118 3119
l 3119 3120
l 3120 3121
l 3121 3122
l 3123 3124
l 3124 3125
l 3125 3126
l 3126 3127
l 3127 3128
l 3128 3129
l 3129 3130
l 3130 3131
l 3131 3132
l 3132 3133
l 3133 3134
l 3134 3135
l 3135 3136
l 3136 3137
l 3137 3138
l 3138 3139
l 3140 3141
l 3141 3142
l 3142 3143
l 3143 3144
l 3144 3145
l 3145 3146
l 3146 3147
l 3147 3148
l 3148 3149
l 3149 3150
l 3150 3151
l 3152 3153
l 3153 3154
l 3154 3155
l 3156 3157
l 3157 3158
l 3158 3159
l 3159 3160
l 3160 3161
l 3161 3162
l 3162 3163
l 3163 3164
l 3164 3165
l 3165 3166
l 3166 3167
l 3167 3168
l 3168 3169
l 3169 3170
l 3170 3171
l 3171 3172
l 3172 3173
l 3173 3174
l 3174 3175
l 3175 3176
l 3176 3177
l 3177 3178
l 3178 3179
l 3179 3180
l 3180 3181
l 3181 3182
l 3182 3183
l 3183 3184
l 3185 3186
l 3186 3187
l 3187 3188
l 3188 3189
l 3190 3191
l 3191 3192
l 3192 3193
l 3193 3194
l 3194 3195
l 3195 3196
l 3196 3197
l 3197 3198
l 3198 3199
l 3199 3200
l 3201 3202
l 3202 3203
l 3203 3204
l 3204 3205
l 3205 3206
l 3206 3207
l 3208 3209
l 3209 3210
l 3210 3211
l 3211 3212
l 3212 3213
l 3213 3214
l 3215 3216
l 3216 3217
l 3218 3219
l 3219 3220
l 3220 3221
l 3221 3222
l 3222 3223
l 3223 3224
l 3224 3225
l 3225 3226
l 3226 3227
l 3227 3228
l 3228 3229
l 3230 3231
l 3231 3232
l 3232 3233
l 3233 3234
l 3234 3235
l 3235 3236
l 3236 3237
l 3237 3238
l 3238 3239
l 3239 3240
l 3241 3242
l 3242 3243
l 3243 3244
l 3244 3245
l 3245 3246
l 3246 3247
l 3247 3248
l 3248 3249
l 3249 3250
l 3250 3251
l 3251 3252
l 3252 3253
l 3253 3254
l 3254 3255
l 3255 3256
l 3256 3257
l 3257 3258
l 3258 3259
l 3259 3260
l 3260 3261
l 3261 3262
l 3262 3263
l 3263 3264
l 3265 3266
l 3266 3267
l 3267 3268
l 3268 3269
l 3269 3270
l 3270 3271
l 3271 3272
l 3272 3273
l 3273 3274
l 3275 3276
l 3276 3277
l 3277 3278
l 3278 3279
l 3279 3280
l 3280 3281
l 3281 3282
l 3282 3283
l 3283 3284
l 3284 3285
l 3285 3286
l 3286 3287
l 3287 3288
l 3288 3289
l 3289 3290
l 3290 3291
l 3291 3292
l 3292 3293
l 3293 3294
l 3295 3296
l 3296 3297
l 3297 3298
l 3298 3299
l 3299 3300
l 3300 3301
l 3301 3302
l 3303 3304
l 3304 3305
l 3305 3306
l 3306 3307
l 3307 3308
l 3308 3309
l 3309 3310
l 3310 3311
l 3311 3312
l 3312 3313
l 3313 3314
l 3314 3315
l 3315 3316
l 3316 3317
l 3317 3318
l 3318 3319
l 3319 3320
l 3320 3321
l 3322 3323
l 3323 3324
l 3324 3325
l 3325 3326
l 3326 3327
l 3327 3328
l 3328 3329
l 3329 3330
l 3330 3331
l 3331 3332
l 3332 3333
l 3333 3334
l 3334 3335
l 3335 3336
l 3336 3337
l 3337 3338
l 3338 3339
l 3339 3340
l 3340 3341
l 3341 3342
l 3342 3343
l 3343 3344
l 3344 3345
l 3345 3346
l 3346 3347
l 3348 3349
l 3350 3351
l 3351 3352
l 3353 3354
l 3354 3355
l 3355 3356
l 3357 3358
l 3358 3359
l 3359 3360
l 3360 3361
l 3361 3362
l 3363 3364
l 3364 3365
l 3365 3366
l 3366 3367
l 3367 3368
l 3368 3369
l 3369 3370
l 3370 3371
l 3371 3372
l 3373 3374
l 3374 3375
l 3375 3376
l 3376 3377
l 3377 3378
l 3378 3379
l 3380 3381
l 3382 3383
l 3383 3384
l 3384 3385
l 3385 3386
l 3386 3387
l 3387 3388
l 3388 3389
l 3389 3390
l 3390 3391
l 3391 3392
l 3392 3393
l 3394 3395
l 3395 3396
l 3396 3397
l 3397 3398
l 3398 3399
l 3400 3401
l 3401 3402
l 3403 3404
l 3405 3406
l 3406 3407
l 3407 3408
l 3408 3409
l 3409 3410
l 3410 3411
l 3411 3412
l 3412 3413
l 3413 3414
l 3414 3415
l 3416 3417
l 3417 3418
l 3418 3419
l 3419 3420
l 3420 3421
l 3421 3422
l 3422 3423
l 3424 3425
l 3425 3426
l 3426 3427
l 3427 3428
l 3428 3429
l 3429 3430
l 3430 3431
l 3431 3432
l 3432 3433
l 3433 3434
l 3434 3435
l 3435 3436
l 3436 3437
l 3437 3438
l 3438 3439
l 3439 3440
l 3440 3441
l 3441 3442
l 3442 3443
l 3443 3444
l 3444 3445
l 3446 3447
l 3448 3449
l 3449 3450
l 3450 3451
l 3451 3452
l 3452 3453
l 3453 3454
l 3454 3455
l 3455 3456
l 3456 3457
l 3457 3458
l 3458 3459
l 3459 3460
l 3460 3461
l 3461 3462
l 3462 3463
l 3463 3464
l 3464 3465
l 3465 3466
l 3466 3467
l 3467 3468
l 3468 3469
l 3469 3470
l 3470 3471
l 3471 3472
l 3473 3474
l 3474 3475
l 3475 3476
l 3476 3477
l 3477 3478
l 3478 3479
l 3479 3480
l 3480 3481
l 3481 3482
l 3482 3483
l 3483 3484
l 3484 3485
l 3485 3486
l 3486 3487
l 3487 3488
l 3488 3489
l 3489 3490
l 3490 3491
l 3491 3492
l 3492 3493
l 3493 3494
l 3494 3495
l 3495 3496
l 3496 3497
l 3497 3498
l 3498 3499
l 3499 3500
l 3501 3502
l 3502 3503
l 3503 3504
l 3504 3505
l 3506 3507
l 3507 3508
l 3508 3509
l 3509 3510
l 3510 3511
l 3511 3512
l 3512 3513
l 3513 3514
l 3514 3515
l 3515 3516
l 3516 3517
l 3517 3518
l 3518 3519
l 3519 3520
l 3520 3521
l 3521 3522
l 3522 3523
l 3523 3524
l 3524 3525
l 3525 3526
l 3526 3527
l 3528 3529
l 3529 3530
l 3530 3531
l 3531 3532
l 3532 3533
l 3533 3534
l 3534 3535
l 3535 3536
l 3536 3537
l 3537 3538
l 3538 3539
l 3539 3540
l 3540 3541
l 3541 3542
l 3542 3543
l 3543 3544
l 3545 3546
l 3546 3547
l 3547 3548
l 3548 3549
l 3549 3550
l 3550 3551
l 3551 3552
l 3552 3553
l 3554 3555
l 3556 3557
l 3558 3559
l 3559 3560
l 3560 3561
l 3561 3562
l 3562 3563
l 3563 3564
l 3564 3565
l 3565 3566
l 3566 3567
l 3568 3569
l 3569 3570
l 3570 3571
l 3571 3572
l 3572 3573
l 3573 3574
l 3574 3575
l 3575 3576
l 3576 3577
l 3577 3578
l 3578 3579
l 3580 3581
l 3581 3582
l 3582 3583
l 3583 3584
l 3584 3585
l 3585 3586
l 3586 3587
l 3587 3588
l 3588 3589
l 3589 3590
l 3590 3591
l 3591 3592
l 3592 3593
l 3593 3594
l 3595 3596
l 3596 3597
l 3597 3598
l 3598 3599
l 3599 3600
l 3600 3601
l 3601 3602
l 3602 3603
l 3603 3604
l 3604 3605
l 3605 3606
l 3607 3608
l 3608 3609
l 3609 3610
l 3610 3611
l 3611 3612
l 3612 3613
l 3613 3614
l 3615 3616
l 3616 3617
l 3617 3618
l 3618 3619
l 3620 3621
l 3621 3622
l 3622 3623
l 3623 3624
l 3624 3625
l 3625 3626
l 3626 3627
l 3627 3628
l 3628 3629
l 3629 3630
l 3630 3631
l 3631 3632
l 3632 3633
l 3633 3634
l 3634 3635
l 3635 3636
l 3636 3637
l 3637 3638
l 3638 3639
l 3639 3640
l 3640 3641
l 3642 3643
l 3643 3644
l 3644 3645
l 3645 3646
l 3647 3648
l 3648 3649
l 3649 3650
l 3650 3651
l 3651 3652
l 3652 3653
l 3653 3654
l 3654 3655
l 3655 3656
l 3656 3657
l 3657 3658
l 3658 3659
l 3659 3660
l 3660 3661
l 3661 3662
l 3662 3663
l 3663 3664
l 3664 3665
l 3665 3666
l 3666 3667
l 3667 3668
l 3668 3669
l 3670 3671
l 3671 3672
l 3672 3673
l 3673 3674
l 3674 3675
l 3675 3676
l 3676 3677
l 3677 3678
l 3678 3679
l 3680 3681
l 3681 3682
l 3682 3683
l 3683 3684
l 3684 3685
l 3685 3686
l 3686 3687
l 3687 3688
l 3688 3689
l 3689 3690
l 3690 3691
l 3691 3692
l 3692 3693
l 3693 3694
l 3694 3695
l 3696 3697
l 3697 3698
l 3699 3700
l 3700 3701
l 3701 3702
l 3702 3703
l 3703 3704
l 3704 3705
l 3705 3706
l 3706 3707
l 3708 3709
l 3709 3710
l 3710 3711
l 3711 3712
l 3712 3713
l 3713 3714
l 3714 3715
l 3715 3716
l 3717 3718
l 3718 3719
l 3719 3720
l 3720 3721
l 3722 3723
l 3723 3724
l 3724 3725
l 3726 3727
l 3727 3728
l 3729 3730
l 3730 3731
l 3731 3732
l 3732 3733
l 3733 3734
l 3734 3735
l 3735 3736
l 3736 3737
l 3737 3738
l 3738 3739
l 3739 3740
l 3740 3741
l 3741 3742
l 3742 3743
l 3743 3744
l 3744 3745
l 3746 3747
l 3747 3748
l 3748 3749
l 3749 3750
l 3750 3751
l 3751 3752
l 3752 3753
l 3753 3754
l 3754 3755
l 3756 3757
l 3757 3758
l 3758 3759
l 3759 3760
l 3760 3761
l 3761 3762
l 3763 3764
l 3764 3765
l 3765 3766
l 3766 3767
l 3767 3768
l 3768 3769
l 3769 3770
l 3770 3771
l 3771 3772
l 3772 3773
l 3773 3774
l 3774 3775
l 3775 3776
l 3776 3777
l 3777 3778
l 3778 3779
l 3780 3781
l 3781 3782
l 3782 3783
l 3783 3784
l 3784 3785
l 3785 3786
l 3786 3787
l 3787 3788
l 3788 3789
l 3789 3790
l 3790 3791
l 3791 3792
l 3792 3793
l 3793 3794
l 3794 3795
l 3795 3796
l 3796 3797
l 3798 3799
l 3799 3800
l 3801 3802
l 3802 3803
l 3803 3804
l 3805 3806
l 3806 3807
l 3807 3808
l 3808 3809
l 3809 3810
l 3810 3811
l 3811 3812
l 3812 3813
l 3813 3814
l 3814 3815
l 3815 3816
l 3817 3818
l 3818 3819
l 3819 3820
l 3820 3821
l 3821 3822
l 3822 3823
l 3823 3824
l 3824 3825
l 3825 3826
l 3826 3827
l 3828 3829
l 3830 3831
l 3831 3832
l 3832 3833
l 3833 3834
l 3834 3835
l 3835 3836
l 3836 3837
l 3838 3839
l 3839 3840
l 3840 3841
l 3841 3842
l 3842 3843
l 3843 3844
l 3844 3845
l 3845 3846
l 3846 3847
l 3847 3848
l 3848 3849
l 3849 3850
l 3850 3851
l 3852 3853
l 3854 3855
l 3855 3856
l 3857 3858
l 3858 3859
l 3859 3860
l 3860 3861
l 3861 3862
l 3862 3863
l 3864 3865
l 3865 3866
l 3866 3867
l 3868 3869
l 3869 3870
l 3870 3871
l 3871 3872
l 3872 3873
l 3873 3874
l 3874 3875
l 3875 3876
l 3876 3877
l 3877 3878
l 3878 3879
l 3879 3880
l 3880 3881
l 3881 3882
l 3882 3883
l 3883 3884
l 3884 3885
l 3885 3886
l 3886 3887
l 3887 3888
l 3889 3890
l 3890 3891
l 3891 3892
l 3892 3893
l 3893 3894
l 3894 3895
l 3895 3896
l 3896 3897
l 3897 3898
l 3898 3899
l 3899 3900
l 3900 3901
l 3901 3902
l 3902 3903
l 3903 3904
l 3904 3905
l 3905 3906
l 3906 3907
l 3907 3908
l 3908 3909
l 3909 3910
l 3910 3911
l 3911 3912
l 3912 3913
l 3913 3914
l 3914 3915
l 3915 3916
l 3916 3917
l 3917 3918
l 3918 3919
l 3920 3921
l 3921 3922
l 3922 3923
l 3923 3924
l 3924 3925
l 3925 3926
l 3926 3927
l 3927 3928
l 3928 3929
l 3929 3930
l 3930 3931
l 3931 3932
l 3932 3933
l 3933 3934
l 3934 3935
l 3935 3936
l 3936 3937
l 3937 3938
l 3938 3939
l 3939 3940
l 3940 3941
l 3942 3943
l 3943 3944
l 3944 3945
l 3945 3946
l 3946 3947
l 3947 3948
l 3948 3949
l 3949 3950
l 3950 3951
l 3951 3952
l 3952 3953
l 3953 3954
l 3954 3955
l 3955 3956
l 3956 3957
l 3957 3958
l 3958 3959
l 3959 3960
l 3960 3961
l 3961 3962
l 3962 3963
l 3963 3964
l 3964 3965
l 3965 3966
l 3966 3967
l 3967 3968
l 3968 3969
l 3969 3970
l 3970 3971
l 3971 3972
l 3973 3974
l 3975 3976
l 3976 3977
l 3978 3979
l 3979 3980
l 3980 3981
l 3981 3982
l 3982 3983
l 3983 3984
l 3984 3985
l 3985 3986
l 3986 3987
l 3988 3989
l 3989 3990
l 3990 3991
l 3991 3992
l 3992 3993
l 3993 3994
l 3994 3995
l 3995 3996
l 3996 3997
l 3997 3998
l 3998 3999
l 3999 4000
l 4001 4002
l 4002 4003
l 4003 4004
l 4004 4005
l 4005 4006
l 4006 4007
l 4007 4008
l 4008 4009
l 4009 4010
l 4010 4011
l 4011 4012
l 4012 4013
l 4013 4014
l 4014 4015
l 4015 4016
l 4016 4017
l 4017 4018
l 4018 4019
l 4020 4021
l 4022 4023
l 4023 4024
l 4024 4025
l 4025 4026
l 4027 4028
l 4028 4029
l 4029 4030
l 4030 4031
l 4031 4032
l 4032 4033
l 4033 4034
l 4034 4035
l 4035 4036
l 4036 4037
l 4037 4038
l 4038 4039
l 4040 4041
l 4041 4042
l 4042 4043
l 4043 4044
l 4044 4045
l 4045 4046
l 4046 4047
l 4048 4049
l 4050 4051
l 4052 4053
l 4053 4054
l 4054 4055
l 4055 4056
l 4056 4057
l 4057 4058
l 4058 4059
l 4059 4060
l 4060 4061
l 4061 4062
l 4062 4063
l 4063 4064
l 4064 4065
l 4065 4066
l 4066 4067
l 4067 4068
l 4068 4069
l 4069 4070
l 4070 4071