Datetime,Vc_5mm_cm/hr,Vc_15mm_cm/hr,Vc_25mm_cm/hr,TreeID
10/15/2024 13:30,5.192978158,12.90928178,11.65813522,R1111
10/15/2024 14:00,5.213435308,13.06136744,11.87667083,R1111
10/15/2024 14:30,4.765577442,12.28856213,11.30589341,R1111
10/15/2024 15:00,4.340322407,11.65455897,10.59506882,R1111
10/15/2024 15:30,3.854317625,10.95711485,9.955922712,R1111
10/15/2024 16:00,3.31878385,10.0158665,9.032799032,R1111
10/15/2024 16:30,2.442378071,8.811188788,7.929384221,R1111
10/15/2024 17:00,1.620191858,7.238864408,6.57001146,R1111
10/15/2024 17:30,0.954532822,5.700403941,5.272749713,R1111
10/15/2024 18:00,0.068393563,4.534993275,4.319424692,R1111
10/15/2024 18:30,-0.283937789,3.627206508,3.640975059,R1111
10/15/2024 19:00,-0.437906979,3.425351452,3.444862989,R1111
10/15/2024 19:30,-0.292825899,3.661955313,3.67937111,R1111
10/15/2024 20:00,-0.158619341,3.727804281,3.758818078,R1111
10/15/2024 20:30,-0.105142502,3.759555556,3.81209492,R1111
10/15/2024 21:00,-0.016728117,3.819965353,3.878442813,R1111
10/15/2024 21:30,0.08972477,3.998115405,3.953059974,R1111
10/15/2024 22:00,0.176023413,4.258385385,4.138270432,R1111
10/15/2024 22:30,0.14642995,4.209341502,4.022695099,R1111
10/15/2024 23:00,0.169830288,4.098205348,4.011022641,R1111
10/15/2024 23:30,0.03298764,3.871204211,3.994256038,R1111
10/16/2024 0:00,0.021661438,3.88451692,3.998715617,R1111
10/16/2024 0:30,0.044594436,3.932374206,4.079568366,R1111
10/16/2024 1:00,0.052522691,3.928178135,4.113321811,R1111
10/16/2024 1:30,0.062231381,3.976667652,4.105020474,R1111
10/16/2024 2:00,-0.006439807,3.905876822,4.121102524,R1111
10/16/2024 2:30,0.076737106,3.928710918,4.266508156,R1111
10/16/2024 3:00,0.095317282,3.894138232,4.367828285,R1111
10/16/2024 3:30,0.107634955,3.873137417,4.307328295,R1111
10/16/2024 4:00,0.088614639,3.869656588,4.317781317,R1111
10/16/2024 4:30,0.123417857,3.893969372,4.341262246,R1111
10/16/2024 5:00,0.266640011,3.973595023,4.373074452,R1111
10/16/2024 5:30,0.368812216,4.103442699,4.501129157,R1111
10/16/2024 6:00,0.177665375,3.855958544,4.337717181,R1111
10/16/2024 6:30,0.107949835,3.626081309,4.076506602,R1111
10/16/2024 7:00,-0.23602009,3.470498822,4.040019777,R1111
10/16/2024 7:30,0.779963245,4.89341542,5.378658478,R1111
10/16/2024 8:00,2.437230554,7.604758425,7.780864717,R1111
10/16/2024 8:30,3.767064865,9.586915401,9.775609595,R1111
10/16/2024 9:00,3.983313197,9.766221434,9.894951912,R1111
10/16/2024 9:30,3.960164929,9.708461268,9.732489888,R1111
10/16/2024 10:00,4.180875315,10.20366146,10.27852647,R1111
10/16/2024 10:30,4.641230724,11.11863751,10.93392061,R1111
10/16/2024 11:00,5.052283666,11.66659864,11.37463617,R1111
10/16/2024 11:30,5.165150331,11.70415532,11.34435465,R1111
10/16/2024 12:00,5.32334328,12.00835731,11.57586227,R1111
10/16/2024 12:30,5.553539599,12.40775872,11.9952768,R1111
10/16/2024 13:00,5.510057766,12.43420426,11.96002565,R1111
10/16/2024 13:30,5.971442506,12.91934623,12.51969653,R1111
10/16/2024 14:00,5.873801924,12.98977714,12.52820011,R1111
10/16/2024 14:30,5.39985211,12.33697082,11.94501626,R1111
10/16/2024 15:00,4.538668199,11.00433274,10.68936288,R1111
10/16/2024 15:30,4.384158973,10.78674031,10.45468789,R1111
10/16/2024 16:00,3.945508932,10.02080475,9.757614198,R1111
10/16/2024 16:30,2.94289703,8.41791787,8.269269232,R1111
10/16/2024 17:00,1.943913554,6.92410292,6.913585825,R1111
10/16/2024 17:30,1.143923809,5.808447161,5.9913242,R1111
10/16/2024 18:00,0.017802399,4.315500567,4.725404731,R1111
10/16/2024 18:30,-0.231894784,3.478139879,4.051031205,R1111
10/16/2024 19:00,-0.316885338,3.314943717,3.857984224,R1111
10/16/2024 19:30,-0.104684828,3.531851938,4.1120891,R1111
10/16/2024 20:00,-0.030861627,3.682034035,4.201681128,R1111
10/16/2024 20:30,-0.09646995,3.716343813,4.269151069,R1111
10/16/2024 21:00,-0.051581561,3.861195991,4.448855481,R1111
10/16/2024 21:30,-0.065729838,3.783573332,4.450111303,R1111
10/16/2024 22:00,-0.097003058,3.864170496,4.418893753,R1111
10/16/2024 22:30,-0.123200119,3.848606109,4.380136234,R1111
10/16/2024 23:00,-0.127124384,4.118704634,4.207393907,R1111
10/16/2024 23:30,-0.2411945,4.062585024,4.043039507,R1111
10/17/2024 0:00,-0.167479051,4.068472749,3.987446404,R1111
10/17/2024 0:30,-0.566946922,2.481772058,2.560303272,R1111
10/17/2024 1:00,-0.91928621,2.309363837,2.276067096,R1111
10/17/2024 1:30,-1.164021532,1.741574629,1.840101953,R1111
10/17/2024 2:00,-1.081420607,1.859184151,2.075954969,R1111
10/17/2024 2:30,-0.814152516,1.649810793,1.835441816,R1111
10/17/2024 3:00,-0.932116311,1.771419991,1.80609608,R1111
10/17/2024 3:30,-0.906624973,1.90708204,1.924196788,R1111
10/17/2024 4:00,-0.851708356,2.064311927,1.969120987,R1111
10/17/2024 4:30,-0.708448917,2.298619741,2.151689602,R1111
10/17/2024 5:00,-0.495348,2.524135957,2.301078528,R1111
10/17/2024 5:30,-0.357134792,2.877465583,2.572379462,R1111
10/17/2024 6:00,-0.299019255,2.970561018,2.629891896,R1111
10/17/2024 6:30,-0.263947956,3.023298853,2.67605595,R1111
10/17/2024 7:00,-0.168500347,2.959427526,2.620445178,R1111
10/17/2024 7:30,0.046984264,3.557466098,3.128903692,R1111
10/17/2024 8:00,1.221417278,5.470913806,4.848031841,R1111
10/17/2024 8:30,2.347943931,7.333236568,6.763669428,R1111
10/17/2024 9:00,2.796875154,7.889429608,7.289834443,R1111
10/17/2024 9:30,2.862409907,8.132977673,7.5362982,R1111
10/17/2024 10:00,2.748260471,7.862764638,7.204253954,R1111
10/17/2024 10:30,3.042271184,8.448437427,8.069360382,R1111
10/17/2024 11:00,3.652652689,9.45134328,9.031235771,R1111
10/17/2024 11:30,3.871134944,9.791919327,9.378072582,R1111
10/17/2024 12:00,4.16602761,10.06256865,9.556357117,R1111
10/17/2024 12:30,4.170478271,10.45467142,9.729756521,R1111
10/17/2024 13:00,4.376981498,10.8712979,10.2148157,R1111
10/17/2024 13:30,4.980265782,11.92829054,11.14662098,R1111
10/17/2024 14:00,4.98212363,11.98977273,11.09031919,R1111
10/17/2024 14:30,4.721432036,11.64943216,10.75412434,R1111
10/17/2024 15:00,4.368848583,11.2231549,10.38946577,R1111
10/17/2024 15:30,3.909804712,10.48329728,9.729931583,R1111
10/17/2024 16:00,3.491059819,9.794670464,9.010435892,R1111
10/17/2024 16:30,2.813616333,8.91168005,8.159400204,R1111
10/17/2024 17:00,2.156324194,7.675556626,7.082478982,R1111
10/17/2024 17:30,1.30686328,6.353074118,5.919288609,R1111
10/17/2024 18:00,0.296408826,5.11975646,4.776119367,R1111
10/17/2024 18:30,-0.135760877,3.893754986,3.705824585,R1111
10/17/2024 19:00,-0.16254926,3.768263104,3.57328183,R1111
10/17/2024 19:30,-0.255653797,3.789890865,3.626739133,R1111
10/17/2024 20:00,-0.249537025,3.812755509,3.608598663,R1111
10/17/2024 20:30,-0.227662779,3.821519167,3.629507662,R1111
10/17/2024 21:00,-0.28851947,3.83396234,3.634766962,R1111
10/17/2024 21:30,-0.271046915,3.838250767,3.632897119,R1111
10/17/2024 22:00,-0.232338514,3.810291003,3.691591667,R1111
10/17/2024 22:30,-0.201953566,3.821184613,3.604218544,R1111
10/17/2024 23:00,-0.19480882,3.816781785,3.656269475,R1111
10/17/2024 23:30,-0.379931785,3.646860614,3.559207683,R1111
10/18/2024 0:00,-0.22365369,3.752633108,3.553663835,R1111
10/18/2024 0:30,-0.259705292,3.765843692,3.709453635,R1111
10/18/2024 1:00,-0.26615084,3.660094845,3.825844966,R1111
10/18/2024 1:30,-0.103353801,3.71156841,3.796289871,R1111
10/18/2024 2:00,-0.192986172,3.745319652,3.945971337,R1111
10/18/2024 2:30,-0.144618006,3.822984374,3.977790442,R1111
10/18/2024 3:00,-0.096577627,3.865076187,4.06248051,R1111
10/18/2024 3:30,-0.077868179,3.945701899,4.055407566,R1111
10/18/2024 4:00,-0.005328511,3.996977391,4.045436552,R1111
10/18/2024 4:30,0.251704056,4.621564034,4.70572705,R1111
10/18/2024 5:00,0.611560351,5.183113274,5.236104424,R1111
10/18/2024 5:30,0.689531775,4.910472636,4.952646225,R1111
10/18/2024 6:00,0.736238819,5.168010684,5.095350884,R1111
10/18/2024 6:30,0.791069623,5.220664981,5.148522947,R1111
10/18/2024 7:00,1.063368889,5.86737077,5.702329622,R1111
10/18/2024 7:30,6.428092161,14.30056468,13.813992,R1111
10/18/2024 8:00,6.997939924,15.26358028,14.95292388,R1111
10/18/2024 8:30,7.202410835,15.17664018,14.37451458,R1111
10/18/2024 9:00,7.919113218,16.07195471,15.31618937,R1111
10/18/2024 9:30,7.941550395,16.18373164,15.41044217,R1111
10/18/2024 10:00,6.977519921,15.12272238,14.2252042,R1111
10/18/2024 10:30,7.62572239,15.89150008,15.01338541,R1111
10/18/2024 11:00,8.951627376,17.59246739,17.01547841,R1111
10/18/2024 11:30,8.8707751,17.82387241,17.32937499,R1111
10/18/2024 12:00,9.075069128,17.67069104,17.06349687,R1111
10/18/2024 12:30,9.140058657,17.79408674,16.85909885,R1111
10/18/2024 13:00,8.877368973,17.50501892,16.62987641,R1111
10/18/2024 13:30,7.158356454,15.16973758,13.98586535,R1111
10/18/2024 14:00,8.157728141,16.78080288,15.99477258,R1111
10/18/2024 14:30,8.055797425,16.73646922,15.82757174,R1111
10/18/2024 15:00,7.932177864,16.54824938,15.78783572,R1111
10/18/2024 15:30,5.47174177,12.78166706,11.79096983,R1111
10/18/2024 16:00,3.34536098,9.638521878,8.697258162,R1111
10/18/2024 16:30,1.81881501,7.376462172,6.596749506,R1111
10/18/2024 17:00,0.724779854,5.712028904,5.070405585,R1111
10/18/2024 17:30,0.349101411,4.875725662,4.348537277,R1111
10/18/2024 18:00,-0.132277238,3.743586554,3.320370705,R1111
10/18/2024 18:30,0.119233007,4.62719406,4.367822884,R1111
10/18/2024 19:00,0.386686844,5.021191898,4.692013889,R1111
10/18/2024 19:30,0.590521942,5.440437988,5.061928707,R1111
10/18/2024 20:00,0.841583543,5.720137823,5.286076521,R1111
10/18/2024 20:30,0.564444186,5.339492521,4.861739556,R1111
10/18/2024 21:00,0.30676996,5.047634779,4.534222984,R1111
10/18/2024 21:30,0.401929071,5.041510063,4.642773504,R1111
10/18/2024 22:00,0.256685948,5.050113736,4.655373548,R1111
10/18/2024 22:30,0.288903113,5.142557267,4.785079556,R1111
10/18/2024 23:00,0.418163242,5.129444287,4.767741598,R1111
10/18/2024 23:30,0.58858737,5.663257274,5.201734094,R1111
10/19/2024 0:00,0.801711079,5.908632333,5.314994833,R1111
10/19/2024 0:30,0.786401999,5.873403998,5.385634777,R1111
10/19/2024 1:00,0.841382287,5.840233442,5.419728029,R1111
10/19/2024 1:30,0.797432597,5.960957812,5.541285559,R1111
10/19/2024 2:00,0.853389186,5.97492729,5.451981089,R1111
10/19/2024 2:30,0.887274648,6.046516043,5.432918748,R1111
10/19/2024 3:00,0.906111477,6.110030682,5.6398507,R1111
10/19/2024 3:30,0.978027007,6.186827596,5.664310361,R1111
10/19/2024 4:00,0.948015865,6.201435043,5.595331136,R1111
10/19/2024 4:30,0.992246619,6.304665432,5.821190323,R1111
10/19/2024 5:00,1.592857723,6.989227122,6.401171689,R1111
10/19/2024 5:30,1.09523254,6.410686246,5.743581047,R1111
10/19/2024 6:00,1.062007992,6.437544686,5.850365431,R1111
10/19/2024 6:30,1.133355432,6.403662792,5.857105034,R1111
10/19/2024 7:00,1.336704098,6.765389931,6.247317648,R1111
10/19/2024 7:30,3.104441498,9.586656003,9.088077639,R1111
10/19/2024 8:00,7.722791274,17.12246337,16.79011675,R1111
10/19/2024 8:30,4.765339912,11.53358035,10.55712178,R1111
10/19/2024 9:00,4.728325723,11.76489311,10.60755796,R1111
10/19/2024 9:30,4.7736669,11.63842416,10.66940013,R1111
10/19/2024 10:00,5.078973386,12.20827549,11.1783118,R1111
10/19/2024 10:30,4.765913128,11.95162405,10.87236053,R1111
10/19/2024 11:00,5.718886573,13.19586358,12.04072578,R1111
10/19/2024 11:30,7.321115258,15.5219079,14.5138698,R1111
10/19/2024 12:00,8.717502263,18.01638346,17.35215917,R1111
10/19/2024 12:30,10.37167001,20.02716157,19.93180919,R1111
10/19/2024 13:00,9.698162423,19.27227033,18.6618436,R1111
10/19/2024 13:30,10.3517077,19.97379096,19.71442088,R1111
10/19/2024 14:00,10.24119769,19.63958463,19.12963515,R1111
10/19/2024 14:30,8.99668537,18.25526021,17.49429736,R1111
10/19/2024 15:00,7.68038682,16.29563833,15.26624425,R1111
10/19/2024 15:30,6.128489781,14.1880559,13.0829367,R1111
10/19/2024 16:00,5.423617737,12.61637496,11.6275634,R1111
10/19/2024 16:30,3.448140579,10.0928659,9.230497588,R1111
10/19/2024 17:00,2.635964836,7.953425124,7.808576047,R1111
10/19/2024 17:30,1.288424657,6.335535548,5.768328637,R1111
10/19/2024 18:00,0.384937772,5.085913965,4.346476782,R1111
10/19/2024 18:30,0.745784666,5.817708627,5.040194464,R1111
10/19/2024 19:00,0.841748633,6.208732163,5.584325157,R1111
10/19/2024 19:30,0.950916753,6.36848123,5.735456905,R1111
10/19/2024 20:00,0.877275709,6.162483464,5.50766586,R1111
10/19/2024 20:30,0.836135905,6.067958202,5.674111554,R1111
10/19/2024 21:00,0.972823894,6.301652162,5.913603533,R1111
10/19/2024 21:30,0.677491795,5.933335164,5.491222606,R1111
10/19/2024 22:00,0.964040581,6.130290257,5.726861438,R1111
10/19/2024 22:30,0.883621804,5.84827817,5.560699373,R1111
10/19/2024 23:00,0.806061543,6.007661498,5.609896895,R1111
10/19/2024 23:30,0.863646537,6.237244322,5.77973898,R1111
10/20/2024 0:00,0.962983268,6.405075081,6.151569873,R1111
10/20/2024 0:30,0.310459435,3.867661903,4.542094801,R1111
10/20/2024 1:00,-0.626257843,3.794950661,4.197284883,R1111
10/20/2024 1:30,-0.884777864,3.007079093,3.271518912,R1111
10/20/2024 2:00,-0.839028749,3.421128307,3.45295754,R1111
10/20/2024 2:30,-1.172743998,3.185924527,3.028706694,R1111
10/20/2024 3:00,-0.810471584,3.138623594,2.938370042,R1111
10/20/2024 3:30,-0.145885092,4.121320659,3.849953223,R1111
10/20/2024 4:00,0.352750633,4.99026149,4.54900077,R1111
10/20/2024 4:30,0.647238816,5.613913238,4.977493886,R1111
10/20/2024 5:00,1.065225602,6.364091327,5.758643807,R1111
10/20/2024 5:30,0.684366824,5.561975539,4.967724732,R1111
10/20/2024 6:00,0.809711173,5.868526998,5.11087941,R1111
10/20/2024 6:30,0.870071335,5.970895922,5.231098711,R1111
10/20/2024 7:00,0.895697564,5.938006613,5.330225575,R1111
10/20/2024 7:30,6.097191172,14.3549267,13.72935667,R1111
10/20/2024 8:00,7.959990787,16.67338151,15.97500766,R1111
10/20/2024 8:30,7.865541993,16.31195334,15.4176155,R1111
10/20/2024 9:00,8.862597931,17.55696189,16.91950479,R1111
10/20/2024 9:30,9.610426825,18.52127432,18.32934071,R1111
10/20/2024 10:00,10.4146099,19.41643623,19.12226595,R1111
10/20/2024 10:30,10.8358465,20.15789342,19.91599261,R1111
10/20/2024 11:00,11.01353229,20.27014951,19.92490135,R1111
10/20/2024 11:30,11.1967342,20.64407589,19.81453297,R1111
10/20/2024 12:00,10.44256113,19.91170354,19.70867928,R1111
10/20/2024 12:30,10.19006799,19.44562463,19.47259162,R1111
10/20/2024 13:00,10.53450335,20.05125076,19.70591693,R1111
10/20/2024 13:30,11.14462341,20.58736418,19.83878226,R1111
10/20/2024 14:00,10.62673895,20.57000854,20.27915454,R1111
10/20/2024 14:30,10.40232408,19.86237552,19.29591441,R1111
10/20/2024 15:00,9.756191476,18.93653577,18.1945796,R1111
10/20/2024 15:30,8.340097499,17.13850138,16.26700014,R1111
10/20/2024 16:00,6.681524144,14.72311451,13.68870276,R1111
10/20/2024 16:30,4.778289077,11.76910537,10.67335295,R1111
10/20/2024 17:00,3.146473158,9.41088052,8.406336865,R1111
10/20/2024 17:30,2.016681988,7.430322268,6.605371672,R1111
10/20/2024 18:00,1.005222856,5.574166932,4.94904009,R1111
10/20/2024 18:30,1.101566347,5.601660223,5.069064169,R1111
10/20/2024 19:00,1.256027038,5.951187532,5.380131882,R1111
10/20/2024 19:30,1.491216284,6.353572617,5.728654009,R1111
10/20/2024 20:00,1.447962819,6.497947018,5.931706535,R1111
10/20/2024 20:30,1.574843607,6.649371898,6.022096179,R1111
10/20/2024 21:00,1.44909808,6.55013697,6.015541372,R1111
10/20/2024 21:30,1.386250932,6.435123353,6.042077407,R1111
10/20/2024 22:00,1.330713537,6.321507187,5.858629956,R1111
10/20/2024 22:30,1.275005859,6.316419571,5.821750486,R1111
10/20/2024 23:00,1.244328315,6.216829624,5.669731403,R1111
10/20/2024 23:30,1.517876347,6.661594214,6.066225489,R1111
10/21/2024 0:00,1.632664393,6.819559018,6.276592376,R1111
10/21/2024 0:30,1.691376683,6.823688293,6.310247586,R1111
10/21/2024 1:00,1.576512437,6.89264624,6.287808868,R1111
10/21/2024 1:30,1.504438847,6.706554529,6.012275146,R1111
10/21/2024 2:00,1.538082312,6.763837067,6.132655858,R1111
10/21/2024 2:30,1.582831556,6.853510659,6.137325923,R1111
10/21/2024 3:00,1.729867215,6.849394148,6.230760078,R1111
10/21/2024 3:30,1.585224998,6.827241272,6.221020648,R1111
10/21/2024 4:00,1.546157928,6.818318856,6.060326228,R1111
10/21/2024 4:30,1.722202684,7.049257254,6.207538667,R1111
10/21/2024 5:00,2.126334341,7.583857403,6.693064616,R1111
10/21/2024 5:30,1.493570875,6.780709692,5.905797527,R1111
10/21/2024 6:00,1.433303348,6.572003254,5.619711634,R1111
10/21/2024 6:30,1.477798102,6.768065294,5.749678841,R1111
10/21/2024 7:00,1.621533819,6.877612576,5.872820118,R1111
10/21/2024 7:30,7.801800901,16.39953427,15.68258635,R1111
10/21/2024 8:00,8.371553632,16.32369064,15.68500073,R1111
10/21/2024 8:30,9.449623433,17.81928125,16.9759889,R1111
10/21/2024 9:00,9.511159336,17.93108198,17.27596381,R1111
10/21/2024 9:30,10.07257565,18.70744502,18.01180396,R1111
10/21/2024 10:00,9.076056163,16.97959104,16.86345961,R1111
10/21/2024 10:30,9.450139985,17.59189097,16.46438078,R1111
10/21/2024 11:00,11.93922091,21.18888522,20.52429629,R1111
10/21/2024 11:30,10.96627635,20.26319871,19.99169957,R1111
10/21/2024 12:00,11.06190891,19.96574428,19.45658114,R1111
10/21/2024 12:30,11.03842869,19.94646672,19.41413767,R1111
10/21/2024 13:00,11.20693718,20.48301093,20.22631728,R1111
10/21/2024 13:30,11.01930055,20.02679385,20.02504015,R1111
10/21/2024 14:00,11.61174593,20.22686124,19.81586721,R1111
10/21/2024 14:30,11.37216152,19.77187623,19.1063516,R1111
10/21/2024 15:00,10.91526598,19.52444249,18.19399916,R1111
10/21/2024 15:30,9.218455193,17.62199403,16.66485828,R1111
10/21/2024 16:00,7.634092421,15.54966548,14.28621711,R1111
10/21/2024 16:30,5.735996402,12.65723967,11.3505602,R1111
10/21/2024 17:00,4.179717761,10.52576298,9.268299436,R1111
10/21/2024 17:30,2.697066916,8.24357139,7.171063292,R1111
10/21/2024 18:00,1.504941141,6.261771411,5.548344829,R1111
10/21/2024 18:30,1.168869183,5.315435335,4.565058555,R1111
10/21/2024 19:00,1.442575127,5.607039691,4.610623669,R1111
10/21/2024 19:30,1.385428566,5.579057398,4.745220004,R1111
10/21/2024 20:00,1.430063621,5.858563752,5.020588599,R1111
10/21/2024 20:30,1.367087565,5.669444774,4.91415433,R1111
10/21/2024 21:00,1.236075827,5.718298331,4.973119428,R1111
10/21/2024 21:30,1.44932135,5.900995658,5.215848888,R1111
10/21/2024 22:00,1.648657152,6.187319769,5.421581058,R1111
10/21/2024 22:30,1.62153477,6.295214088,5.564059254,R1111
10/21/2024 23:00,1.618350452,6.246628519,5.530344786,R1111
10/21/2024 23:30,1.767809341,6.457335427,5.773725379,R1111
10/22/2024 0:00,1.562046608,6.387368383,5.778540239,R1111
10/22/2024 0:30,0.230965643,4.773627014,4.708903375,R1111
10/22/2024 1:00,-0.065159009,4.099257875,4.014610834,R1111
10/22/2024 1:30,-0.326632642,3.903278069,3.5615088,R1111
10/22/2024 2:00,-0.549717128,3.328942306,2.97609864,R1111
10/22/2024 2:30,-0.696878573,2.509710763,2.247591021,R1111
10/22/2024 3:00,-0.691578414,3.125992029,2.873856207,R1111
10/22/2024 3:30,-0.26043446,4.107325971,3.792236986,R1111
10/22/2024 4:00,0.517733895,5.044892189,4.295525892,R1111
10/22/2024 4:30,0.806792893,5.582061214,4.708423422,R1111
10/22/2024 5:00,1.04957211,6.202994532,5.399964402,R1111
10/22/2024 5:30,0.719125617,5.657863991,4.878250119,R1111
10/22/2024 6:00,1.039050147,6.026796531,5.141147208,R1111
10/22/2024 6:30,1.281979017,6.355203009,5.449220287,R1111
10/22/2024 7:00,1.549156427,6.868160834,5.926930273,R1111
10/22/2024 7:30,6.917128066,15.28341582,14.38173379,R1111
10/22/2024 8:00,6.977481094,14.94995413,13.56550968,R1111
10/22/2024 8:30,7.103889405,15.01219741,13.69072834,R1111
10/22/2024 9:00,8.280816752,16.60933507,15.63996127,R1111
10/22/2024 9:30,8.882408262,17.99739202,17.26707112,R1111
10/22/2024 10:00,9.872268192,19.29050059,18.60331725,R1111
10/22/2024 10:30,10.47055275,19.90600353,19.57212851,R1111
10/22/2024 11:00,11.14204177,20.293201,19.95667394,R1111
10/22/2024 11:30,10.31277629,20.16932032,19.67376151,R1111
10/22/2024 12:00,9.833242139,18.69474602,18.15117844,R1111
10/22/2024 12:30,9.843684873,19.08811349,18.21949734,R1111
10/22/2024 13:00,10.14317677,19.4442678,18.71063511,R1111
10/22/2024 13:30,10.70513143,20.23200665,19.5241424,R1111
10/22/2024 14:00,10.72352265,20.23384991,19.72891148,R1111
10/22/2024 14:30,10.37384958,19.62160347,18.90867234,R1111
10/22/2024 15:00,10.16756696,19.33689311,18.71649853,R1111
10/22/2024 15:30,9.1056671,18.16577436,17.26441398,R1111
10/22/2024 16:00,7.79257608,16.26119228,15.31825278,R1111
10/22/2024 16:30,5.802702337,13.40629606,12.4100006,R1111
10/22/2024 17:00,4.344924822,11.32716005,10.36776265,R1111
10/22/2024 17:30,2.690017413,8.87428837,8.167817468,R1111
10/22/2024 18:00,1.157833427,5.527336868,5.207065256,R1111
10/22/2024 18:30,1.148478187,5.430516713,4.995028353,R1111
10/22/2024 19:00,1.113151006,5.355889874,5.078946591,R1111
10/22/2024 19:30,1.079266201,5.380651432,5.164044736,R1111
10/22/2024 20:00,1.079862039,5.569745541,5.252194691,R1111
10/22/2024 20:30,1.18945592,5.574940604,5.208417876,R1111
10/22/2024 21:00,1.2269511,5.630636568,5.241928665,R1111
10/22/2024 21:30,1.299130717,5.633622109,5.267226615,R1111
10/22/2024 22:00,1.310632445,5.717498114,5.32787279,R1111
10/22/2024 22:30,1.191866782,5.632394693,5.293872268,R1111
10/22/2024 23:00,1.411809731,5.897707181,5.375195479,R1111
10/22/2024 23:30,1.351927688,6.081855012,5.485115368,R1111
10/23/2024 0:00,1.448624922,6.212835246,5.590473913,R1111
10/23/2024 0:30,1.464913479,6.164035888,5.653397576,R1111
10/23/2024 1:00,1.522178134,6.303948444,5.766266072,R1111
10/23/2024 1:30,1.610076995,6.465698969,5.828123797,R1111
10/23/2024 2:00,1.714454069,6.670937578,5.967866373,R1111
10/23/2024 2:30,1.679677449,6.548127893,5.83376547,R1111
10/23/2024 3:00,1.838522933,6.790826971,6.025114892,R1111
10/23/2024 3:30,1.77700401,6.765892416,5.995169011,R1111
10/23/2024 4:00,1.87387146,6.764384636,6.008021965,R1111
10/23/2024 4:30,1.653724856,6.62813112,5.935529212,R1111
10/23/2024 5:00,1.941154994,6.831878177,6.147693176,R1111
10/23/2024 5:30,1.656064627,6.894703829,6.233634234,R1111
10/23/2024 6:00,1.704027228,6.6244861,6.077459215,R1111
10/23/2024 6:30,1.852878071,6.797841404,6.157896618,R1111
10/23/2024 7:00,1.7607858,6.723573885,6.119054037,R1111
10/23/2024 7:30,6.936727045,14.37441872,13.36091089,R1111
10/23/2024 8:00,6.929073277,14.09623863,13.08343528,R1111
10/23/2024 8:30,7.224568116,15.67569795,14.70837432,R1111
10/23/2024 9:00,7.638994282,16.30854316,15.46079821,R1111
10/23/2024 9:30,8.045733477,16.72660429,15.89496108,R1111
10/23/2024 10:00,8.666851198,17.44853358,16.98467758,R1111
10/23/2024 10:30,9.390746317,18.4118,17.97853172,R1111
10/23/2024 11:00,9.559200746,18.71000378,18.43405631,R1111
10/23/2024 11:30,9.371357751,18.03499509,17.64299484,R1111
10/23/2024 12:00,9.673567178,17.93695135,17.51570997,R1111
10/23/2024 12:30,9.507148268,18.1336076,17.58491593,R1111
10/23/2024 13:00,9.701517451,18.21182448,17.65867448,R1111
10/23/2024 13:30,10.14102211,18.71990341,18.12546994,R1111
10/23/2024 14:00,9.573993974,17.52836854,17.01852922,R1111
10/23/2024 14:30,9.925379145,18.34795825,17.53125189,R1111
10/23/2024 15:00,9.473407934,18.0177531,17.47403971,R1111
10/23/2024 15:30,9.006854401,17.48190512,16.63377488,R1111
10/23/2024 16:00,7.950742788,16.10018411,15.1709852,R1111
10/23/2024 16:30,6.315199667,13.76925285,12.81118246,R1111
10/23/2024 17:00,4.292245311,10.97212509,10.16379644,R1111
10/23/2024 17:30,2.645855824,8.403479569,7.736118625,R1111
10/23/2024 18:00,1.299735198,6.508196052,6.115621554,R1111
10/23/2024 18:30,0.704003269,5.320100604,5.116950315,R1111
10/23/2024 19:00,0.42862078,4.65054815,4.761275396,R1111
10/23/2024 19:30,0.749444877,4.670538973,4.638801086,R1111
10/23/2024 20:00,0.886843799,4.77628396,4.618220621,R1111
10/23/2024 20:30,1.023794662,5.088528124,4.751402409,R1111
10/23/2024 21:00,1.107319534,5.309852586,4.902536302,R1111
10/23/2024 21:30,1.291525621,5.552892377,5.214582874,R1111
10/23/2024 22:00,1.311410772,5.739597887,5.330962451,R1111
10/23/2024 22:30,1.475795183,5.986481009,5.457591092,R1111
10/23/2024 23:00,1.445961021,5.913893625,5.426364332,R1111
10/23/2024 23:30,1.417443156,6.046963328,5.525817676,R1111
10/24/2024 0:00,1.40210888,5.97385797,5.419221845,R1111
10/24/2024 0:30,-0.505929558,3.849137812,3.551416259,R1111
10/24/2024 1:00,-0.491048217,3.772701026,3.453565501,R1111
10/24/2024 1:30,-0.844767048,2.985424394,2.499802888,R1111
10/24/2024 2:00,-0.696144905,3.178108807,2.783836817,R1111
10/24/2024 2:30,-1.072988798,2.403552299,2.014041319,R1111
10/24/2024 3:00,-0.803064126,2.842433533,2.390040196,R1111
10/24/2024 3:30,-0.251932619,3.391331199,3.033267475,R1111
10/24/2024 4:00,0.293900182,4.377183021,3.942789889,R1111
10/24/2024 4:30,0.466780361,4.86587491,4.405007013,R1111
10/24/2024 5:00,0.885993441,5.536341514,5.058141272,R1111
10/24/2024 5:30,0.646240509,5.229304506,4.799213219,R1111
10/24/2024 6:00,0.732987186,5.27225539,4.714009698,R1111
10/24/2024 6:30,0.818224394,5.416547575,4.957942243,R1111
10/24/2024 7:00,1.096611404,5.558815552,5.06400965,R1111
10/24/2024 7:30,5.712572877,12.98687362,12.09619073,R1111
10/24/2024 8:00,7.029366255,14.50270934,13.50174727,R1111
10/24/2024 8:30,6.971408195,14.91932185,13.73989552,R1111
10/24/2024 9:00,7.492414128,15.81143591,14.79942821,R1111
10/24/2024 9:30,7.813614343,16.35313279,15.23951987,R1111
10/24/2024 10:00,8.131737401,16.79819291,15.80908044,R1111
10/24/2024 10:30,8.773149171,17.74818191,16.84701791,R1111
10/24/2024 11:00,9.079438446,17.95409038,17.31171354,R1111
10/24/2024 11:30,9.190624342,18.06671685,17.46923506,R1111
10/24/2024 12:00,9.345134331,18.14624361,17.60482049,R1111
10/24/2024 12:30,9.369731955,18.30381764,17.755062,R1111
10/24/2024 13:00,9.736190561,18.66982761,18.18062909,R1111
10/24/2024 13:30,10.36153994,19.46565618,19.01059043,R1111
10/24/2024 14:00,10.49684049,19.53515109,18.95917208,R1111
10/24/2024 14:30,10.21778233,19.20755891,18.66200571,R1111
10/24/2024 15:00,9.365324482,18.42694012,17.66042026,R1111
10/24/2024 15:30,8.674259315,17.5338857,16.53047896,R1111
10/24/2024 16:00,7.461823137,15.70664719,14.59399388,R1111
10/24/2024 16:30,5.388413936,12.71944431,11.66761043,R1111
10/24/2024 17:00,3.571673188,9.992430011,8.987900538,R1111
10/24/2024 17:30,2.243563407,7.925157496,7.246076442,R1111
10/24/2024 18:00,1.063420028,6.116564254,5.79162118,R1111
10/24/2024 18:30,0.29527685,4.699221289,4.765609383,R1111
10/24/2024 19:00,0.76664134,4.966804561,4.618873203,R1111
10/24/2024 19:30,1.022119344,5.246756685,4.810294587,R1111
10/24/2024 20:00,1.036219655,5.304033871,4.769023824,R1111
10/24/2024 20:30,1.019364893,5.463506404,4.776877734,R1111
10/24/2024 21:00,1.142491762,5.566979609,4.948304516,R1111
10/24/2024 21:30,1.334960942,5.818690793,5.062831802,R1111
10/24/2024 22:00,1.130462628,5.670327983,5.025108762,R1111
10/24/2024 22:30,1.289414808,5.900646416,5.150019189,R1111
10/24/2024 23:00,1.293550012,5.813988182,5.121320508,R1111
10/24/2024 23:30,1.318103387,5.762305714,5.122448752,R1111
10/25/2024 0:00,1.388685755,5.880045028,5.251295422,R1111
10/25/2024 0:30,1.323002819,5.920973653,5.233519689,R1111
10/25/2024 1:00,1.456749781,6.108672441,5.324091734,R1111
10/25/2024 1:30,1.446336421,6.085383676,5.365711289,R1111
10/25/2024 2:00,1.581498839,6.059184571,5.377927178,R1111
10/25/2024 2:30,1.563102019,6.25614231,5.523756958,R1111
10/25/2024 3:00,1.675980119,6.370244121,5.601172886,R1111
10/25/2024 3:30,1.603184263,6.206425269,5.459809296,R1111
10/25/2024 4:00,1.617388967,6.317127095,5.768464048,R1111
10/25/2024 4:30,1.498447419,6.184219347,5.621731338,R1111
10/25/2024 5:00,1.864088516,6.479079111,5.849596394,R1111
10/25/2024 5:30,1.606129117,6.489743872,5.933408161,R1111
10/25/2024 6:00,1.506932572,6.214621384,5.568155191,R1111
10/25/2024 6:30,1.584042815,6.083330518,5.434397927,R1111
10/25/2024 7:00,1.761530536,6.150456595,5.497305095,R1111
10/25/2024 7:30,7.308419544,14.67641198,13.57024107,R1111
10/25/2024 8:00,7.565753891,15.08509388,14.01307816,R1111
10/25/2024 8:30,7.430825429,15.9913633,14.96920984,R1111
10/25/2024 9:00,8.064600796,16.60030133,15.73257524,R1111
10/25/2024 9:30,8.135011053,16.83991644,16.21937699,R1111
10/25/2024 10:00,8.530652734,17.30887654,16.55716766,R1111
10/25/2024 10:30,7.950370918,15.80490564,18.03308387,R1111
10/25/2024 11:00,10.67063089,18.7436956,17.62073631,R1111
10/25/2024 11:30,10.81971074,18.66897374,17.56849339,R1111
10/25/2024 12:00,10.74337423,18.48976897,17.67735916,R1111
10/25/2024 12:30,10.90488783,18.66037494,17.80641937,R1111
10/25/2024 13:00,11.016416,18.9752468,18.16447809,R1111
10/25/2024 13:30,11.49986973,19.6817262,19.0519791,R1111
10/25/2024 14:00,11.5098225,19.58722943,18.65311538,R1111
10/25/2024 14:30,10.73490116,18.97545458,18.02358101,R1111
10/25/2024 15:00,10.40696911,18.88830078,18.0098268,R1111
10/25/2024 15:30,9.763813865,17.81979597,16.68690587,R1111
10/25/2024 16:00,8.733936031,16.50137444,15.24547124,R1111
10/25/2024 16:30,6.634926664,13.56530988,12.20744888,R1111
10/25/2024 17:00,5.030122271,10.85299259,9.645322039,R1111
10/25/2024 17:30,3.374036345,8.318781263,7.374363011,R1111
10/25/2024 18:00,2.094028287,6.501205881,5.848037449,R1111
10/25/2024 18:30,1.51698612,5.383778317,4.857084151,R1111
10/25/2024 19:00,1.393316763,4.951319706,4.524012192,R1111
10/25/2024 19:30,1.830051175,5.386941261,4.824104928,R1111
10/25/2024 20:00,1.839067173,5.40584155,4.973481613,R1111
10/25/2024 20:30,1.95935585,5.622534958,5.082783156,R1111
10/25/2024 21:00,2.035469081,5.705527212,5.273372019,R1111
10/25/2024 21:30,1.965645022,5.77932906,5.190323535,R1111
10/25/2024 22:00,2.120212717,5.871659379,5.278071576,R1111
10/25/2024 22:30,2.119741097,5.907533277,5.197960077,R1111
10/25/2024 23:00,1.805694644,5.742914073,5.024391705,R1111
10/25/2024 23:30,1.946880948,6.016795636,5.095137445,R1111
10/26/2024 0:00,2.073947272,5.903391212,5.03256999,R1111
10/26/2024 0:30,2.215809518,6.1019593,5.199900554,R1111
10/26/2024 1:00,2.169790013,6.050488264,5.275176201,R1111
10/26/2024 1:30,2.033909408,5.92973444,5.192242024,R1111
10/26/2024 2:00,1.935026256,5.992839327,5.288800021,R1111
10/26/2024 2:30,1.85167835,5.915945256,5.213252645,R1111
10/26/2024 3:00,2.099141036,6.057999703,5.198318847,R1111
10/26/2024 3:30,2.052798053,6.109175763,5.367405911,R1111
10/26/2024 4:00,1.936192127,6.132184938,5.358421528,R1111
10/26/2024 4:30,1.835074913,6.107125728,5.242413044,R1111
10/26/2024 5:00,1.910945753,6.230357874,5.400018139,R1111
10/26/2024 5:30,1.716354311,6.021769299,5.142816886,R1111
10/26/2024 6:00,1.757331998,5.752704062,4.916961338,R1111
10/26/2024 6:30,1.865153685,5.65030092,4.905289076,R1111
10/26/2024 7:00,1.849247873,5.749486408,5.052501529,R1111
10/26/2024 7:30,6.096764474,12.89750824,11.69486965,R1111
10/26/2024 8:00,7.312154959,14.16725841,12.99274913,R1111
10/26/2024 8:30,7.356052329,14.91534003,14.19625731,R1111
10/26/2024 9:00,7.841321141,15.4434772,14.90840305,R1111
10/26/2024 9:30,8.01131403,15.44296282,14.72952807,R1111
10/26/2024 10:00,8.678359597,16.24573794,15.47402754,R1111
10/26/2024 10:30,9.424730066,17.41423574,16.77241328,R1111
10/26/2024 11:00,9.925317839,17.83178929,17.02019637,R1111
10/26/2024 11:30,9.793488688,17.8495297,17.02685472,R1111
10/26/2024 12:00,9.819803052,17.80611234,17.03685323,R1111
10/26/2024 12:30,10.04476197,18.17453059,17.23524853,R1111
10/26/2024 13:00,10.38780655,18.5990911,17.80403318,R1111
10/26/2024 13:30,10.76237717,18.95878156,18.07229438,R1111
10/26/2024 14:00,10.84732005,19.10167307,18.3477021,R1111
10/26/2024 14:30,10.83321784,18.99385355,18.06166943,R1111
10/26/2024 15:00,9.899918954,18.04744791,17.10074122,R1111
10/26/2024 15:30,9.348417082,17.32645043,16.19064068,R1111
10/26/2024 16:00,8.069710244,15.7828576,14.53092732,R1111
10/26/2024 16:30,6.521599596,13.13472554,11.81373894,R1111
10/26/2024 17:00,4.773635777,10.60889246,9.419942379,R1111
10/26/2024 17:30,3.249099343,8.201835059,7.167993611,R1111
10/26/2024 18:00,1.875521034,6.42673378,5.645621231,R1111
10/26/2024 18:30,1.290024826,5.330941538,4.673174528,R1111
10/26/2024 19:00,1.166144329,4.797662386,4.154317991,R1111
10/26/2024 19:30,1.571114088,4.992666862,4.115757961,R1111
10/26/2024 20:00,1.461403479,4.897315264,4.025332627,R1111
10/26/2024 20:30,1.554683146,5.089294734,4.186560408,R1111
10/26/2024 21:00,1.576911338,5.262908546,4.251773691,R1111
10/26/2024 21:30,1.669847799,5.412027412,4.400805248,R1111
10/26/2024 22:00,1.651016085,5.330228717,4.355553032,R1111
10/26/2024 22:30,1.771467755,5.428460811,4.412657781,R1111
10/26/2024 23:00,1.712906303,5.528083046,4.466189418,R1111
10/26/2024 23:30,1.791583875,5.706940164,4.737614212,R1111
10/27/2024 0:00,1.800360162,5.640245996,4.788980138,R1111
10/27/2024 0:30,0.773748083,3.896729186,3.051088031,R1111
10/27/2024 1:00,0.497688308,3.444829895,2.882742133,R1111
10/27/2024 1:30,-0.168529197,3.123349964,2.605646261,R1111
10/27/2024 2:00,-0.360089619,2.769369387,2.32656831,R1111
10/27/2024 2:30,-0.424218206,2.429591345,2.050401643,R1111
10/27/2024 3:00,-0.406756662,2.535123353,2.22188169,R1111
10/27/2024 3:30,-0.140645317,3.24330956,2.744871777,R1111
10/27/2024 4:00,0.324357846,4.122386348,3.503031441,R1111
10/27/2024 4:30,0.5047408,4.528100836,3.843571843,R1111
10/27/2024 5:00,0.647320141,5.136851807,4.329220785,R1111
10/27/2024 5:30,0.521985919,5.015900862,4.143705541,R1111
10/27/2024 6:00,1.003847777,5.036611881,4.099565547,R1111
10/27/2024 6:30,0.986527903,5.284204429,4.381750884,R1111
10/27/2024 7:00,0.83209618,5.062043711,4.247899182,R1111
10/27/2024 7:30,3.844824567,10.2427717,8.732764822,R1111
10/27/2024 8:00,5.165522534,12.11282736,10.46610162,R1111
10/27/2024 8:30,5.021794447,12.20286288,10.38042518,R1111
10/27/2024 9:00,6.897921427,15.02389662,13.21003839,R1111
10/27/2024 9:30,7.296116083,15.53250722,13.80458866,R1111
10/27/2024 10:00,8.177132798,16.64918213,14.8883343,R1111
10/27/2024 10:30,8.80880759,17.34651448,15.64103199,R1111
10/27/2024 11:00,9.709548888,18.43462438,16.84513669,R1111
10/27/2024 11:30,9.89959074,18.43140415,16.74403753,R1111
10/27/2024 12:00,10.08269077,18.50795662,16.69442459,R1111
10/27/2024 12:30,10.11562064,18.53720292,16.70767584,R1111
10/27/2024 13:00,10.50535292,19.035463,17.41193466,R1111
10/27/2024 13:30,10.9948295,19.66652033,17.87707289,R1111
10/27/2024 14:00,11.04459961,19.55076485,17.74662419,R1111
10/27/2024 14:30,10.74056349,19.50684983,17.82044201,R1111
10/27/2024 15:00,10.43295816,18.87902398,17.02882914,R1111
10/27/2024 15:30,9.741841369,18.06596152,16.26584349,R1111
10/27/2024 16:00,8.51640587,16.18035628,14.56074473,R1111
10/27/2024 16:30,6.809187122,13.55210669,12.0123526,R1111
10/27/2024 17:00,4.995396093,10.65400897,9.103667022,R1111
10/27/2024 17:30,3.259185794,7.936092498,6.789422998,R1111
10/27/2024 18:00,1.700322892,5.836940394,5.047109911,R1111
10/27/2024 18:30,1.282596231,5.160998671,4.283341696,R1111
10/27/2024 19:00,1.232067857,4.671148889,3.950260462,R1111
10/27/2024 19:30,1.389797219,4.95917043,4.072938716,R1111
10/27/2024 20:00,1.35680221,5.095816512,4.2241752,R1111
10/27/2024 20:30,1.479828638,5.288863556,4.378505048,R1111
10/27/2024 21:00,1.489569388,5.443711818,4.612185387,R1111
10/27/2024 21:30,1.548916637,5.543748767,4.582160436,R1111
10/27/2024 22:00,1.633763757,5.731148513,4.852710236,R1111
10/27/2024 22:30,1.751911783,5.913540396,4.909197698,R1111
10/27/2024 23:00,1.633032956,5.98900243,4.941157552,R1111
10/27/2024 23:30,1.746036145,6.091740818,5.050215902,R1111
10/28/2024 0:00,1.872668425,6.20063963,5.195062058,R1111
10/28/2024 0:30,1.926810593,6.090327832,5.238946888,R1111
10/28/2024 1:00,1.942195912,6.029264402,5.294123072,R1111
10/28/2024 1:30,1.900830232,6.00162092,5.255673768,R1111
10/28/2024 2:00,2.147140643,6.28245001,5.440944224,R1111
10/28/2024 2:30,1.995100523,6.197209889,5.368051289,R1111
10/28/2024 3:00,2.024380675,6.322050522,5.493187623,R1111
10/28/2024 3:30,2.064072249,6.268817036,5.451416133,R1111
10/28/2024 4:00,1.956621019,6.166353805,5.399909425,R1111
10/28/2024 4:30,1.987853082,6.275403103,5.415135735,R1111
10/28/2024 5:00,1.986989906,6.392068349,5.621859476,R1111
10/28/2024 5:30,2.007916734,6.255466326,5.404300593,R1111
10/28/2024 6:00,2.033837051,5.974867694,5.34365735,R1111
10/28/2024 6:30,1.969759981,5.88443422,5.300403518,R1111
10/28/2024 7:00,1.958925675,5.840405105,5.219080841,R1111
10/28/2024 7:30,7.010099183,14.08724176,13.28614699,R1111
10/28/2024 8:00,8.128566289,14.86555659,14.18353563,R1111
10/28/2024 8:30,8.181038606,15.25533235,14.55460899,R1111
10/28/2024 9:00,8.572635182,15.93955399,15.26357207,R1111
10/28/2024 9:30,9.15500322,16.28014061,15.49055839,R1111
10/28/2024 10:00,9.47856999,16.63199371,15.77144842,R1111
10/28/2024 10:30,10.21228271,17.58126424,17.12002775,R1111
10/28/2024 11:00,10.78046615,18.33734914,17.79108125,R1111
10/28/2024 11:30,10.81476098,18.26306647,17.80666694,R1111
10/28/2024 12:00,11.00671396,18.65637032,18.31903856,R1111
10/28/2024 12:30,11.20387202,19.04377376,18.7577837,R1111
10/28/2024 13:00,11.39002044,19.21034149,18.96050669,R1111
10/28/2024 13:30,11.73427029,19.74258886,19.46877718,R1111
10/28/2024 14:00,11.83590757,19.89664704,19.68942141,R1111
10/28/2024 14:30,11.37946672,19.35464835,19.24851866,R1111
10/28/2024 15:00,10.92216692,18.79608216,18.32476322,R1111
10/28/2024 15:30,10.1063685,17.60222621,17.12824704,R1111
10/28/2024 16:00,8.768220025,15.65619125,14.70410237,R1111
10/28/2024 16:30,6.909756278,13.00098137,12.11302383,R1111
10/28/2024 17:00,4.874636305,10.05857569,9.14173093,R1111
10/28/2024 17:30,3.306810083,7.536264264,6.946324557,R1111
10/28/2024 18:00,2.008298794,5.655141681,5.224522642,R1111
10/28/2024 18:30,1.636377411,5.118329623,4.549620945,R1111
10/28/2024 19:00,1.707666157,4.8782952,4.259599344,R1111
10/28/2024 19:30,1.945978185,5.124916738,4.455886019,R1111
10/28/2024 20:00,2.058870325,5.288194006,4.675432855,R1111
10/28/2024 20:30,2.210494055,5.548816271,4.867247351,R1111
10/28/2024 21:00,2.318793,5.469558677,4.909561782,R1111
10/28/2024 21:30,2.362410679,5.769982876,5.171216601,R1111
10/28/2024 22:00,2.389838362,5.762918259,5.128478413,R1111
10/28/2024 22:30,2.493936649,5.80194039,5.210581944,R1111
10/28/2024 23:00,2.551480525,5.829361541,5.198290296,R1111
10/28/2024 23:30,2.654872154,5.824211863,5.305212578,R1111
10/29/2024 0:00,2.644424693,5.948953248,5.293617677,R1111
10/29/2024 0:30,1.4669549,4.420396344,3.929360114,R1111
10/29/2024 1:00,0.508202131,3.46602067,3.185441297,R1111
10/29/2024 1:30,0.018682317,2.702823264,2.458889503,R1111
10/29/2024 2:00,0.316713915,2.910790523,2.699793847,R1111
10/29/2024 2:30,0.144357475,2.609023242,2.577507242,R1111
10/29/2024 3:00,-0.012522675,2.395240979,2.331180301,R1111
10/29/2024 3:30,0.38421629,3.155671203,2.875808735,R1111
10/29/2024 4:00,1.161192989,4.073504082,3.742527524,R1111
10/29/2024 4:30,1.481203801,4.436244664,4.124612071,R1111
10/29/2024 5:00,1.732770583,4.967704266,4.609107349,R1111
10/29/2024 5:30,1.054734066,4.755606258,4.284934337,R1111
10/29/2024 6:00,1.531861031,4.85648558,4.399230611,R1111
10/29/2024 6:30,1.410620513,5.101943365,4.67077027,R1111
10/29/2024 7:00,1.382883049,5.234791253,4.728848023,R1111
10/29/2024 7:30,2.244335528,6.288822965,5.71772236,R1111
10/29/2024 8:00,5.427357566,10.90309732,10.05116849,R1111
10/29/2024 8:30,4.12023505,9.065166297,8.290233315,R1111
10/29/2024 9:00,4.735681292,10.08470079,9.230974484,R1111
10/29/2024 9:30,6.729679696,13.17909356,12.27147491,R1111
10/29/2024 10:00,8.217018054,15.18924162,14.24379692,R1111
10/29/2024 10:30,9.580204393,17.21271978,16.43221437,R1111
10/29/2024 11:00,9.202517718,16.88577115,16.11377133,R1111
10/29/2024 11:30,9.285450643,17.02117829,16.14645238,R1111
10/29/2024 12:00,10.54284971,18.826587,18.41246877,R1111
10/29/2024 12:30,11.32865376,19.43760308,19.31062185,R1111
10/29/2024 13:00,11.41668217,19.3389804,19.02964138,R1111
10/29/2024 13:30,11.93015055,20.08927062,19.99291337,R1111
10/29/2024 14:00,12.0944213,20.39726887,20.30950288,R1111
10/29/2024 14:30,11.69138542,20.00124899,19.69669632,R1111
10/29/2024 15:00,11.44583062,19.64892072,19.12813219,R1111
10/29/2024 15:30,10.40698699,18.25271438,17.4026794,R1111
10/29/2024 16:00,8.960430726,16.24106083,15.11608205,R1111
10/29/2024 16:30,7.131279252,13.6088682,12.49600569,R1111
10/29/2024 17:00,5.006985895,10.33125747,9.363128706,R1111
10/29/2024 17:30,2.536700581,6.684761058,6.129522521,R1111
10/29/2024 18:00,2.0222004,5.391450691,4.585537017,R1111
10/29/2024 18:30,1.834755555,5.522717928,4.78341825,R1111
10/29/2024 19:00,1.907127891,5.520523941,4.654926152,R1111
10/29/2024 19:30,1.998147349,5.725678386,4.842863887,R1111
10/29/2024 20:00,1.827788392,5.702662298,4.878707891,R1111
10/29/2024 20:30,1.752477502,5.639891067,4.917804881,R1111
10/29/2024 21:00,1.565412211,5.772212706,5.093935072,R1111
10/29/2024 21:30,1.673758534,5.825650947,5.045700124,R1111
10/29/2024 22:00,1.419928164,5.842726406,5.00969396,R1111
10/29/2024 22:30,1.502655653,5.817787937,5.030533735,R1111
10/29/2024 23:00,1.384574776,5.678664657,4.871087492,R1111
10/29/2024 23:30,1.604032222,5.678760651,4.928897789,R1111
10/30/2024 0:00,1.762094725,5.953040401,5.031027275,R1111
10/30/2024 0:30,1.88360108,6.128348589,5.304938265,R1111
10/30/2024 1:00,1.773978843,6.029386728,5.175418085,R1111
10/30/2024 1:30,1.858525114,6.023480441,5.316503113,R1111
10/30/2024 2:00,1.943641803,6.02447841,5.24136563,R1111
10/30/2024 2:30,1.976831934,5.974946641,5.327047123,R1111
10/30/2024 3:00,2.181662409,6.023943387,5.363493691,R1111
10/30/2024 3:30,1.99009166,5.765588293,5.177480007,R1111
10/30/2024 4:00,1.97478264,6.016267793,5.281525335,R1111
10/30/2024 4:30,2.163435868,5.694897891,5.221908014,R1111
10/30/2024 5:00,2.415926893,6.025477718,5.598325706,R1111
10/30/2024 5:30,1.995596048,5.524665055,5.129468694,R1111
10/30/2024 6:00,1.898798099,5.350267993,4.955906525,R1111
10/30/2024 6:30,2.028129108,5.375767048,4.924486145,R1111
10/30/2024 7:00,2.168425575,5.314954364,4.987222854,R1111
10/30/2024 7:30,7.535601521,14.29319496,13.74992271,R1111
10/30/2024 8:00,8.938436462,16.3266891,16.01637892,R1111
10/30/2024 8:30,8.710220454,15.27670443,14.49935529,R1111
10/30/2024 9:00,9.326988798,16.06697422,15.50866302,R1111
10/30/2024 9:30,9.958162909,16.91785096,16.38326602,R1111
10/30/2024 10:00,10.72639785,17.92043321,17.51737932,R1111
10/30/2024 10:30,11.46712042,18.68311963,18.50103722,R1111
10/30/2024 11:00,11.94558212,19.20997983,19.08387992,R1111
10/30/2024 11:30,11.85911844,19.07403678,19.1157444,R1111
10/30/2024 12:00,12.09524676,19.37280167,19.59954087,R1111
10/30/2024 12:30,12.22387592,19.6595841,19.56668532,R1111
10/30/2024 13:00,12.4385469,19.96883067,20.08545812,R1111
10/30/2024 13:30,12.43420004,20.05667458,20.32073134,R1111
10/30/2024 14:00,12.30667752,19.7592971,19.87184762,R1111
10/30/2024 14:30,11.71913212,19.25719088,19.12787516,R1111
10/30/2024 15:00,11.23198501,18.70099496,18.42887762,R1111
10/30/2024 15:30,10.20969966,17.39283672,16.90103827,R1111
10/30/2024 16:00,8.40188615,14.87755744,14.12268042,R1111
10/30/2024 16:30,6.405475014,11.9180806,11.04213777,R1111
10/30/2024 17:00,4.56849692,9.169080281,8.392848408,R1111
10/30/2024 17:30,3.100831228,7.015299849,6.404065422,R1111
10/30/2024 18:00,2.009966636,5.440720265,4.881122231,R1111
10/30/2024 18:30,2.061450119,5.310636806,4.940528005,R1111
10/30/2024 19:00,2.24465895,5.781470708,5.23669945,R1111
10/30/2024 19:30,2.348828809,6.083011056,5.468306722,R1111
10/30/2024 20:00,2.264998147,5.99097972,5.388167697,R1111
10/30/2024 20:30,2.22571051,6.122196915,5.46382195,R1111
10/30/2024 21:00,2.202198784,6.031661848,5.267662498,R1111
10/30/2024 21:30,2.037846447,5.879696493,5.04680328,R1111
10/30/2024 22:00,2.039391693,5.854833644,4.979540149,R1111
10/30/2024 22:30,2.122525821,5.867681661,5.018281372,R1111
10/30/2024 23:00,2.068200186,5.688412879,4.901454658,R1111
10/30/2024 23:30,2.117419481,5.908062069,5.209575465,R1111
10/31/2024 0:00,2.353560434,6.142910009,5.392078967,R1111
10/31/2024 0:30,0.743834066,3.861628218,3.408641066,R1111
10/31/2024 1:00,1.074945325,3.736688034,3.314906811,R1111
10/31/2024 1:30,0.427071745,3.150165807,2.771760035,R1111
10/31/2024 2:00,0.750810034,3.126200204,2.802253742,R1111
10/31/2024 2:30,-0.013974032,2.558238149,2.335194891,R1111
10/31/2024 3:00,0.636451055,3.060602007,2.844735943,R1111
10/31/2024 3:30,1.078796306,3.81342577,3.60484592,R1111
10/31/2024 4:00,1.715520346,4.677623747,4.389327527,R1111
10/31/2024 4:30,1.819701182,5.097894433,4.767702418,R1111
10/31/2024 5:00,2.713266244,6.021697308,5.623017711,R1111
10/31/2024 5:30,2.450293129,5.341058923,4.928422213,R1111
10/31/2024 6:00,1.990876459,5.154868432,4.703240352,R1111
10/31/2024 6:30,1.697543956,5.090532362,4.730687568,R1111
10/31/2024 7:00,1.797644871,5.142142684,4.938264656,R1111
10/31/2024 7:30,6.432839446,12.57112188,11.91096102,R1111
10/31/2024 8:00,9.416851657,16.24944065,16.06096562,R1111
10/31/2024 8:30,8.840670085,14.96787434,14.27895622,R1111
10/31/2024 9:00,8.942647011,15.75686409,15.12897344,R1111
10/31/2024 9:30,9.727553827,16.49964372,16.03024999,R1111
10/31/2024 10:00,10.39734932,17.45067334,17.26240446,R1111
10/31/2024 10:30,10.96721851,18.70287153,18.59963947,R1111
10/31/2024 11:00,11.59173682,19.16760363,19.33696403,R1111
10/31/2024 11:30,11.85043001,19.41526178,19.5937191,R1111
10/31/2024 12:00,11.78861231,19.53851175,19.69020433,R1111
10/31/2024 12:30,11.7968576,19.73031913,19.69917333,R1111
10/31/2024 13:00,12.00124041,20.1214142,19.96490558,R1111
10/31/2024 13:30,12.29880978,20.43006699,20.43750535,R1111
10/31/2024 14:00,12.29431277,20.40595252,20.28408982,R1111
10/31/2024 14:30,11.89730324,19.99986012,19.82104053,R1111
10/31/2024 15:00,11.24880551,19.35495372,18.92493687,R1111
10/31/2024 15:30,9.997609716,17.60155155,16.90021603,R1111
10/31/2024 16:00,8.182832719,14.93350102,13.9171418,R1111
10/31/2024 16:30,5.913797203,11.73563536,10.70364229,R1111
10/31/2024 17:00,3.987927436,8.899842729,8.122151573,R1111
10/31/2024 17:30,2.634210069,6.696597409,6.031869516,R1111
10/31/2024 18:00,1.558745488,5.23983229,4.657003444,R1111
10/31/2024 18:30,1.638889661,4.981185835,4.356042126,R1111
10/31/2024 19:00,1.801625502,5.46386295,4.680578874,R1111
10/31/2024 19:30,2.212718031,5.987681456,5.226678828,R1111
10/31/2024 20:00,2.085357069,6.130500543,5.221530619,R1111
10/31/2024 20:30,2.285851604,6.451691618,5.48895308,R1111
10/31/2024 21:00,2.055279952,6.338579136,5.41419471,R1111
10/31/2024 21:30,2.229129128,6.386894211,5.49795543,R1111
10/31/2024 22:00,2.076872216,6.278680103,5.36395023,R1111
10/31/2024 22:30,2.099505187,6.22030511,5.364560183,R1111
10/31/2024 23:00,1.977830482,6.237697869,5.358757491,R1111
10/31/2024 23:30,2.154295151,6.429475302,5.411318898,R1111
11/1/2024 0:00,2.088283431,6.487058237,5.559863582,R1111
11/1/2024 0:30,1.990331808,6.447956927,5.509002638,R1111
11/1/2024 1:00,1.9133297,6.228798023,5.365823331,R1111
11/1/2024 1:30,2.093993199,6.461664757,5.644825869,R1111
11/1/2024 2:00,1.81219547,6.260368349,5.421312486,R1111
11/1/2024 2:30,2.025103497,6.363020698,5.473964279,R1111
11/1/2024 3:00,2.057202091,6.401205103,5.488589857,R1111
11/1/2024 3:30,2.14277311,6.536538784,5.612915655,R1111
11/1/2024 4:00,2.099119346,6.411887804,5.52732892,R1111
11/1/2024 4:30,2.139612632,6.415480905,5.537492139,R1111
11/1/2024 5:00,2.234293987,6.691701623,5.780027592,R1111
11/1/2024 5:30,1.815227956,6.21606258,5.266305222,R1111
11/1/2024 6:00,1.834146443,6.255655889,5.326483385,R1111
11/1/2024 6:30,2.247850161,6.637735111,5.512558975,R1111
11/1/2024 7:00,1.742085649,5.999141058,5.168968853,R1111
11/1/2024 7:30,2.285258193,6.90608925,5.957360939,R1111
11/1/2024 8:00,4.129504185,9.91738233,8.799291158,R1111
11/1/2024 8:30,5.1710384,11.22096494,9.799498717,R1111
11/1/2024 9:00,7.873623797,15.38209719,14.10804248,R1111
11/1/2024 9:30,8.826971055,16.85064449,15.73637971,R1111
11/1/2024 10:00,9.765231302,17.92548026,17.15528029,R1111
11/1/2024 10:30,10.67498812,18.88115675,18.37378106,R1111
11/1/2024 11:00,10.86814761,18.87613819,18.38062691,R1111
11/1/2024 11:30,11.16567139,19.16336889,18.47598316,R1111
11/1/2024 12:00,11.36183722,19.53912541,18.99392677,R1111
11/1/2024 12:30,11.69558623,20.13483588,19.10713808,R1111
11/1/2024 13:00,11.86289357,20.84067686,20.46571939,R1111
11/1/2024 13:30,12.06866089,20.9408559,20.50790658,R1111
11/1/2024 14:00,11.87434571,20.71856369,20.22971985,R1111
11/1/2024 14:30,11.46678813,20.18666692,19.55308913,R1111
11/1/2024 15:00,11.13604364,19.85630786,19.05008605,R1111
11/1/2024 15:30,10.30181578,18.74083193,17.86263644,R1111
11/1/2024 16:00,8.956081355,16.66653982,15.51143341,R1111
11/1/2024 16:30,7.03211409,13.96494864,12.68738127,R1111
11/1/2024 17:00,4.898678733,10.75903907,9.591140904,R1111
11/1/2024 17:30,3.177432992,7.929962479,6.869644248,R1111
11/1/2024 18:00,1.922077903,6.312797001,5.485848841,R1111
11/1/2024 18:30,1.74091205,5.898209849,5.231390555,R1111
11/1/2024 19:00,1.909920534,5.909074628,5.181699853,R1111
11/1/2024 19:30,1.966112497,6.165254343,5.27277247,R1111
11/1/2024 20:00,2.080013954,6.296368216,5.255315654,R1111
11/1/2024 20:30,1.940982942,6.333970716,5.38878199,R1111
11/1/2024 21:00,2.021771201,6.381280521,5.36878782,R1111
11/1/2024 21:30,1.825087995,6.350944713,5.253154521,R1111
11/1/2024 22:00,2.02784947,6.29893636,5.234445557,R1111
11/1/2024 22:30,1.962033964,6.400066406,5.338029838,R1111
11/1/2024 23:00,1.904279607,6.5146959,5.323044876,R1111
11/1/2024 23:30,2.056241856,6.647801116,5.529394267,R1111
11/2/2024 0:00,2.218480703,6.63612206,5.591920167,R1111
11/2/2024 0:30,2.167370506,6.637050772,5.551521546,R1111
11/2/2024 1:00,2.274231273,6.715832991,5.708420165,R1111
11/2/2024 1:30,2.196001384,6.672057632,5.525245989,R1111
11/2/2024 2:00,2.10559708,6.566289401,5.547277507,R1111
11/2/2024 2:30,2.11419009,6.641600877,5.534096452,R1111
11/2/2024 3:00,2.032573005,6.623981136,5.519052704,R1111
11/2/2024 3:30,2.012170644,6.542492336,5.492693391,R1111
11/2/2024 4:00,2.095206723,6.574675842,5.583967573,R1111
11/2/2024 4:30,1.956753883,6.479839631,5.391837977,R1111
11/2/2024 5:00,2.215667677,6.65153926,5.593983058,R1111
11/2/2024 5:30,1.946861899,6.316448465,5.283185681,R1111
11/2/2024 6:00,1.877164701,6.173113193,5.271969272,R1111
11/2/2024 6:30,1.797227969,6.021535475,5.054652296,R1111
11/2/2024 7:00,1.680407336,5.907640408,4.995879057,R1111
11/2/2024 7:30,6.760223043,13.91483975,12.82749007,R1111
11/2/2024 8:00,8.898299416,16.44929668,15.55863762,R1111
11/2/2024 8:30,8.255201916,15.32959164,13.91369784,R1111
11/2/2024 9:00,8.728358965,15.81327706,14.74620288,R1111
11/2/2024 9:30,9.22501214,16.49524966,15.57453014,R1111
11/2/2024 10:00,10.04781896,17.64516585,16.92105114,R1111
11/2/2024 10:30,10.93721257,18.85789054,18.14323956,R1111
11/2/2024 11:00,11.32839363,19.42735566,18.68687498,R1111
11/2/2024 11:30,11.08032731,19.32225523,18.81033623,R1111
11/2/2024 12:00,11.08998965,19.28923673,18.62128033,R1111
11/2/2024 12:30,11.46136812,19.98887177,19.36905364,R1111
11/2/2024 13:00,11.46444308,20.07235933,19.55991833,R1111
11/2/2024 13:30,11.52658781,20.30212816,19.96958289,R1111
11/2/2024 14:00,11.50898798,20.13174892,19.46584734,R1111
11/2/2024 14:30,11.18239146,19.794048,19.12954277,R1111
11/2/2024 15:00,10.63421247,19.11725577,18.16315513,R1111
11/2/2024 15:30,9.358697748,17.40341801,16.23746422,R1111
11/2/2024 16:00,7.574075204,14.87735112,13.58927617,R1111
11/2/2024 16:30,5.516396211,11.78888613,10.49223234,R1111
11/2/2024 17:00,3.769177579,8.951752167,7.950624353,R1111
11/2/2024 17:30,2.480480687,6.971888406,6.097017358,R1111
11/2/2024 18:00,1.416559074,5.606539188,4.900901567,R1111
11/2/2024 18:30,1.469574244,5.320065076,4.70370899,R1111
11/2/2024 19:00,1.556521593,5.573372514,4.900645508,R1111
11/2/2024 19:30,1.882995956,5.966768663,5.302337509,R1111
11/2/2024 20:00,1.858740906,5.901360549,5.106938168,R1111
11/2/2024 20:30,1.854299582,6.090276907,5.22869994,R1111
11/2/2024 21:00,1.981937514,6.128598378,5.293997589,R1111
11/2/2024 21:30,1.943698886,6.008515049,5.191305151,R1111
11/2/2024 22:00,1.746815509,5.988638265,5.127855234,R1111
11/2/2024 22:30,1.666643347,5.849606477,4.842112319,R1111
11/2/2024 23:00,1.672077953,5.889711037,4.93654896,R1111
11/2/2024 23:30,1.892753063,6.118324312,5.23558881,R1111
11/3/2024 0:00,1.891860748,6.336192747,5.464261078,R1111
11/3/2024 0:30,0.948348456,4.377943848,3.67954916,R1111
11/3/2024 1:00,0.300177015,3.813021788,3.107463892,R1111
11/3/2024 1:30,0.550481724,3.806857324,3.026085636,R1111
11/3/2024 2:00,0.34964526,3.24593284,2.640874857,R1111
11/3/2024 2:30,-0.225813025,3.01333277,2.415700739,R1111
11/3/2024 3:00,0.70622616,2.886594031,2.382603123,R1111
11/3/2024 3:30,0.87687391,3.691807922,3.209065157,R1111
11/3/2024 4:00,1.480859238,4.239439698,3.510982661,R1111
11/3/2024 4:30,1.606446554,4.691915857,3.961113241,R1111
11/3/2024 5:00,1.985952693,5.133712668,4.456853817,R1111
11/3/2024 5:30,1.781890934,4.636841111,3.999934697,R1111
11/3/2024 6:00,1.406483374,4.688618596,4.047842274,R1111
11/3/2024 6:30,1.526913401,4.688597589,4.148249271,R1111
11/3/2024 7:00,1.362002311,4.555693294,4.073878252,R1111
11/3/2024 7:30,1.980701056,5.677665159,4.966031777,R1111
11/3/2024 8:00,2.864113459,6.773632909,5.945873223,R1111
11/3/2024 8:30,2.949016084,7.013986997,6.271198352,R1111
11/3/2024 9:00,5.963743328,11.44106343,10.09344411,R1111
11/3/2024 9:30,3.859119251,8.452949089,7.446973607,R1111
11/3/2024 10:00,2.7482502,6.736098192,5.934773667,R1111
11/3/2024 10:30,2.576903769,6.367236533,5.557148738,R1111
11/3/2024 11:00,3.02507053,6.988633228,6.054942108,R1111
11/3/2024 11:30,2.949812113,7.017534532,6.124266185,R1111
11/3/2024 12:00,2.969651771,6.719104091,5.822888929,R1111
11/3/2024 12:30,3.436179859,7.390371289,6.429566011,R1111
11/3/2024 13:00,3.20920283,7.172753261,6.212293586,R1111
11/3/2024 13:30,3.283708072,7.143197401,6.116467613,R1111
11/3/2024 14:00,3.336057926,7.267298426,6.221635243,R1111
11/3/2024 14:30,3.626603356,7.612847171,6.602227266,R1111
11/3/2024 15:00,3.533743323,7.466934997,6.527507838,R1111
11/3/2024 15:30,3.97480611,8.452104771,7.293602083,R1111
11/3/2024 16:00,4.718488661,9.468061152,8.212151407,R1111
11/3/2024 16:30,4.064539654,8.465829524,7.176384787,R1111
11/3/2024 17:00,3.266895724,7.26923479,6.202997436,R1111
11/3/2024 17:30,2.634065267,6.128329831,5.344278957,R1111
11/3/2024 18:00,1.771842427,4.876676467,4.166973708,R1111
11/3/2024 18:30,1.997744908,5.352020831,4.616154412,R1111
11/3/2024 19:00,1.628498827,4.953874184,4.363367279,R1111
11/3/2024 19:30,1.798299661,4.954358681,4.353235373,R1111
11/3/2024 20:00,1.801313622,5.064772222,4.464166054,R1111
11/3/2024 20:30,1.691189898,4.779707828,4.15229695,R1111
11/3/2024 21:00,1.889429759,5.188257271,4.513262019,R1111
11/3/2024 21:30,1.798759127,5.012106484,4.400283908,R1111
11/3/2024 22:00,1.757658834,4.932536498,4.374045866,R1111
11/3/2024 22:30,1.752185415,4.855485488,4.236936607,R1111
11/3/2024 23:00,1.772318994,4.940157428,4.246376707,R1111
11/3/2024 23:30,2.094375341,5.249583167,4.6686186,R1111
11/4/2024 0:00,1.945530922,5.130388507,4.570636263,R1111
11/4/2024 0:30,1.908031493,5.179233112,4.641926414,R1111
11/4/2024 1:00,2.08318344,5.157901497,4.567862312,R1111
11/4/2024 1:30,2.033262501,5.252173183,4.668130643,R1111
11/4/2024 2:00,2.137450494,5.317190556,4.694218007,R1111
11/4/2024 2:30,2.073836485,5.286248873,4.726848924,R1111
11/4/2024 3:00,2.148413756,5.294875808,4.659271397,R1111
11/4/2024 3:30,2.125674428,5.314636738,4.713613673,R1111
11/4/2024 4:00,2.100272234,5.224327498,4.561661606,R1111
11/4/2024 4:30,2.166671865,5.33263481,4.693616845,R1111
11/4/2024 5:00,2.359652081,5.524904773,5.002519533,R1111
11/4/2024 5:30,2.068423913,5.27231696,4.677961358,R1111
11/4/2024 6:00,2.037720854,5.292989175,4.577293568,R1111
11/4/2024 6:30,2.009636745,5.179075873,4.492955533,R1111
11/4/2024 7:00,2.113140766,5.357858375,4.699617441,R1111
11/4/2024 7:30,2.438244779,5.781948419,5.110681938,R1111
11/4/2024 8:00,8.804994594,15.98426145,15.44694591,R1111
11/4/2024 8:30,10.27577032,16.91829798,16.05538931,R1111
11/4/2024 9:00,9.655191043,16.46165121,15.59078711,R1111
11/4/2024 9:30,9.813265108,16.76510397,15.86334382,R1111
11/4/2024 10:00,10.1966464,17.18539645,16.51311732,R1111
11/4/2024 10:30,10.99025703,18.25829551,17.73751643,R1111
11/4/2024 11:00,11.25961134,19.02935543,18.72245787,R1111
11/4/2024 11:30,11.6918249,19.23261933,19.26067956,R1111
11/4/2024 12:00,12.23482414,19.81411454,19.73921651,R1111
11/4/2024 12:30,12.62232684,20.28772559,20.31619325,R1111
11/4/2024 13:00,12.20632972,19.93517985,19.72623123,R1111
11/4/2024 13:30,11.88510671,19.45010473,19.10834406,R1111
11/4/2024 14:00,11.04869725,18.633418,18.22948188,R1111
11/4/2024 14:30,10.8765803,18.36235533,17.87156605,R1111
11/4/2024 15:00,10.6628155,18.22385008,17.54899439,R1111
11/4/2024 15:30,9.357616138,16.23457418,15.37489658,R1111
11/4/2024 16:00,7.289516822,13.32736066,12.35220786,R1111
11/4/2024 16:30,5.455265311,10.39298972,9.405207801,R1111
11/4/2024 17:00,4.029227166,8.15409357,7.339905792,R1111
11/4/2024 17:30,2.802225521,6.368006344,5.656866678,R1111
11/4/2024 18:00,1.949484055,5.2401146,4.647493411,R1111
11/4/2024 18:30,2.160286331,5.55885931,5.000166879,R1111
11/4/2024 19:00,2.142561707,5.765786099,5.11858007,R1111
11/4/2024 19:30,2.305095193,5.969956974,5.339170715,R1111
11/4/2024 20:00,2.272851028,5.840946153,5.132839778,R1111
11/4/2024 20:30,2.418625899,6.192097531,5.422841036,R1111
11/4/2024 21:00,2.17308364,5.744272326,4.868882413,R1111
11/4/2024 21:30,2.207569235,5.789266445,4.909248362,R1111
11/4/2024 22:00,2.206064073,5.732812237,4.947521312,R1111
11/4/2024 22:30,2.140587668,5.760856522,4.90388499,R1111
11/4/2024 23:00,2.092412942,5.653483704,4.670534091,R1111
11/4/2024 23:30,2.337458135,6.053006128,5.093942581,R1111
11/5/2024 0:00,2.259075826,6.0273098,5.114023684,R1111
11/5/2024 0:30,0.800624545,4.538328495,3.767399284,R1111
11/5/2024 1:00,0.841008475,3.893385136,3.228468818,R1111
11/5/2024 1:30,0.744653593,3.149640766,2.638785873,R1111
11/5/2024 2:00,1.069998533,3.351627142,2.859849683,R1111
11/5/2024 2:30,0.545903446,2.952439043,2.398228156,R1111
11/5/2024 3:00,0.786015942,2.768270329,2.482013569,R1111
11/5/2024 3:30,1.116599231,3.452731685,3.025348443,R1111
11/5/2024 4:00,1.376966555,4.164345249,3.718726199,R1111
11/5/2024 4:30,1.778201154,4.499571025,3.909441873,R1111
11/5/2024 5:00,2.252971983,5.220661956,4.770405195,R1111
11/5/2024 5:30,1.846085877,4.56450812,4.052630814,R1111
11/5/2024 6:00,1.720674156,4.552700797,4.033612167,R1111
11/5/2024 6:30,1.782871983,4.743367559,4.149634749,R1111
11/5/2024 7:00,1.991369473,4.93826216,4.417027997,R1111
11/5/2024 7:30,4.051729216,8.332247118,7.40898489,R1111
11/5/2024 8:00,9.319629126,15.40498903,14.44145696,R1111
11/5/2024 8:30,9.065005966,14.95990301,13.88293234,R1111
11/5/2024 9:00,9.040030648,15.29138817,14.22507374,R1111
11/5/2024 9:30,9.116666558,15.55642113,14.55145259,R1111
11/5/2024 10:00,9.615255279,16.31167138,15.37934233,R1111
11/5/2024 10:30,10.59313103,17.63624739,16.93078243,R1111
11/5/2024 11:00,11.40344885,18.79891121,18.2576342,R1111
11/5/2024 11:30,11.69483085,19.21670202,18.73543035,R1111
11/5/2024 12:00,12.03473575,19.56969507,19.32344318,R1111
11/5/2024 12:30,12.24924364,19.77700509,19.58490729,R1111
11/5/2024 13:00,12.61177463,20.20825175,19.90889542,R1111
11/5/2024 13:30,12.83590395,20.73884686,20.57726383,R1111
11/5/2024 14:00,12.81319276,20.76054657,21.05457859,R1111
11/5/2024 14:30,12.82631271,20.37687961,20.00969321,R1111
11/5/2024 15:00,12.01919939,19.62877465,18.93076751,R1111
11/5/2024 15:30,10.49593617,17.49447691,16.63025217,R1111
11/5/2024 16:00,8.253840197,14.73115393,13.52398806,R1111
11/5/2024 16:30,6.220551167,11.88332797,10.65600811,R1111
11/5/2024 17:00,4.349446485,9.124449771,8.086748239,R1111
11/5/2024 17:30,3.042768254,6.990684114,6.037021134,R1111
11/5/2024 18:00,1.914820484,5.397040217,4.557585965,R1111
11/5/2024 18:30,2.071270011,5.771268713,5.001785389,R1111
11/5/2024 19:00,2.126596634,6.024499694,5.151997108,R1111
11/5/2024 19:30,2.268787907,6.030072876,5.139521576,R1111
11/5/2024 20:00,2.215275789,6.063804594,5.235671143,R1111
11/5/2024 20:30,2.194946012,6.132358303,5.223108189,R1111
11/5/2024 21:00,2.310163223,6.293596217,5.233445897,R1111
11/5/2024 21:30,2.256762336,6.098143873,5.159448647,R1111
11/5/2024 22:00,2.240127624,6.182961064,5.073204408,R1111
11/5/2024 22:30,2.280803487,6.172244588,5.071292631,R1111
11/5/2024 23:00,1.824504235,5.500913861,4.520608625,R1111
11/5/2024 23:30,2.567486579,6.546442117,5.432043716,R1111
11/6/2024 0:00,2.621214681,6.488590324,5.425870171,R1111
11/6/2024 0:30,2.75200018,6.627114815,5.575306614,R1111
11/6/2024 1:00,2.892106936,6.78743053,5.801081826,R1111
11/6/2024 1:30,2.807471844,6.678321504,5.71344667,R1111
11/6/2024 2:00,2.967133487,6.811397121,5.842236224,R1111
11/6/2024 2:30,2.95322386,6.792186684,5.91609332,R1111
11/6/2024 3:00,2.839362045,6.758825337,5.833224926,R1111
11/6/2024 3:30,2.752372495,6.602789145,5.661987609,R1111
11/6/2024 4:00,2.724381039,6.616504153,5.749704174,R1111
11/6/2024 4:30,2.861284673,6.643165349,5.638047645,R1111
11/6/2024 5:00,2.764338313,6.51043844,5.739959021,R1111
11/6/2024 5:30,2.838304521,6.578079808,5.692511401,R1111
11/6/2024 6:00,2.768714528,6.386736648,5.610539349,R1111
11/6/2024 6:30,2.796158314,6.395696654,5.516662408,R1111
11/6/2024 7:00,2.96649257,6.600216765,5.813816125,R1111
11/6/2024 7:30,5.690719615,11.43022956,10.2788175,R1111
11/6/2024 8:00,9.730320395,17.39512394,16.85100381,R1111
11/6/2024 8:30,9.171353225,15.65629861,14.45758429,R1111
11/6/2024 9:00,9.681894905,16.32208628,15.30064331,R1111
11/6/2024 9:30,10.31270988,17.18514592,16.39811626,R1111
11/6/2024 10:00,10.99366979,18.05309947,17.44239119,R1111
11/6/2024 10:30,12.37701411,19.41295747,18.96050004,R1111
11/6/2024 11:00,12.29668,20.12923426,19.91364096,R1111
11/6/2024 11:30,12.69549165,20.39914396,20.19355891,R1111
11/6/2024 12:00,12.94947654,20.58017252,20.57294306,R1111
11/6/2024 12:30,12.96339619,20.80643726,20.76929922,R1111
11/6/2024 13:00,12.9408558,20.76672472,20.7996501,R1111
11/6/2024 13:30,12.99373182,20.79324394,20.86682126,R1111
11/6/2024 14:00,12.83629142,20.77791934,20.8208021,R1111
11/6/2024 14:30,12.62047693,20.42567641,20.35246797,R1111
11/6/2024 15:00,12.21404176,19.87527614,19.58482708,R1111
11/6/2024 15:30,11.06706444,18.25360064,17.74907984,R1111
11/6/2024 16:00,10.12075327,16.88890912,16.08145371,R1111
11/6/2024 16:30,8.408807646,14.26845378,13.40212446,R1111
11/6/2024 17:00,6.464554121,11.60722254,10.60966849,R1111
11/6/2024 17:30,4.577703363,8.645872332,7.703526032,R1111
11/6/2024 18:00,1.947874148,5.026108204,4.408355288,R1111
11/6/2024 18:30,2.913734429,6.624076164,5.950820304,R1111
11/6/2024 19:00,2.886177132,6.79026436,6.134048675,R1111
11/6/2024 19:30,2.902108429,6.751777343,6.129362281,R1111
11/6/2024 20:00,3.118866047,6.980339299,6.179128106,R1111
11/6/2024 20:30,3.044126429,6.967345404,6.09058992,R1111
11/6/2024 21:00,2.95545962,6.910712559,6.119124713,R1111
11/6/2024 21:30,2.956215524,6.829765426,6.006899625,R1111
11/6/2024 22:00,3.055395535,6.730472185,5.987190807,R1111
11/6/2024 22:30,3.090736417,6.766169458,5.84362675,R1111
11/6/2024 23:00,3.106877492,6.896198868,6.034953091,R1111
11/6/2024 23:30,3.034964804,6.787572947,6.007777347,R1111
11/7/2024 0:00,3.117723394,6.894149426,6.006158686,R1111
11/7/2024 0:30,2.231505775,5.259844147,4.72683663,R1111
11/7/2024 1:00,1.465792786,4.038675767,3.509025601,R1111
11/7/2024 1:30,1.084209795,3.363572023,2.763944967,R1111
11/7/2024 2:00,1.071489175,3.627271582,3.05705979,R1111
11/7/2024 2:30,0.824231381,3.04554333,2.393335682,R1111
11/7/2024 3:00,0.969063803,3.199761451,2.75576473,R1111
11/7/2024 3:30,1.423182014,3.822996968,3.370528255,R1111
11/7/2024 4:00,2.02834709,4.789061329,4.2614681,R1111
11/7/2024 4:30,2.50837189,5.176525419,4.783849884,R1111
11/7/2024 5:00,2.416526491,5.34108334,4.87674888,R1111
11/7/2024 5:30,2.853123779,5.777441079,5.148784406,R1111
11/7/2024 6:00,2.931995599,5.881745599,5.314527017,R1111
11/7/2024 6:30,3.00016245,5.947865618,5.33285893,R1111
11/7/2024 7:00,2.994732518,5.993089314,5.314473901,R1111
11/7/2024 7:30,5.217128294,9.557494906,8.638867222,R1111
11/7/2024 8:00,8.805759105,14.94734324,13.84374526,R1111
11/7/2024 8:30,9.06411359,14.74443438,13.7070336,R1111
11/7/2024 9:00,9.151199233,15.38127148,14.52073588,R1111
11/7/2024 9:30,9.607485439,16.11279029,15.30429326,R1111
11/7/2024 10:00,10.23003287,17.16370826,16.29250134,R1111
11/7/2024 10:30,11.01840933,17.90280581,17.48970833,R1111
11/7/2024 11:00,11.52126112,18.70275366,18.28244179,R1111
11/7/2024 11:30,11.71828645,18.86219089,18.48711627,R1111
11/7/2024 12:00,12.33101026,19.65187459,19.37326028,R1111
11/7/2024 12:30,12.50704547,19.92253537,19.55421761,R1111
11/7/2024 13:00,12.41093406,20.02440591,19.75216574,R1111
11/7/2024 13:30,12.5832149,20.19877517,20.10284931,R1111
11/7/2024 14:00,12.97292051,20.60424929,20.60667604,R1111
11/7/2024 14:30,12.96684055,20.53986287,20.47216547,R1111
11/7/2024 15:00,11.79816424,18.98798406,18.55711191,R1111
11/7/2024 15:30,10.82953822,17.77681252,17.01984312,R1111
11/7/2024 16:00,9.389423937,15.7037503,14.67727339,R1111
11/7/2024 16:30,7.350274534,12.61955492,11.49646289,R1111
11/7/2024 17:00,4.000089398,7.909787406,7.188669686,R1111
11/7/2024 17:30,2.656704492,6.08018316,5.229954152,R1111
11/7/2024 18:00,1.780146979,4.457918998,3.698678225,R1111
11/7/2024 18:30,2.514913843,6.197151001,5.262298788,R1111
11/7/2024 19:00,2.598476958,6.17644165,5.380792966,R1111
11/7/2024 19:30,2.750097039,6.313065647,5.472372555,R1111
11/7/2024 20:00,2.817022538,6.273287704,5.378616005,R1111
11/7/2024 20:30,2.792992714,6.459510331,5.589188961,R1111
11/7/2024 21:00,2.653800099,6.277674569,5.31978028,R1111
11/7/2024 21:30,2.727216533,6.306393076,5.292520624,R1111
11/7/2024 22:00,2.851867908,6.627840861,5.579480615,R1111
11/7/2024 22:30,2.941518731,6.450112881,5.481202639,R1111
11/7/2024 23:00,2.978308596,6.376695481,5.44652778,R1111
11/7/2024 23:30,2.96765206,6.316775863,5.329789284,R1111
11/8/2024 0:00,3.169118916,6.527708379,5.596244498,R1111
11/8/2024 0:30,3.205106574,6.519789218,5.521554596,R1111
11/8/2024 1:00,3.187089676,6.42430182,5.495173803,R1111
11/8/2024 1:30,3.091144005,6.49121191,5.529156581,R1111
11/8/2024 2:00,3.08005091,6.255941321,5.382603634,R1111
11/8/2024 2:30,3.098911047,6.291213385,5.49747538,R1111
11/8/2024 3:00,3.173943625,6.553608325,5.776177563,R1111
11/8/2024 3:30,3.053029488,6.205701915,5.58180392,R1111
11/8/2024 4:00,2.995015561,6.292970061,5.541392818,R1111
11/8/2024 4:30,3.157671654,6.385907932,5.663740056,R1111
11/8/2024 5:00,3.100051148,6.286245738,5.571670763,R1111
11/8/2024 5:30,3.233279233,6.393965389,5.663373379,R1111
11/8/2024 6:00,3.231618205,6.354083851,5.592903569,R1111
11/8/2024 6:30,3.243774131,6.383322326,5.77542738,R1111
11/8/2024 7:00,3.11428378,6.243172261,5.575709653,R1111
11/8/2024 7:30,5.76195822,10.57734069,9.639727838,R1111
11/8/2024 8:00,11.00193704,17.74696788,17.36685792,R1111
11/8/2024 8:30,8.751821444,14.58634508,13.52402982,R1111
11/8/2024 9:00,9.140385553,15.45614703,14.59684907,R1111
11/8/2024 9:30,9.888157263,16.37420988,15.54519052,R1111
11/8/2024 10:00,10.79057765,17.26459396,16.70503557,R1111
11/8/2024 10:30,11.49770194,18.20488193,18.26345277,R1111
11/8/2024 11:00,12.05657722,18.87614214,19.00204455,R1111
11/8/2024 11:30,12.49270913,19.36954443,19.25135828,R1111
11/8/2024 12:00,12.89095058,19.85261812,19.73956678,R1111
11/8/2024 12:30,13.14844016,20.38724406,20.17707658,R1111
11/8/2024 13:00,13.385691,20.69740889,20.64829165,R1111
11/8/2024 13:30,13.40459837,20.96346208,20.94365198,R1111
11/8/2024 14:00,13.43787906,20.87991787,20.79933066,R1111
11/8/2024 14:30,13.00695251,20.36194709,20.04424301,R1111
11/8/2024 15:00,12.34642329,19.54733332,18.99170143,R1111
11/8/2024 15:30,10.96067726,17.67287933,16.77599783,R1111
11/8/2024 16:00,9.176382079,14.98790752,13.78138042,R1111
11/8/2024 16:30,7.428452793,12.29128272,11.10761232,R1111
11/8/2024 17:00,4.226287806,7.927771975,7.369139762,R1111
11/8/2024 17:30,3.842265165,6.974815692,6.069961361,R1111
11/8/2024 18:00,3.049174685,5.499040128,4.599082592,R1111
11/8/2024 18:30,3.813773542,6.756556988,6.035920317,R1111
11/8/2024 19:00,3.908689496,6.747935928,6.272840196,R1111
11/8/2024 19:30,3.887881779,6.697241194,6.135417339,R1111
11/8/2024 20:00,3.926161079,6.821082338,6.24375045,R1111
11/8/2024 20:30,3.920932057,6.879092941,6.257489675,R1111
11/8/2024 21:00,4.045994173,6.882851033,6.20783049,R1111
11/8/2024 21:30,3.850105606,6.718841149,6.072889529,R1111
11/8/2024 22:00,3.784408226,6.760511952,6.106854849,R1111
11/8/2024 22:30,3.800811002,6.829969322,6.077105276,R1111
11/8/2024 23:00,3.855893513,6.953242826,6.111991771,R1111
11/8/2024 23:30,3.805353955,6.652597965,5.903785672,R1111
11/9/2024 0:00,3.835051796,6.770188764,6.045715302,R1111
11/9/2024 0:30,3.78076495,6.660315792,5.859664845,R1111
11/9/2024 1:00,3.72626619,6.662631175,5.88734849,R1111
11/9/2024 1:30,3.724781084,6.576894475,5.912160528,R1111
11/9/2024 2:00,2.937199022,6.348254887,5.887444874,R1111
11/9/2024 2:30,3.833702197,6.969945446,6.06973743,R1111
11/9/2024 3:00,3.764037038,6.876868199,5.823359309,R1111
11/9/2024 3:30,3.833106806,7.260931679,6.240130624,R1111
11/9/2024 4:00,3.701217725,7.006548572,6.011117535,R1111
11/9/2024 4:30,3.658838246,7.00348406,5.995959779,R1111
11/9/2024 5:00,3.748876036,7.044374958,6.049947492,R1111
11/9/2024 5:30,3.786718355,7.091314546,6.0247181,R1111
11/9/2024 6:00,3.78658055,6.997173339,5.993613306,R1111
11/9/2024 6:30,3.777186641,7.065683243,6.108743272,R1111
11/9/2024 7:00,3.715471249,6.867294483,5.900856279,R1111
11/9/2024 7:30,6.338833921,11.02526045,9.891264773,R1111
11/9/2024 8:00,10.77778144,16.88810698,16.4470631,R1111
11/9/2024 8:30,8.610947111,13.57813094,12.59425112,R1111
11/9/2024 9:00,9.038880295,14.37840439,13.56651732,R1111
11/9/2024 9:30,10.12109738,15.49334647,14.82945701,R1111
11/9/2024 10:00,11.03828968,16.71478713,16.28284081,R1111
11/9/2024 10:30,12.24136318,18.07559083,17.87443104,R1111
11/9/2024 11:00,12.91944266,18.75104877,18.82006542,R1111
11/9/2024 11:30,12.964419,18.96276586,19.0817876,R1111
11/9/2024 12:00,13.0996113,19.04398506,19.10311931,R1111
11/9/2024 12:30,13.1450581,19.18384376,19.36287679,R1111
11/9/2024 13:00,13.46447103,19.44615072,19.58857958,R1111
11/9/2024 13:30,13.86880044,20.00929349,20.11026775,R1111
11/9/2024 14:00,13.81778218,19.98428499,20.20426669,R1111
11/9/2024 14:30,13.4230266,19.51725766,19.53646267,R1111
11/9/2024 15:00,12.83912612,19.10691709,18.72294978,R1111
11/9/2024 15:30,11.52563444,17.31859237,16.77559419,R1111
11/9/2024 16:00,9.548387398,14.73304168,13.83680032,R1111
11/9/2024 16:30,7.792084518,12.10921163,11.10478026,R1111
11/9/2024 17:00,5.757446352,9.235527611,8.338516502,R1111
11/9/2024 17:30,4.325984036,7.061591242,6.297772475,R1111
11/9/2024 18:00,2.680545117,4.892665183,4.238126537,R1111
11/9/2024 18:30,3.187407954,6.530286178,5.706828,R1111
11/9/2024 19:00,3.21499078,6.751522179,5.987610325,R1111
11/9/2024 19:30,3.230835263,6.924871504,6.060609889,R1111
11/9/2024 20:00,3.147100667,6.98993955,6.253144198,R1111
11/9/2024 20:30,3.078184535,6.910535668,6.168984658,R1111
11/9/2024 21:00,3.060053486,6.82373084,6.050101844,R1111
11/9/2024 21:30,2.864140712,6.576596149,5.803125586,R1111
11/9/2024 22:00,2.857912019,6.627204505,5.810355554,R1111
11/9/2024 22:30,2.680161065,6.385724019,5.617162445,R1111
11/9/2024 23:00,2.613108675,6.360709303,5.579681736,R1111
11/9/2024 23:30,2.652854486,6.310340932,5.63984183,R1111
11/10/2024 0:00,2.732324048,6.346628015,5.706807075,R1111
11/10/2024 0:30,1.699096612,4.381476388,3.812355183,R1111
11/10/2024 1:00,1.507362041,4.290732922,3.782972758,R1111
11/10/2024 1:30,1.354136865,3.828620977,3.180747155,R1111
11/10/2024 2:00,1.376537735,3.573421545,2.839480178,R1111
11/10/2024 2:30,1.29473143,3.280505467,2.29137962,R1111
11/10/2024 3:00,0.846961872,3.064391047,2.020812301,R1111
11/10/2024 3:30,1.581612768,4.356814992,3.256994038,R1111
11/10/2024 4:00,2.087608445,5.099134127,4.005281332,R1111
11/10/2024 4:30,2.667586874,5.693383145,4.371312025,R1111
11/10/2024 5:00,2.779610924,5.982340973,4.686324499,R1111
11/10/2024 5:30,2.535658461,6.213844129,4.93375146,R1111
11/10/2024 6:00,2.482635468,6.451804219,5.062099048,R1111
11/10/2024 6:30,2.562555375,6.492713772,5.15623546,R1111
11/10/2024 7:00,2.625929927,6.528047712,5.263230513,R1111
11/10/2024 7:30,4.232116614,9.363454715,7.882532902,R1111
11/10/2024 8:00,9.145354836,16.49201766,15.09515497,R1111
11/10/2024 8:30,7.670446612,14.36227229,12.77610887,R1111
11/10/2024 9:00,8.056182672,14.82333931,13.28207652,R1111
11/10/2024 9:30,8.768514199,15.89823008,14.51610523,R1111
11/10/2024 10:00,9.635385771,16.99566855,15.67930388,R1111
11/10/2024 10:30,10.54780742,18.15831633,17.25389549,R1111
11/10/2024 11:00,11.18367756,18.77516469,17.90373,R1111
11/10/2024 11:30,11.69419064,19.35203153,18.88555759,R1111
11/10/2024 12:00,11.97298938,19.66621291,19.05280804,R1111
11/10/2024 12:30,12.54721364,20.11562322,19.67800836,R1111
11/10/2024 13:00,12.75787903,20.58467823,20.11935543,R1111
11/10/2024 13:30,13.16201801,21.31965313,21.08415842,R1111
11/10/2024 14:00,13.38280623,21.47297376,21.38827691,R1111
11/10/2024 14:30,13.09055696,21.23718977,21.04612573,R1111
11/10/2024 15:00,12.45410126,20.3479576,19.6328369,R1111
11/10/2024 15:30,11.14035777,18.6972273,17.59806744,R1111
11/10/2024 16:00,9.353495525,16.26163675,15.03172966,R1111
11/10/2024 16:30,7.332653257,13.28220569,11.96180003,R1111
11/10/2024 17:00,5.227663516,9.835354215,8.812203662,R1111
11/10/2024 17:30,3.680306166,7.459089042,6.530537464,R1111
11/10/2024 18:00,2.297795911,5.145886655,4.169986871,R1111
11/10/2024 18:30,3.257133097,6.855234707,5.841457457,R1111
11/10/2024 19:00,3.497842737,7.230393012,6.20134823,R1111
11/10/2024 19:30,3.467024321,7.111572425,6.166210068,R1111
11/10/2024 20:00,3.612156198,7.714876719,6.572132706,R1111
11/10/2024 20:30,3.622511371,7.741073753,6.676076154,R1111
11/10/2024 21:00,3.641264264,7.873517346,6.752902938,R1111
11/10/2024 21:30,3.66795343,8.012617462,6.901170643,R1111
11/10/2024 22:00,3.593560054,7.995829574,6.922260772,R1111
11/10/2024 22:30,3.585318771,8.03921496,6.930237533,R1111
11/10/2024 23:00,3.686068565,8.07514604,7.024617203,R1111
11/10/2024 23:30,3.59483155,8.113981106,7.149407779,R1111
11/11/2024 0:00,3.722809633,8.128714054,7.065480809,R1111
11/11/2024 0:30,3.799898824,8.179270447,7.126987032,R1111
11/11/2024 1:00,3.899144412,8.213974716,7.143503756,R1111
11/11/2024 1:30,3.811558681,7.956404326,6.989863403,R1111
11/11/2024 2:00,3.692012211,8.025700741,7.08537529,R1111
11/11/2024 2:30,3.541102307,7.771671678,6.8325329,R1111
11/11/2024 3:00,3.542264748,7.805358732,6.871089231,R1111
11/11/2024 3:30,3.700012706,7.872038736,6.933308316,R1111
11/11/2024 4:00,3.727579643,7.96243707,6.995883246,R1111
11/11/2024 4:30,3.68752937,7.890690124,6.963477934,R1111
11/11/2024 5:00,3.753256806,7.813014159,6.862506347,R1111
11/11/2024 5:30,3.713437995,7.742244907,6.864707171,R1111
11/11/2024 6:00,3.813656237,7.89391019,7.052704691,R1111
11/11/2024 6:30,3.692755515,7.695591045,6.768733723,R1111
11/11/2024 7:00,3.680443655,7.715925734,6.833163199,R1111
11/11/2024 7:30,3.85835865,7.942568232,7.122403578,R1111
11/11/2024 8:00,5.210709729,10.55006483,9.559652044,R1111
11/11/2024 8:30,6.915448514,12.69355092,11.43767797,R1111
11/11/2024 9:00,7.352362983,13.40840558,12.11296106,R1111
11/11/2024 9:30,8.060916415,14.39031861,13.26707218,R1111
11/11/2024 10:00,8.751259748,15.54246995,14.54903322,R1111
11/11/2024 10:30,10.79705542,18.3375963,17.66311472,R1111
11/11/2024 11:00,11.2210431,18.65535051,18.18054966,R1111
11/11/2024 11:30,11.52263671,19.08554146,18.69802811,R1111
11/11/2024 12:00,12.16602754,19.59751793,19.26331832,R1111
11/11/2024 12:30,12.64478815,19.99459586,19.76624246,R1111
11/11/2024 13:00,12.64943644,20.06261526,19.76349883,R1111
11/11/2024 13:30,13.05628582,20.68719738,20.51082248,R1111
11/11/2024 14:00,13.07974011,20.7873558,20.52397788,R1111
11/11/2024 14:30,12.91347764,20.54940296,20.27771993,R1111
11/11/2024 15:00,12.63450553,20.2049719,19.87779113,R1111
11/11/2024 15:30,11.66773336,18.95447613,18.37839897,R1111
11/11/2024 16:00,10.33042316,17.30459217,16.44865691,R1111
11/11/2024 16:30,9.005989646,15.33864844,14.29275225,R1111
11/11/2024 17:00,6.183347074,10.79503139,9.817454533,R1111
11/11/2024 17:30,4.896167638,8.496376078,7.574804169,R1111
11/11/2024 18:00,3.695895221,6.56958488,5.703584538,R1111
11/11/2024 18:30,4.174320705,7.603939606,6.65980374,R1111
11/11/2024 19:00,4.190756719,7.729749131,6.827105458,R1111
11/11/2024 19:30,4.03516501,7.594882252,6.744105172,R1111
11/11/2024 20:00,4.07687721,7.790971911,6.935119905,R1111
11/11/2024 20:30,4.145918033,7.954450085,7.020842711,R1111
11/11/2024 21:00,4.010105728,7.796354517,6.799303749,R1111
11/11/2024 21:30,3.894668349,7.802955993,6.793773811,R1111
11/11/2024 22:00,3.768273081,7.57285085,6.484380143,R1111
11/11/2024 22:30,3.704974475,7.485027612,6.452337375,R1111
11/11/2024 23:00,3.584381265,7.31926653,6.392042777,R1111
11/11/2024 23:30,3.5261714,7.517143885,6.539539506,R1111
11/12/2024 0:00,3.59323219,7.47570663,6.483311576,R1111
11/12/2024 0:30,1.515786296,5.231426242,4.343590404,R1111
11/12/2024 1:00,1.65698472,4.580471964,3.80199669,R1111
11/12/2024 1:30,0.935997424,3.410768723,2.848480849,R1111
11/12/2024 2:00,1.073139368,3.47254348,3.107828923,R1111
11/12/2024 2:30,1.029524917,3.111613221,2.52488418,R1111
11/12/2024 3:00,1.164039333,3.160316376,2.702976926,R1111
11/12/2024 3:30,1.511060303,4.027722066,3.517880837,R1111
11/12/2024 4:00,2.07494032,4.914721113,4.327556421,R1111
11/12/2024 4:30,2.269808833,5.392855555,4.713940559,R1111
11/12/2024 5:00,2.373713629,5.747506272,4.986226172,R1111
11/12/2024 5:30,2.385152914,5.783145755,5.058324198,R1111
11/12/2024 6:00,2.340127735,5.764778957,4.995661376,R1111
11/12/2024 6:30,2.460383234,6.143899014,5.261364941,R1111
11/12/2024 7:00,2.361000012,6.025784293,5.229405013,R1111
11/12/2024 7:30,3.323513182,7.70728914,6.885890319,R1111
11/12/2024 8:00,8.641095179,15.67299526,14.55572,R1111
11/12/2024 8:30,7.137194961,13.2766943,12.08124547,R1111
11/12/2024 9:00,7.702050227,14.02951219,12.79202752,R1111
11/12/2024 9:30,8.446674688,14.95048694,13.67436396,R1111
11/12/2024 10:00,9.25963541,16.15568422,15.01911157,R1111
11/12/2024 10:30,10.5040966,17.68013649,16.60724607,R1111
11/12/2024 11:00,11.14750384,18.80000643,18.05626083,R1111
11/12/2024 11:30,11.29346248,18.93563601,18.30313576,R1111
11/12/2024 12:00,11.66863205,19.22288064,18.58422611,R1111
11/12/2024 12:30,12.00952019,19.63350354,19.16050108,R1111
11/12/2024 13:00,12.30987535,20.17002387,19.63297603,R1111
11/12/2024 13:30,12.9483725,21.03649368,20.60094841,R1111
11/12/2024 14:00,13.09614707,21.25536973,21.04324294,R1111
11/12/2024 14:30,12.90062531,20.88632733,20.47658263,R1111
11/12/2024 15:00,12.31457427,20.22158021,19.51697471,R1111
11/12/2024 15:30,10.84496911,18.2977436,17.40610449,R1111
11/12/2024 16:00,9.232635102,15.82376517,14.82327822,R1111
11/12/2024 16:30,7.557097827,13.31833345,12.12869498,R1111
11/12/2024 17:00,4.669552456,8.987082029,8.121320528,R1111
11/12/2024 17:30,3.638809672,7.211385752,6.330167232,R1111
11/12/2024 18:00,2.923558722,5.656138624,4.830818551,R1111
11/12/2024 18:30,3.015215911,6.607545929,5.854272857,R1111
11/12/2024 19:00,3.080583549,6.597320231,6.002908941,R1111
11/12/2024 19:30,3.166837132,6.737122326,5.955300891,R1111
11/12/2024 20:00,3.154591603,6.768826462,5.986024759,R1111
11/12/2024 20:30,2.994098531,6.570703413,5.900015687,R1111
11/12/2024 21:00,3.076115999,6.768564918,6.190908348,R1111
11/12/2024 21:30,2.991175581,6.551552092,5.848930583,R1111
11/12/2024 22:00,2.956423469,6.481774979,5.912438159,R1111
11/12/2024 22:30,3.155436868,6.559825944,5.84742407,R1111
11/12/2024 23:00,2.842999123,6.422818027,5.816982809,R1111
11/12/2024 23:30,2.83549693,6.468747936,5.766693484,R1111
11/13/2024 0:00,2.675448251,6.279499176,5.572551194,R1111
11/13/2024 0:30,2.774938436,6.41323005,5.769989152,R1111
11/13/2024 1:00,2.66133354,6.163004206,5.467021633,R1111
11/13/2024 1:30,2.824806142,6.451527875,5.836435436,R1111
11/13/2024 2:00,2.740899552,6.355359857,5.615487992,R1111
11/13/2024 2:30,2.716539246,6.255793334,5.536978424,R1111
11/13/2024 3:00,2.811636699,6.338752258,5.673011293,R1111
11/13/2024 3:30,2.83298185,6.352414384,5.690886394,R1111
11/13/2024 4:00,2.864354065,6.244294719,5.579631469,R1111
11/13/2024 4:30,2.942098016,6.375244163,5.684346532,R1111
11/13/2024 5:00,2.902474531,6.22462064,5.494424049,R1111
11/13/2024 5:30,2.856758401,6.193248654,5.467267222,R1111
11/13/2024 6:00,3.155929086,6.630081295,5.93587559,R1111
11/13/2024 6:30,3.002071372,6.411749533,5.678491827,R1111
11/13/2024 7:00,2.945160717,6.218662165,5.487167743,R1111
11/13/2024 7:30,3.922908337,7.756688092,6.898642981,R1111
11/13/2024 8:00,10.5592069,17.85472438,17.10699627,R1111
11/13/2024 8:30,8.357755346,14.69054714,13.55559873,R1111
11/13/2024 9:00,8.287731853,14.67438644,13.57711697,R1111
11/13/2024 9:30,8.868255306,15.21290107,14.27662984,R1111
11/13/2024 10:00,9.512989651,16.15775032,15.19970021,R1111
11/13/2024 10:30,10.4550742,17.23933761,16.29908269,R1111
11/13/2024 11:00,11.23683783,18.15234786,17.34299789,R1111
11/13/2024 11:30,11.29147183,18.17865593,17.39391502,R1111
11/13/2024 12:00,11.70922483,18.72656947,17.92879813,R1111
11/13/2024 12:30,12.02865107,19.33318492,18.7160211,R1111
11/13/2024 13:00,12.11428661,19.62486352,19.17012088,R1111
11/13/2024 13:30,12.71737049,20.25790464,19.90716612,R1111
11/13/2024 14:00,12.68478627,20.27283892,19.65573569,R1111
11/13/2024 14:30,12.37703503,19.94214496,19.42740482,R1111
11/13/2024 15:00,11.9480962,19.23727011,18.56717725,R1111
11/13/2024 15:30,10.77661904,17.63806037,16.6940178,R1111
11/13/2024 16:00,9.279582155,15.56963987,14.44177187,R1111
11/13/2024 16:30,7.566892491,13.10564974,11.88982082,R1111
11/13/2024 17:00,4.825273409,8.817054819,8.09594154,R1111
11/13/2024 17:30,3.818583698,7.192182205,6.373752339,R1111
11/13/2024 18:00,3.064254162,5.737526061,4.96583875,R1111
11/13/2024 18:30,3.475477953,6.785374845,6.035444746,R1111
11/13/2024 19:00,3.562855025,7.035317149,6.140137915,R1111
11/13/2024 19:30,3.634967705,7.14825957,6.219329389,R1111
11/13/2024 20:00,3.560359819,7.158419575,6.176677605,R1111
11/13/2024 20:30,3.481600498,7.101811978,6.218947025,R1111
11/13/2024 21:00,3.420856809,6.891669782,5.980483697,R1111
11/13/2024 21:30,3.477360097,6.896461431,6.115739317,R1111
11/13/2024 22:00,3.357643988,6.926320529,6.040330838,R1111
11/13/2024 22:30,3.309627724,6.798157996,6.017410312,R1111
11/13/2024 23:00,3.27678956,6.717284972,6.030672153,R1111
11/13/2024 23:30,3.310078204,6.699103081,5.885739947,R1111
11/14/2024 0:00,3.272549225,6.624928489,5.940047941,R1111
11/14/2024 0:30,1.844654496,4.312131403,3.724117294,R1111
11/14/2024 1:00,1.513330613,4.015330336,3.416049883,R1111
11/14/2024 1:30,1.346227809,3.140859463,2.692458879,R1111
11/14/2024 2:00,1.152007993,3.200780018,2.804073929,R1111
11/14/2024 2:30,0.896956906,2.570802392,2.251251011,R1111
11/14/2024 3:00,1.052059289,2.73249948,2.416683927,R1111
11/14/2024 3:30,1.536685803,3.630467913,3.200378492,R1111
11/14/2024 4:00,2.047182252,4.35875696,3.873512984,R1111
11/14/2024 4:30,2.328502289,4.896371191,4.347449694,R1111
11/14/2024 5:00,2.380387857,5.001257859,4.455198501,R1111
11/14/2024 5:30,2.448290283,5.287000055,4.714720061,R1111
11/14/2024 6:00,2.378941478,5.229434566,4.744096076,R1111
11/14/2024 6:30,2.591011634,5.56884645,4.941766875,R1111
11/14/2024 7:00,2.533753598,5.418466265,4.831081767,R1111
11/14/2024 7:30,3.186138829,6.628854339,5.945384407,R1111
11/14/2024 8:00,9.571793515,16.18375915,15.17721883,R1111
11/14/2024 8:30,7.804053586,13.48559515,12.31203512,R1111
11/14/2024 9:00,7.793487747,13.61156476,12.50201167,R1111
11/14/2024 9:30,8.238742086,14.24122253,13.15716555,R1111
11/14/2024 10:00,8.787820931,15.11393018,14.03442615,R1111
11/14/2024 10:30,9.640563073,16.30930816,15.36910982,R1111
11/14/2024 11:00,10.21051882,17.02824397,16.08261213,R1111
11/14/2024 11:30,10.63902749,17.65752846,16.68540441,R1111
11/14/2024 12:00,10.63267147,17.86136563,16.99332923,R1111
11/14/2024 12:30,10.93397369,18.33291051,17.61417696,R1111
11/14/2024 13:00,10.85645352,18.33822487,17.56617877,R1111
11/14/2024 13:30,11.7634278,19.133377,18.39752711,R1111
11/14/2024 14:00,12.04841052,19.40309031,18.63681395,R1111
11/14/2024 14:30,11.85712666,19.22971768,18.38642697,R1111
11/14/2024 15:00,11.41952817,18.65284419,17.77319821,R1111
11/14/2024 15:30,10.21203943,16.96947683,15.86273103,R1111
11/14/2024 16:00,8.550201093,14.66775906,13.40804312,R1111
11/14/2024 16:30,6.713106817,11.74225837,10.55019424,R1111
11/14/2024 17:00,3.607035465,7.459345279,6.580987487,R1111
11/14/2024 17:30,3.199797761,6.094991495,5.285600477,R1111
11/14/2024 18:00,2.500630943,4.988866932,4.338392176,R1111
11/14/2024 18:30,3.004712595,5.919380066,5.201437946,R1111
11/14/2024 19:00,3.362689991,6.393656644,5.68722027,R1111
11/14/2024 19:30,3.224545256,6.51065757,5.795556098,R1111
11/14/2024 20:00,3.064620052,6.337367039,5.666832434,R1111
11/14/2024 20:30,2.99385295,6.445710463,5.742251857,R1111
11/14/2024 21:00,3.01866323,6.593649177,5.940625365,R1111
11/14/2024 21:30,3.066757048,6.639758273,6.008837858,R1111
11/14/2024 22:00,2.99306938,6.57365677,5.958334912,R1111
11/14/2024 22:30,3.10621088,6.771983191,6.047387141,R1111
11/14/2024 23:00,2.997905724,6.672376022,5.914663009,R1111
11/14/2024 23:30,3.158092626,6.533483794,5.805962721,R1111
11/15/2024 0:00,3.023362475,6.390879698,5.805450598,R1111
11/15/2024 0:30,3.002549101,6.447532934,5.781064859,R1111
11/15/2024 1:00,3.143736855,6.597937891,5.948778063,R1111
11/15/2024 1:30,3.246439993,6.722739759,6.024183934,R1111
11/15/2024 2:00,3.228965074,6.50575356,5.749915559,R1111
11/15/2024 2:30,2.998628448,6.371709073,5.573497051,R1111
11/15/2024 3:00,3.286260403,6.544342093,5.789998932,R1111
11/15/2024 3:30,3.332057757,6.55573149,5.804700511,R1111
11/15/2024 4:00,3.163118719,6.371884218,5.615915135,R1111
11/15/2024 4:30,3.066372734,6.1746184,5.360408928,R1111
11/15/2024 5:00,2.91774958,5.907015641,5.255365907,R1111
11/15/2024 5:30,2.641982278,5.462717202,4.875554296,R1111
11/15/2024 6:00,2.497733933,5.227812617,4.611821956,R1111
11/15/2024 6:30,2.350507093,4.884190806,4.338638417,R1111
11/15/2024 7:00,2.247716847,4.666043061,4.140769117,R1111
11/15/2024 7:30,2.573129995,5.155931028,4.637342979,R1111
11/15/2024 8:00,10.01697032,17.23436049,16.6817744,R1111
11/15/2024 8:30,8.639208056,14.78226862,13.70929975,R1111
11/15/2024 9:00,8.215950819,14.20165432,13.02366071,R1111
11/15/2024 9:30,7.961524217,14.02005281,12.79126453,R1111
11/15/2024 10:00,8.866963682,15.15207476,13.84367344,R1111
11/15/2024 10:30,9.896977924,16.54507596,15.54440156,R1111
11/15/2024 11:00,10.54364522,17.42240768,16.62570248,R1111
11/15/2024 11:30,11.13198846,17.86434628,17.21455395,R1111
11/15/2024 12:00,11.61144598,18.55317775,17.84665995,R1111
11/15/2024 12:30,12.0569339,19.14513887,18.46737332,R1111
11/15/2024 13:00,12.13142052,19.36332195,18.76366091,R1111
11/15/2024 13:30,12.45886449,19.9074812,19.28200756,R1111
11/15/2024 14:00,12.67373203,20.27709954,19.69833595,R1111
11/15/2024 14:30,12.76115212,20.34302386,19.81088173,R1111
11/15/2024 15:00,12.13900462,19.70296221,19.15077254,R1111
11/15/2024 15:30,11.03881394,18.18830628,17.37621705,R1111
11/15/2024 16:00,9.854049653,16.42566623,15.44255546,R1111
11/15/2024 16:30,8.297931811,14.15633105,13.10740863,R1111
11/15/2024 17:00,5.985335547,10.78313174,9.776865688,R1111
11/15/2024 17:30,3.84374232,7.417304277,6.72971427,R1111
11/15/2024 18:00,2.980715221,5.836241,5.132958326,R1111
11/15/2024 18:30,3.305500111,6.559151403,5.795856553,R1111
11/15/2024 19:00,3.332508615,6.498135845,5.71795697,R1111
11/15/2024 19:30,3.246042679,6.450716196,5.489919011,R1111
11/15/2024 20:00,3.226337628,6.349844771,5.491220698,R1111
11/15/2024 20:30,3.204005334,6.303403608,5.372648115,R1111
11/15/2024 21:00,3.026756452,6.289288332,5.400708079,R1111
11/15/2024 21:30,3.088162713,6.181440096,5.325776989,R1111
11/15/2024 22:00,3.074441131,6.285004558,5.563398109,R1111
11/15/2024 22:30,3.068572925,6.167136264,5.515633299,R1111
11/15/2024 23:00,2.963320864,6.062703245,5.399710906,R1111
11/15/2024 23:30,2.994938662,6.132948568,5.46842011,R1111
11/16/2024 0:00,3.088873199,6.186394016,5.48481063,R1111
11/16/2024 0:30,2.962411503,6.03508558,5.373590254,R1111
11/16/2024 1:00,2.997130105,6.217165363,5.456916644,R1111
11/16/2024 1:30,2.983413322,6.07980771,5.300956513,R1111
11/16/2024 2:00,3.024208943,6.005655783,5.287252747,R1111
11/16/2024 2:30,3.064002946,6.12750193,5.48126651,R1111
11/16/2024 3:00,3.049293944,6.062900828,5.344472876,R1111
11/16/2024 3:30,3.057732761,5.974274188,5.265742924,R1111
11/16/2024 4:00,3.039660368,5.901224541,5.327362483,R1111
11/16/2024 4:30,3.061152742,5.914569048,5.320627646,R1111
11/16/2024 5:00,3.215957173,6.011126356,5.379670727,R1111
11/16/2024 5:30,3.179370658,5.967233636,5.375692862,R1111
11/16/2024 6:00,2.982752187,5.875999021,5.333834021,R1111
11/16/2024 6:30,3.030322613,5.937882448,5.289616741,R1111
11/16/2024 7:00,2.86400796,5.703469136,5.094628224,R1111
11/16/2024 7:30,2.948791659,5.992087725,5.357097182,R1111
11/16/2024 8:00,9.291067949,16.6286347,16.45123554,R1111
11/16/2024 8:30,9.501643609,15.69623821,15.0447698,R1111
11/16/2024 9:00,9.078634953,15.11338301,14.42103187,R1111
11/16/2024 9:30,9.232926492,15.10920745,14.37425446,R1111
11/16/2024 10:00,9.963493609,15.98122048,15.22647482,R1111
11/16/2024 10:30,10.9116006,17.15521449,16.46360629,R1111
11/16/2024 11:00,11.36798506,18.01814243,17.54639664,R1111
11/16/2024 11:30,12.21272404,19.24286633,18.89208285,R1111
11/16/2024 12:00,12.3772673,19.57637761,19.39052006,R1111
11/16/2024 12:30,12.63805151,19.76168241,19.63077921,R1111
11/16/2024 13:00,12.69269304,19.97817579,19.8235716,R1111
11/16/2024 13:30,12.38695229,19.525696,19.48203789,R1111
11/16/2024 14:00,11.62969506,18.50232901,18.14024964,R1111
11/16/2024 14:30,11.5213833,18.60275802,18.11695293,R1111
11/16/2024 15:00,11.03076933,17.89756583,17.40650787,R1111
11/16/2024 15:30,10.08186059,16.51693907,15.78562458,R1111
11/16/2024 16:00,8.982460011,14.80250898,13.96592028,R1111
11/16/2024 16:30,7.592919906,12.65752039,11.67271706,R1111
11/16/2024 17:00,5.392509774,9.52129771,8.662403347,R1111
11/16/2024 17:30,3.696586398,6.900758616,6.151378354,R1111
11/16/2024 18:00,2.354842795,4.599247876,3.930435873,R1111
11/16/2024 18:30,2.863682631,5.745273862,5.133026796,R1111
11/16/2024 19:00,2.737230146,5.719441106,5.123280486,R1111
11/16/2024 19:30,2.859398814,5.910986363,5.305851929,R1111
11/16/2024 20:00,2.894264641,5.824351226,5.129335757,R1111
11/16/2024 20:30,2.896602201,5.834059831,5.084788336,R1111
11/16/2024 21:00,2.865481941,5.776626083,5.037339752,R1111
11/16/2024 21:30,2.843590449,5.748666544,5.008957096,R1111
11/16/2024 22:00,2.945931916,5.82647947,5.003704431,R1111
11/16/2024 22:30,2.891127259,5.750513634,4.830790617,R1111
11/16/2024 23:00,2.99788333,5.82545112,4.850494575,R1111
11/16/2024 23:30,2.98594918,5.750347776,4.795622279,R1111
11/17/2024 0:00,2.980866098,5.775533224,4.852863344,R1111
11/17/2024 0:30,1.462670228,3.938173822,3.441871102,R1111
11/17/2024 1:00,1.99946724,3.877772516,3.301568721,R1111
11/17/2024 1:30,1.365505359,3.031883584,2.438665424,R1111
11/17/2024 2:00,1.283218785,3.473795221,2.906634575,R1111
11/17/2024 2:30,1.100903257,3.245035366,2.42536475,R1111
11/17/2024 3:00,1.057130495,3.058657276,2.562847957,R1111
11/17/2024 3:30,1.473451237,3.680995365,2.890273755,R1111
11/17/2024 4:00,1.673585624,4.154169318,3.45506433,R1111
11/17/2024 4:30,2.169047553,4.71960735,3.769598046,R1111
11/17/2024 5:00,2.550496407,5.007333008,3.962580447,R1111
11/17/2024 5:30,2.451875882,5.153342771,4.183903381,R1111
11/17/2024 6:00,2.38280366,5.331762928,4.479761619,R1111
11/17/2024 6:30,2.514814145,5.495975228,4.663530707,R1111
11/17/2024 7:00,2.464882263,5.429879602,4.603139218,R1111
11/17/2024 7:30,2.502256952,5.447111041,4.821309258,R1111
11/17/2024 8:00,8.071612043,13.76871892,12.6240577,R1111
11/17/2024 8:30,7.824868851,13.12971744,11.8126464,R1111
11/17/2024 9:00,5.629582821,9.617974294,8.510429336,R1111
11/17/2024 9:30,5.643461656,9.733817245,8.527192229,R1111
11/17/2024 10:00,9.463878393,15.35370585,14.33429859,R1111
11/17/2024 10:30,11.13152019,17.98962222,17.23928139,R1111
11/17/2024 11:00,11.41056335,18.1351273,17.49790764,R1111
11/17/2024 11:30,11.38015289,18.17317538,17.61226655,R1111
11/17/2024 12:00,11.02627266,17.67546816,16.94273485,R1111
11/17/2024 12:30,10.99092063,17.44516036,16.5047754,R1111
11/17/2024 13:00,10.90421684,17.5308004,16.68677578,R1111
11/17/2024 13:30,11.26774276,17.63857641,16.92248333,R1111
11/17/2024 14:00,11.11640854,17.50124104,16.69352417,R1111
11/17/2024 14:30,11.09954379,17.45207899,16.5365687,R1111
11/17/2024 15:00,11.06418361,17.48418388,16.59708122,R1111
11/17/2024 15:30,11.18149628,17.61753055,16.7708851,R1111
11/17/2024 16:00,10.30548773,16.34019514,15.33817363,R1111
11/17/2024 16:30,7.893580812,12.9448311,11.69959606,R1111
11/17/2024 17:00,4.170313266,7.570513949,6.682220286,R1111
11/17/2024 17:30,3.121213379,5.835722787,5.069536053,R1111
11/17/2024 18:00,2.275011233,4.557077418,3.909702701,R1111
11/17/2024 18:30,2.917560627,5.955731049,5.32009267,R1111
11/17/2024 19:00,3.123308434,6.251011776,5.622956226,R1111
11/17/2024 19:30,3.182203581,6.235120232,5.464689327,R1111
11/17/2024 20:00,3.069427728,6.088889816,5.405218357,R1111
11/17/2024 20:30,2.975813312,6.267642603,5.526231694,R1111
11/17/2024 21:00,2.814346608,5.998713539,5.29379797,R1111
11/17/2024 21:30,2.850582921,6.059387898,5.324083651,R1111
11/17/2024 22:00,2.623537725,5.915073967,5.171930447,R1111
11/17/2024 22:30,2.766813397,6.12966116,5.349734137,R1111
11/17/2024 23:00,2.697326602,6.23901497,5.433843087,R1111
11/17/2024 23:30,3.021295957,6.439125502,5.491239681,R1111
11/18/2024 0:00,2.865650722,6.343295796,5.422295165,R1111
11/18/2024 0:30,3.024159532,6.505816317,5.562943431,R1111
11/18/2024 1:00,3.20841184,6.475931624,5.641961447,R1111
11/18/2024 1:30,2.975511086,6.508917623,5.616919193,R1111
11/18/2024 2:00,3.343702309,6.864476807,5.768410201,R1111
11/18/2024 2:30,3.254166726,6.649346145,5.821307893,R1111
11/18/2024 3:00,3.201446116,6.472415554,5.654147265,R1111
11/18/2024 3:30,3.168794026,6.449381965,5.560632324,R1111
11/18/2024 4:00,3.226827989,6.264315104,5.501573117,R1111
11/18/2024 4:30,3.248709719,6.553317937,5.673549636,R1111
11/18/2024 5:00,3.182188915,6.312624863,5.432958484,R1111
11/18/2024 5:30,3.212432743,6.486043366,5.525513254,R1111
11/18/2024 6:00,3.246428065,6.477464644,5.608583226,R1111
11/18/2024 6:30,3.163668536,6.369225057,5.495186827,R1111
11/18/2024 7:00,3.1044473,6.23580351,5.31195217,R1111
11/18/2024 7:30,3.235947286,6.557396656,5.672501653,R1111
11/18/2024 8:00,10.60957332,17.98001407,16.97341954,R1111
11/18/2024 8:30,9.32857437,15.66465679,14.36971215,R1111
11/18/2024 9:00,8.990630073,15.2399628,13.9638785,R1111
11/18/2024 9:30,9.304150445,15.73636201,14.44726427,R1111
11/18/2024 10:00,9.652430813,16.36270373,15.0955599,R1111
11/18/2024 10:30,10.49300763,17.37859353,16.20810112,R1111
11/18/2024 11:00,11.20370022,18.46541781,17.63622415,R1111
11/18/2024 11:30,11.52923856,18.75535883,18.14483077,R1111
11/18/2024 12:00,11.95799827,19.23801399,18.59967384,R1111
11/18/2024 12:30,12.31095373,19.70191631,18.94140404,R1111
11/18/2024 13:00,12.53784504,19.96998905,19.32217796,R1111
11/18/2024 13:30,12.89355885,20.45244993,19.93432473,R1111
11/18/2024 14:00,12.95451784,20.77397827,20.23518911,R1111
11/18/2024 14:30,12.59116725,20.30191454,19.64144496,R1111
11/18/2024 15:00,12.03645175,19.37009032,18.53424396,R1111
11/18/2024 15:30,10.78645872,17.77496448,16.64090524,R1111
11/18/2024 16:00,9.248326678,15.51966261,14.21600818,R1111
11/18/2024 16:30,6.219962353,11.40086113,10.46698104,R1111
11/18/2024 17:00,4.617727321,8.495705356,7.457969004,R1111
11/18/2024 17:30,3.795989511,7.119736116,6.236783183,R1111
11/18/2024 18:00,2.833998517,5.605625962,4.664704637,R1111
11/18/2024 18:30,3.40915851,6.800282397,5.793833528,R1111
11/18/2024 19:00,3.390280094,6.802245883,5.720283495,R1111
11/18/2024 19:30,3.449150753,6.664677009,5.772302558,R1111
11/18/2024 20:00,3.421207948,6.601079237,5.698054532,R1111
11/18/2024 20:30,3.591402704,6.61665596,5.672804831,R1111
11/18/2024 21:00,3.438488793,6.411889332,5.454459794,R1111
11/18/2024 21:30,3.376943548,6.499385602,5.560379119,R1111
11/18/2024 22:00,3.452988986,6.590127035,5.577447843,R1111
11/18/2024 22:30,3.418438718,6.596270767,5.615345991,R1111
11/18/2024 23:00,3.336931126,6.590499048,5.536259577,R1111
11/18/2024 23:30,3.507760693,6.683191806,5.61712368,R1111
11/19/2024 0:00,3.413697865,6.618124297,5.628122031,R1111
11/19/2024 0:30,2.32357736,4.555103787,3.702376602,R1111
11/19/2024 1:00,1.625267066,4.053825833,3.482531051,R1111
11/19/2024 1:30,1.734003624,3.29566278,2.6907386,R1111
11/19/2024 2:00,1.170661927,3.051173271,2.69122162,R1111
11/19/2024 2:30,1.212378009,2.761630521,2.370807703,R1111
11/19/2024 3:00,0.880547283,2.828011176,2.545308995,R1111
11/19/2024 3:30,1.329630617,3.633976268,3.336884572,R1111
11/19/2024 4:00,2.03549827,4.21566159,3.668322758,R1111
11/19/2024 4:30,1.974077285,4.635296644,4.091561551,R1111
11/19/2024 5:00,1.980047466,4.881975938,4.33336103,R1111
11/19/2024 5:30,2.312460962,5.010989258,4.407786182,R1111
11/19/2024 6:00,2.39519676,5.155764632,4.50707726,R1111
11/19/2024 6:30,2.261562234,5.289780152,4.582810447,R1111
11/19/2024 7:00,2.537814913,5.297769591,4.601456937,R1111
11/19/2024 7:30,2.68207122,5.666122586,5.135876906,R1111
11/19/2024 8:00,9.714422709,16.24648308,15.31150525,R1111
11/19/2024 8:30,9.154797107,15.33321236,14.44900963,R1111
11/19/2024 9:00,9.162168251,15.16084927,14.08737062,R1111
11/19/2024 9:30,9.161220324,15.39913526,14.30559091,R1111
11/19/2024 10:00,9.443047233,15.88185962,14.80419885,R1111
11/19/2024 10:30,10.10375599,16.78888807,15.8028921,R1111
11/19/2024 11:00,10.79994889,17.7362738,16.86591928,R1111
11/19/2024 11:30,11.15639865,17.9326226,17.36145776,R1111
11/19/2024 12:00,11.56318805,18.37619079,17.78109759,R1111
11/19/2024 12:30,12.04159483,18.86582505,18.26748652,R1111
11/19/2024 13:00,12.39939693,19.38799881,18.81538574,R1111
11/19/2024 13:30,13.04221443,20.32477433,20.03321032,R1111
11/19/2024 14:00,13.08354088,20.45048572,20.21954388,R1111
11/19/2024 14:30,13.0296288,20.5554671,20.21574269,R1111
11/19/2024 15:00,12.31316003,19.49851257,18.97364004,R1111
11/19/2024 15:30,10.94896106,17.77172581,16.89458296,R1111
11/19/2024 16:00,9.10128718,15.33301432,14.343597,R1111
11/19/2024 16:30,7.342512816,12.64761745,11.7284812,R1111
11/19/2024 17:00,4.281048322,8.179361696,7.491759831,R1111
11/19/2024 17:30,3.482509804,6.708638556,6.024566372,R1111
11/19/2024 18:00,2.401381457,4.911024776,4.333034902,R1111
11/19/2024 18:30,3.048413236,6.337216637,5.644149398,R1111
11/19/2024 19:00,2.997738131,6.416945014,5.823739314,R1111
11/19/2024 19:30,3.079161475,6.610081334,5.968736244,R1111
11/19/2024 20:00,3.048877651,6.464538894,5.701877222,R1111
11/19/2024 20:30,3.132452891,6.664815027,5.778317694,R1111
11/19/2024 21:00,3.108676835,6.46507545,5.608707918,R1111
11/19/2024 21:30,2.975564175,6.503443604,5.654682932,R1111
11/19/2024 22:00,2.788335861,6.330543045,5.519481144,R1111
11/19/2024 22:30,2.821641657,6.369855427,5.580279518,R1111
11/19/2024 23:00,2.812243233,6.36147297,5.644320272,R1111
11/19/2024 23:30,2.85142401,6.33001336,5.538746842,R1111
11/20/2024 0:00,2.914048102,6.423109376,5.582326168,R1111
11/20/2024 0:30,2.924444278,6.252130021,5.519606958,R1111
11/20/2024 1:00,2.867556289,6.254653089,5.469959666,R1111
11/20/2024 1:30,2.958256186,6.364502785,5.521899885,R1111
11/20/2024 2:00,2.836405189,6.043181278,5.248996704,R1111
11/20/2024 2:30,2.913624002,6.121569439,5.404948219,R1111
11/20/2024 3:00,2.798764111,5.99379755,5.308757937,R1111
11/20/2024 3:30,2.803591554,5.991732722,5.238274711,R1111
11/20/2024 4:00,2.927984034,6.048154736,5.194582585,R1111
11/20/2024 4:30,2.796491807,5.951053622,5.17620411,R1111
11/20/2024 5:00,2.812008035,5.952940637,5.085363814,R1111
11/20/2024 5:30,2.877567613,6.079563064,5.347921741,R1111
11/20/2024 6:00,2.913543547,6.08308715,5.321966578,R1111
11/20/2024 6:30,2.936526571,6.084149756,5.314272341,R1111
11/20/2024 7:00,2.801096306,5.84454311,5.084493582,R1111
11/20/2024 7:30,2.921708422,6.123352973,5.308842314,R1111
11/20/2024 8:00,10.66106918,18.17777013,17.24931361,R1111
11/20/2024 8:30,9.177065501,15.80188355,14.39175024,R1111
11/20/2024 9:00,8.859600394,15.35745388,14.2110408,R1111
11/20/2024 9:30,8.892353141,15.49619457,14.42478243,R1111
11/20/2024 10:00,9.200058834,15.96552188,14.70220575,R1111
11/20/2024 10:30,9.851667331,16.69888643,15.58773866,R1111
11/20/2024 11:00,10.49534441,17.50105597,16.46725706,R1111
11/20/2024 11:30,10.77102735,17.80710277,16.83456193,R1111
11/20/2024 12:00,11.12635032,18.34671974,17.3375308,R1111
11/20/2024 12:30,11.52160099,18.76792222,18.06866437,R1111
11/20/2024 13:00,11.93169361,19.38772702,18.71232863,R1111
11/20/2024 13:30,12.29683656,20.03814782,19.37993157,R1111
11/20/2024 14:00,12.53058736,20.35370947,19.61980617,R1111
11/20/2024 14:30,12.35947701,20.21399396,19.46299945,R1111
11/20/2024 15:00,11.82631553,19.53048723,18.50731172,R1111
11/20/2024 15:30,10.60102944,17.835972,16.75234951,R1111
11/20/2024 16:00,9.252612857,15.93376737,14.63114254,R1111
11/20/2024 16:30,7.655688766,13.48275579,12.2574454,R1111
11/20/2024 17:00,4.847362523,9.131299219,8.196515221,R1111
11/20/2024 17:30,3.819577656,7.412485701,6.464258649,R1111
11/20/2024 18:00,2.898051064,5.8804936,5.007174731,R1111
11/20/2024 18:30,3.293978776,6.738787416,5.867499695,R1111
11/20/2024 19:00,3.226015612,6.583153321,5.706628657,R1111
11/20/2024 19:30,3.265739086,6.549836366,5.645231706,R1111
11/20/2024 20:00,3.133633964,6.594323235,5.686722183,R1111
11/20/2024 20:30,3.142295269,6.668011059,5.699834533,R1111
11/20/2024 21:00,3.049628856,6.517256529,5.642930406,R1111
11/20/2024 21:30,3.103258061,6.631127877,5.627530472,R1111
11/20/2024 22:00,2.904138457,6.493422363,5.490802759,R1111
11/20/2024 22:30,2.901946535,6.457425185,5.447515329,R1111
11/20/2024 23:00,2.984450212,6.591817521,5.480462419,R1111
11/20/2024 23:30,2.992617186,6.408859118,5.378432143,R1111
11/21/2024 0:00,2.955202376,6.458262613,5.373458357,R1111
11/21/2024 0:30,1.587435066,4.458654605,3.718551495,R1111
11/21/2024 1:00,1.379202405,3.844976193,3.267353302,R1111
11/21/2024 1:30,1.039488997,3.38856175,2.902714203,R1111
11/21/2024 2:00,0.719806689,2.824615204,2.46918406,R1111
11/21/2024 2:30,0.234782986,2.484164252,2.081559966,R1111
11/21/2024 3:00,0.869989209,2.711546468,2.190433027,R1111
11/21/2024 3:30,1.113932087,3.253506966,2.716604566,R1111
11/21/2024 4:00,1.67057475,4.123297002,3.451095994,R1111
11/21/2024 4:30,1.829103936,4.584397681,3.890952991,R1111
11/21/2024 5:00,1.964027699,4.845629504,4.062203517,R1111
11/21/2024 5:30,2.079145349,5.101250009,4.386788207,R1111
11/21/2024 6:00,2.138733714,5.16325515,4.404186902,R1111
11/21/2024 6:30,2.160125326,5.325818876,4.511918239,R1111
11/21/2024 7:00,2.188031384,5.357610526,4.593302422,R1111
11/21/2024 7:30,2.279512417,5.610362206,4.785461281,R1111
11/21/2024 8:00,9.691621129,16.8858057,15.71073618,R1111
11/21/2024 8:30,8.543553329,15.08535022,13.71495892,R1111
11/21/2024 9:00,8.029058446,14.34672941,12.98807106,R1111
11/21/2024 9:30,7.881200674,14.21227621,12.92594553,R1111
11/21/2024 10:00,8.505029799,15.22061114,13.88055624,R1111
11/21/2024 10:30,9.458239162,16.5399132,15.40953658,R1111
11/21/2024 11:00,9.939287146,17.25536616,15.88021851,R1111
11/21/2024 11:30,10.24242592,17.78443337,16.68799991,R1111
11/21/2024 12:00,10.62709607,18.07525829,16.95698986,R1111
11/21/2024 12:30,10.88832408,18.4589358,17.60389891,R1111
11/21/2024 13:00,11.24235702,18.87198436,18.38326652,R1111
11/21/2024 13:30,11.59215359,19.19150969,18.54941055,R1111
11/21/2024 14:00,11.61813857,19.37341825,18.64209856,R1111
11/21/2024 14:30,11.50287734,19.08730291,18.3818926,R1111
11/21/2024 15:00,11.04541903,18.37202977,17.56136416,R1111
11/21/2024 15:30,9.999070931,16.925528,16.13025203,R1111
11/21/2024 16:00,8.259213085,14.39252252,13.3327791,R1111
11/21/2024 16:30,6.556317065,11.73738704,10.72387408,R1111
11/21/2024 17:00,3.703925869,7.342263209,6.638471378,R1111
11/21/2024 17:30,2.757017009,5.974768323,5.293437529,R1111
11/21/2024 18:00,2.054019097,4.836453308,4.135087868,R1111
11/21/2024 18:30,2.460608495,5.70281049,5.070006858,R1111
11/21/2024 19:00,2.585892879,6.128625378,5.454500519,R1111
11/21/2024 19:30,2.722542296,6.271716145,5.534336597,R1111
11/21/2024 20:00,2.623659835,6.267818696,5.533814522,R1111
11/21/2024 20:30,2.445424453,6.079123809,5.340196973,R1111
11/21/2024 21:00,2.668971821,6.219610139,5.507066309,R1111
11/21/2024 21:30,2.624938364,6.155375507,5.392329641,R1111
11/21/2024 22:00,2.773319408,6.161405622,5.410019358,R1111
11/21/2024 22:30,2.710810093,6.226503011,5.506501095,R1111
11/21/2024 23:00,2.768712147,6.191614805,5.429811762,R1111
11/21/2024 23:30,2.742611262,6.279942438,5.563717721,R1111
11/22/2024 0:00,2.756367544,6.200040464,5.405712344,R1111
11/22/2024 0:30,2.775822987,6.224839703,5.446709851,R1111
11/22/2024 1:00,2.789784755,6.280974849,5.516377438,R1111
11/22/2024 1:30,2.807721673,6.140738927,5.388655239,R1111
11/22/2024 2:00,2.774733244,6.30201314,5.439724834,R1111
11/22/2024 2:30,2.656487585,6.174533464,5.320704469,R1111
11/22/2024 3:00,2.787806356,6.239493736,5.402521096,R1111
11/22/2024 3:30,2.838532924,6.193984212,5.356101272,R1111
11/22/2024 4:00,2.704429178,6.150471205,5.352741382,R1111
11/22/2024 4:30,2.76397963,6.019915112,5.180798229,R1111
11/22/2024 5:00,2.881578307,6.168661512,5.346333849,R1111
11/22/2024 5:30,2.78809248,6.070794264,5.245112964,R1111
11/22/2024 6:00,2.855662674,6.189319051,5.40585652,R1111
11/22/2024 6:30,2.643039675,6.051101316,5.229973119,R1111
11/22/2024 7:00,2.664415829,5.977935518,5.209883321,R1111
11/22/2024 7:30,2.700247183,6.056401956,5.230300617,R1111
11/22/2024 8:00,10.35678785,17.95041084,16.74752111,R1111
11/22/2024 8:30,8.784485204,15.36460562,13.93290184,R1111
11/22/2024 9:00,8.330643806,14.91396806,13.66685852,R1111
11/22/2024 9:30,8.67045071,15.40567785,14.18832519,R1111
11/22/2024 10:00,8.902976392,15.7771803,14.51234767,R1111
11/22/2024 10:30,9.524861783,16.69811426,15.39896307,R1111
11/22/2024 11:00,8.381894528,14.97987642,13.74991616,R1111
11/22/2024 11:30,8.990351267,15.53574145,14.09405419,R1111
11/22/2024 12:00,9.396520316,15.87466108,14.21232024,R1111
11/22/2024 12:30,9.343149988,15.97431902,14.50734604,R1111
11/22/2024 13:00,9.595878072,16.13311451,14.75171327,R1111
11/22/2024 13:30,9.683630213,16.46217964,15.14620354,R1111
11/22/2024 14:00,9.892424459,16.66719212,15.46470969,R1111
11/22/2024 14:30,9.956288189,16.55255143,15.44050788,R1111
11/22/2024 15:00,9.313928759,15.60356509,14.22906345,R1111
11/22/2024 15:30,8.642397506,14.60913994,13.50532883,R1111
11/22/2024 16:00,7.810845882,13.22351267,12.13165041,R1111
11/22/2024 16:30,6.623909628,11.56553343,10.6110029,R1111
11/22/2024 17:00,5.117635507,9.390863231,8.386358971,R1111
11/22/2024 17:30,3.802985899,7.652535738,6.797849378,R1111
11/22/2024 18:00,2.805496456,6.247229743,5.554638549,R1111
11/22/2024 18:30,2.903498883,6.384861617,5.648173717,R1111
11/22/2024 19:00,2.751054557,6.220266954,5.506319337,R1111
11/22/2024 19:30,2.743458769,6.162746513,5.345740193,R1111
11/22/2024 20:00,2.701897653,6.267146716,5.514893314,R1111
11/22/2024 20:30,2.795948608,6.247900449,5.518478953,R1111
11/22/2024 21:00,2.687160227,6.042541963,5.310176237,R1111
11/22/2024 21:30,2.871589063,6.23391352,5.548120701,R1111
11/22/2024 22:00,2.850490466,6.055950485,5.274810102,R1111
11/22/2024 22:30,2.738141851,5.871355892,5.182603551,R1111
11/22/2024 23:00,2.814062263,5.947271181,5.217246797,R1111
11/22/2024 23:30,2.79993688,5.96166105,5.163876255,R1111
11/23/2024 0:00,2.83006461,5.934174584,5.208984688,R1111
11/23/2024 0:30,2.821038293,5.941691345,5.21747955,R1111
11/23/2024 1:00,2.845174207,6.001301179,5.319564214,R1111
11/23/2024 1:30,2.634355607,5.803727583,5.012503503,R1111
11/23/2024 2:00,2.652201077,5.654091599,4.939229916,R1111
11/23/2024 2:30,2.77113956,5.835857446,5.082136666,R1111
11/23/2024 3:00,2.79825758,5.773289833,5.016472688,R1111
11/23/2024 3:30,2.790910456,5.805914561,5.054207363,R1111
11/23/2024 4:00,2.720049224,5.722563021,4.967816715,R1111
11/23/2024 4:30,2.744369286,5.767186669,4.977185862,R1111
11/23/2024 5:00,2.670466536,5.790965809,5.010900533,R1111
11/23/2024 5:30,2.625213195,5.740436124,4.998300951,R1111
11/23/2024 6:00,2.753074332,5.732966647,5.069164298,R1111
11/23/2024 6:30,2.526165181,5.65632311,4.891245036,R1111
11/23/2024 7:00,2.556183733,5.621624775,4.843423412,R1111
11/23/2024 7:30,2.615803543,5.802981584,4.954247336,R1111
11/23/2024 8:00,10.01459757,17.55954085,16.68545909,R1111
11/23/2024 8:30,8.065321919,14.09993192,12.79964065,R1111
11/23/2024 9:00,8.220568638,14.01490381,12.01918537,R1111
11/23/2024 9:30,8.214453446,14.57487932,13.11810392,R1111
11/23/2024 10:00,8.498268574,15.11712445,13.97155831,R1111
11/23/2024 10:30,8.955997593,15.62044102,14.50762069,R1111
11/23/2024 11:00,9.625440807,16.45311296,15.40839748,R1111
11/23/2024 11:30,10.11224602,16.81521538,15.71785065,R1111
11/23/2024 12:00,10.42576656,17.22074651,16.03479029,R1111
11/23/2024 12:30,10.70250722,17.6775993,16.37388725,R1111
11/23/2024 13:00,10.85501014,17.90453233,16.78769012,R1111
11/23/2024 13:30,11.16534611,18.4446957,17.51134854,R1111
11/23/2024 14:00,11.54709906,18.84505887,17.87812985,R1111
11/23/2024 14:30,11.23381463,18.50116062,17.59048913,R1111
11/23/2024 15:00,10.77316179,17.89180398,16.88972779,R1111
11/23/2024 15:30,9.977547312,16.72588763,15.49228314,R1111
11/23/2024 16:00,8.750580189,14.79710813,13.52020618,R1111
11/23/2024 16:30,7.083935202,12.30695058,11.00454227,R1111
11/23/2024 17:00,4.087496505,7.819303661,6.899223124,R1111
11/23/2024 17:30,3.065225157,6.118478507,5.383121719,R1111
11/23/2024 18:00,2.431223519,5.027110454,4.2119656,R1111
11/23/2024 18:30,2.55424738,5.475636456,4.748677991,R1111
11/23/2024 19:00,2.665861688,5.717770991,4.759389705,R1111
11/23/2024 19:30,2.596512887,5.688793593,4.702162956,R1111
11/23/2024 20:00,2.669044369,5.688246108,4.64585334,R1111
11/23/2024 20:30,2.600218208,5.652580993,4.723102479,R1111
11/23/2024 21:00,2.652764258,5.574719434,4.774448837,R1111
11/23/2024 21:30,2.639881032,5.499893949,4.477437012,R1111
11/23/2024 22:00,2.564972472,5.461078644,4.580838465,R1111
11/23/2024 22:30,2.688693432,5.515396908,4.529239512,R1111
11/23/2024 23:00,2.600005616,5.5072249,4.655168042,R1111
11/23/2024 23:30,2.67162449,5.700679057,4.852945156,R1111
11/24/2024 0:00,2.633097407,5.66218004,4.765899652,R1111
11/24/2024 0:30,2.502184245,4.334260058,3.401942188,R1111
11/24/2024 1:00,1.856539856,3.856489794,3.091944219,R1111
11/24/2024 1:30,1.378291869,3.613377891,2.900859814,R1111
11/24/2024 2:00,1.216325273,2.980675335,2.36718102,R1111
11/24/2024 2:30,0.861640019,2.672263423,2.409424491,R1111
11/24/2024 3:00,0.783767503,2.344196707,2.082391678,R1111
11/24/2024 3:30,1.031621575,2.697106777,2.433087667,R1111
11/24/2024 4:00,1.390979021,3.243886442,2.849746709,R1111
11/24/2024 4:30,1.518447915,3.4535069,2.936742245,R1111
11/24/2024 5:00,1.635710038,3.747055457,3.275534738,R1111
11/24/2024 5:30,1.801428118,4.011338912,3.420966771,R1111
11/24/2024 6:00,1.956378779,4.073506194,3.571327122,R1111
11/24/2024 6:30,1.968324211,4.154165945,3.531209163,R1111
11/24/2024 7:00,1.9189232,4.129994656,3.622441221,R1111
11/24/2024 7:30,1.970733402,4.429652911,3.788734205,R1111
11/24/2024 8:00,3.643656985,6.878334322,6.163923182,R1111
11/24/2024 8:30,6.732383232,12.18429229,11.12087405,R1111
11/24/2024 9:00,7.260147915,13.30246617,12.34502761,R1111
11/24/2024 9:30,7.280530778,13.2761432,12.45780046,R1111
11/24/2024 10:00,7.428694022,13.74741815,12.78023833,R1111
11/24/2024 10:30,8.252544975,14.81410243,13.91526531,R1111
11/24/2024 11:00,9.200835104,15.93758163,14.9340359,R1111
11/24/2024 11:30,9.549095635,16.29728293,15.16230874,R1111
11/24/2024 12:00,9.568206423,16.21825679,15.21367551,R1111
11/24/2024 12:30,10.10259038,17.02165829,15.87293172,R1111
11/24/2024 13:00,10.45153034,17.62878192,16.5708705,R1111
11/24/2024 13:30,10.62307547,17.68598834,16.65920486,R1111
11/24/2024 14:00,10.78822243,17.87783014,16.92177173,R1111
11/24/2024 14:30,10.60640783,17.58199917,16.55541144,R1111
11/24/2024 15:00,10.257522,17.0217745,15.89897018,R1111
11/24/2024 15:30,9.732801927,16.17737915,15.18371477,R1111
11/24/2024 16:00,8.533535984,14.54047868,13.40822948,R1111
11/24/2024 16:30,7.085638379,12.42442022,11.30592038,R1111
11/24/2024 17:00,4.396773545,8.13423298,7.514624468,R1111
11/24/2024 17:30,3.360510721,6.301733778,5.541028912,R1111
11/24/2024 18:00,2.400022993,4.741979998,4.088363035,R1111
11/24/2024 18:30,2.069785719,4.647384249,4.036089201,R1111
11/24/2024 19:00,1.804010076,4.412837544,3.810202587,R1111
11/24/2024 19:30,1.998195492,4.526567786,3.942477526,R1111
11/24/2024 20:00,2.054991506,4.67215072,4.084001017,R1111
11/24/2024 20:30,2.139714712,4.804851715,4.122919675,R1111
11/24/2024 21:00,2.164249441,4.736775447,4.182101609,R1111
11/24/2024 21:30,2.128488008,4.779283054,4.186839099,R1111
11/24/2024 22:00,2.189332415,4.77622735,4.159892831,R1111
11/24/2024 22:30,2.175762628,4.739954029,4.120520083,R1111
11/24/2024 23:00,2.185341107,4.843753992,4.169416832,R1111
11/24/2024 23:30,2.218861304,4.937547244,4.281124692,R1111
11/25/2024 0:00,2.242169561,4.912998156,4.242533426,R1111
11/25/2024 0:30,2.239660279,4.950855579,4.272247893,R1111
11/25/2024 1:00,2.24231591,4.947821502,4.327767046,R1111
11/25/2024 1:30,2.23950162,4.988766838,4.237587556,R1111
11/25/2024 2:00,2.329534596,4.962500955,4.268117528,R1111
11/25/2024 2:30,2.334864291,5.036955915,4.299425984,R1111
11/25/2024 3:00,2.184564141,4.948657107,4.249294969,R1111
11/25/2024 3:30,2.405729183,5.055557245,4.352044026,R1111
11/25/2024 4:00,2.379687924,5.045693904,4.320437601,R1111
11/25/2024 4:30,2.359234647,5.022799356,4.410532888,R1111
11/25/2024 5:00,2.31493354,4.999619709,4.347976416,R1111
11/25/2024 5:30,2.305411046,4.954243494,4.375525599,R1111
11/25/2024 6:00,2.418795534,5.018032045,4.500065853,R1111
11/25/2024 6:30,2.371178519,5.07525647,4.431284041,R1111
11/25/2024 7:00,2.364869415,4.90499103,4.279821125,R1111
11/25/2024 7:30,2.207746695,4.609633475,3.986480386,R1111
11/25/2024 8:00,8.001755651,13.81613918,12.5996885,R1111
11/25/2024 8:30,10.04161554,17.05161099,15.75226314,R1111
11/25/2024 9:00,9.332370495,16.30468731,15.32152535,R1111
11/25/2024 9:30,9.121696761,15.88910709,14.80073371,R1111
11/25/2024 10:00,9.130636942,15.69739848,14.69488669,R1111
11/25/2024 10:30,8.921894584,15.25708243,14.06653687,R1111
11/25/2024 11:00,9.372054236,15.65892521,14.62935601,R1111
11/25/2024 11:30,9.303731678,15.56574223,14.39754792,R1111
11/25/2024 12:00,9.617398301,16.0215898,14.88293957,R1111
11/25/2024 12:30,10.13659713,16.60601094,15.66039842,R1111
11/25/2024 13:00,10.30477507,16.82907594,15.97507865,R1111
11/25/2024 13:30,10.37173273,16.9907809,15.98534285,R1111
11/25/2024 14:00,10.18838835,16.47870779,15.55410908,R1111
11/25/2024 14:30,9.948716298,16.33337673,15.20100344,R1111
11/25/2024 15:00,9.722372122,16.10557567,14.90769862,R1111
11/25/2024 15:30,9.391743341,15.55366734,14.11040375,R1111
11/25/2024 16:00,8.620166887,14.45915211,13.08463699,R1111
11/25/2024 16:30,6.941604477,12.04782731,10.65161332,R1111
11/25/2024 17:00,4.180824527,7.765615085,6.71810885,R1111
11/25/2024 17:30,2.805528718,5.247815799,4.305698263,R1111
11/25/2024 18:00,2.16748667,4.271489979,3.355953458,R1111
11/25/2024 18:30,2.025778834,4.678028907,3.868554992,R1111
11/25/2024 19:00,2.119174487,4.941493949,4.19170053,R1111
11/25/2024 19:30,2.276124245,5.10160444,4.234350209,R1111
11/25/2024 20:00,2.30349802,5.01706294,4.262499416,R1111
11/25/2024 20:30,2.349580886,5.016235611,4.23383347,R1111
11/25/2024 21:00,2.26623693,5.14314556,4.305406729,R1111
11/25/2024 21:30,2.351340042,5.129910526,4.428503882,R1111
11/25/2024 22:00,2.381549289,5.218715259,4.438564668,R1111
11/25/2024 22:30,2.467830099,5.236632645,4.488776907,R1111
11/25/2024 23:00,2.449339381,5.199177065,4.523706863,R1111
11/25/2024 23:30,2.403313419,5.190498467,4.510879856,R1111
11/26/2024 0:00,2.478880843,5.14236011,4.486720236,R1111
11/26/2024 0:30,1.764285471,3.572551757,3.106012669,R1111
11/26/2024 1:00,1.104522958,2.866721718,2.624046245,R1111
11/26/2024 1:30,0.956995752,2.369198668,2.232696884,R1111
11/26/2024 2:00,0.840514772,2.436082688,2.329712681,R1111
11/26/2024 2:30,0.701622872,2.046552124,1.932329663,R1111
11/26/2024 3:00,0.704541831,2.077063782,1.885244627,R1111
11/26/2024 3:30,0.756172426,2.38476733,2.250838598,R1111
11/26/2024 4:00,1.022257021,2.863149584,2.560753095,R1111
11/26/2024 4:30,1.531492086,3.244683067,2.800467161,R1111
11/26/2024 5:00,1.771197315,3.517602915,3.022083282,R1111
11/26/2024 5:30,1.905436031,3.708983949,3.238357705,R1111
11/26/2024 6:00,1.972733759,3.964292238,3.428502569,R1111
11/26/2024 6:30,1.818578753,4.021997391,3.395220567,R1111
11/26/2024 7:00,1.654904119,3.869941054,3.233055732,R1111
11/26/2024 7:30,1.63634939,3.85977743,3.434213813,R1111
11/26/2024 8:00,4.730933249,8.813216259,7.812293137,R1111
11/26/2024 8:30,7.035730882,13.22526047,12.00493393,R1111
11/26/2024 9:00,7.449564415,13.78503625,12.78582616,R1111
11/26/2024 9:30,7.322488387,13.64756349,12.70331243,R1111
11/26/2024 10:00,7.247688514,13.30699204,12.3629389,R1111
11/26/2024 10:30,7.464296344,13.28387238,12.32707279,R1111
11/26/2024 11:00,7.674569021,13.65067916,12.52483319,R1111
11/26/2024 11:30,7.893033014,13.80905771,12.72772703,R1111
11/26/2024 12:00,8.279864645,14.38032837,13.21604039,R1111
11/26/2024 12:30,8.720091632,14.93720969,13.69751702,R1111
11/26/2024 13:00,9.018981934,15.44051291,14.30032742,R1111
11/26/2024 13:30,9.225194924,15.7814038,14.61982333,R1111
11/26/2024 14:00,9.097614195,15.69918022,14.55752552,R1111
11/26/2024 14:30,8.977746561,15.5664948,14.25382724,R1111
11/26/2024 15:00,8.717326342,15.30591357,14.34918388,R1111
11/26/2024 15:30,8.237142728,14.71392266,13.55788363,R1111
11/26/2024 16:00,7.342910947,13.36894068,11.92987329,R1111
11/26/2024 16:30,5.784471374,10.93394153,9.905484222,R1111
11/26/2024 17:00,3.565809115,7.43160465,6.553998721,R1111
11/26/2024 17:30,2.127863293,4.990991368,4.217982845,R1111
11/26/2024 18:00,1.486895433,3.48423766,2.988719116,R1111
11/26/2024 18:30,1.65616958,3.822309284,3.205749711,R1111
11/26/2024 19:00,1.721805996,3.894006299,3.290023206,R1111
11/26/2024 19:30,1.880328171,4.250847646,3.574108288,R1111
11/26/2024 20:00,1.816911,4.179111039,3.562604996,R1111
11/26/2024 20:30,2.053939369,4.477753644,3.833441981,R1111
11/26/2024 21:00,1.99061372,4.295788098,3.703112685,R1111
11/26/2024 21:30,2.05620835,4.484496168,4.049885209,R1111
11/26/2024 22:00,2.088290547,4.638296831,4.137367709,R1111
11/26/2024 22:30,2.19663107,4.588320809,4.196101424,R1111
11/26/2024 23:00,2.139466447,4.774193037,4.340084338,R1111
11/26/2024 23:30,2.152475067,4.658271664,4.100500999,R1111
11/27/2024 0:00,2.347253194,4.882581821,4.332715876,R1111
11/27/2024 0:30,2.109415577,4.648107266,4.146198091,R1111
11/27/2024 1:00,2.237810489,4.856506586,4.183598127,R1111
11/27/2024 1:30,2.241353932,4.756472408,4.217700709,R1111
11/27/2024 2:00,2.29667571,4.842758068,4.376909241,R1111
11/27/2024 2:30,2.27796225,4.767039092,4.224357872,R1111
11/27/2024 3:00,2.34397922,4.847830299,4.242891359,R1111
11/27/2024 3:30,2.345893137,4.874004903,4.373944151,R1111
11/27/2024 4:00,2.385711389,4.772332916,4.373242947,R1111
11/27/2024 4:30,2.447335376,4.9389258,4.42064465,R1111
11/27/2024 5:00,2.461388091,4.930418015,4.446823765,R1111
11/27/2024 5:30,2.539717559,4.992519318,4.439812781,R1111
11/27/2024 6:00,2.410013252,4.934196591,4.37187834,R1111
11/27/2024 6:30,2.434582973,4.997955756,4.43146914,R1111
11/27/2024 7:00,2.482330207,4.694915948,4.30239502,R1111
11/27/2024 7:30,2.383192801,4.475587134,4.021417096,R1111
11/27/2024 8:00,3.167070616,5.688955656,5.068465815,R1111
11/27/2024 8:30,4.047440506,7.157732505,6.557324088,R1111
11/27/2024 9:00,4.252634203,7.95589139,7.242362195,R1111
11/27/2024 9:30,4.494605367,8.532159304,7.826712365,R1111
11/27/2024 10:00,5.277028886,9.703372719,8.932334721,R1111
11/27/2024 10:30,6.266756005,11.29368216,10.46789423,R1111
11/27/2024 11:00,7.412221683,13.02032163,12.0092119,R1111
11/27/2024 11:30,8.673347901,14.76489308,13.83844208,R1111
11/27/2024 12:00,9.409876988,15.67349947,14.76325068,R1111
11/27/2024 12:30,9.396925703,15.68690597,14.77826832,R1111
11/27/2024 13:00,9.44666152,15.68351749,14.6452575,R1111
11/27/2024 13:30,9.357895591,15.76181507,14.80645113,R1111
11/27/2024 14:00,9.42019706,15.93853099,14.92951689,R1111
11/27/2024 14:30,9.432732849,15.90252061,14.86683635,R1111
11/27/2024 15:00,9.244591232,15.68522949,14.67309406,R1111
11/27/2024 15:30,8.880335385,15.07456854,14.00151051,R1111
11/27/2024 16:00,7.938796847,13.72560718,12.66211843,R1111
11/27/2024 16:30,6.519519957,11.62472795,10.62911628,R1111
11/27/2024 17:00,4.773081694,8.974695626,8.140470042,R1111
11/27/2024 17:30,3.396005962,6.572579449,5.858922862,R1111
11/27/2024 18:00,2.395092797,4.961600287,4.411794069,R1111
11/27/2024 18:30,2.324705238,4.440265349,3.977862638,R1111
11/27/2024 19:00,2.347469673,4.418090495,3.987148994,R1111
11/27/2024 19:30,2.308421811,4.340926308,3.857810683,R1111
11/27/2024 20:00,2.21888881,4.244606142,3.741123465,R1111
11/27/2024 20:30,2.231083848,4.175149256,3.777794972,R1111
11/27/2024 21:00,2.296480648,4.574715762,4.029604299,R1111
11/27/2024 21:30,2.457899115,4.723515977,4.242970037,R1111
11/27/2024 22:00,2.5188787,4.768878321,4.199371794,R1111
11/27/2024 22:30,2.489212754,4.735732438,4.180211487,R1111
11/27/2024 23:00,2.481400358,4.753984834,4.157725648,R1111
11/27/2024 23:30,2.590964661,4.75179629,4.171575236,R1111
11/28/2024 0:00,2.522040858,4.745249597,4.221871792,R1111
11/28/2024 0:30,1.753729066,3.61858616,3.295511278,R1111
11/28/2024 1:00,1.134106595,2.916382547,2.70933157,R1111
11/28/2024 1:30,0.885377397,2.190242768,2.185509441,R1111
11/28/2024 2:00,0.952890734,2.410765204,2.286353465,R1111
11/28/2024 2:30,0.881720565,2.375784921,2.306373927,R1111
11/28/2024 3:00,0.707318243,2.056448053,1.984508246,R1111
11/28/2024 3:30,1.023015606,2.507271344,2.413427969,R1111
11/28/2024 4:00,1.590964042,2.914232382,2.728513804,R1111
11/28/2024 4:30,1.980513688,3.368351214,3.016306565,R1111
11/28/2024 5:00,1.951234909,3.676272252,3.421223483,R1111
11/28/2024 5:30,1.797120884,3.710117248,3.396624493,R1111
11/28/2024 6:00,2.031056087,3.922339737,3.648412953,R1111
11/28/2024 6:30,1.973983326,3.916532204,3.606511113,R1111
11/28/2024 7:00,2.175500465,4.105283838,3.748178458,R1111
11/28/2024 7:30,1.994123019,3.97107566,3.627553922,R1111
11/28/2024 8:00,2.795670101,5.440121249,4.993467786,R1111
11/28/2024 8:30,4.754694839,8.976832137,8.151401344,R1111
11/28/2024 9:00,6.400588163,11.76889392,10.94280235,R1111
11/28/2024 9:30,7.155858875,12.9432418,12.12838667,R1111
11/28/2024 10:00,7.798327794,13.67364364,12.83539562,R1111
11/28/2024 10:30,7.751110095,13.73765893,12.86421674,R1111
11/28/2024 11:00,8.069641087,14.07280863,13.20281181,R1111
11/28/2024 11:30,8.430655267,14.2903808,13.22396283,R1111
11/28/2024 12:00,8.742370067,14.66033636,13.58134026,R1111
11/28/2024 12:30,9.076593922,15.00524944,13.9996611,R1111
11/28/2024 13:00,9.578818165,15.48469239,14.50016569,R1111
11/28/2024 13:30,9.904693969,16.10526395,14.95266391,R1111
11/28/2024 14:00,10.15695109,16.33868788,15.28005479,R1111
11/28/2024 14:30,9.882971587,16.04290742,14.83301843,R1111
11/28/2024 15:00,9.516495593,15.81307716,14.73334382,R1111
11/28/2024 15:30,8.734382242,14.61758446,13.52987644,R1111
11/28/2024 16:00,7.482236011,12.90257807,11.77447573,R1111
11/28/2024 16:30,6.219440366,11.03521333,10.01237656,R1111
11/28/2024 17:00,4.112652227,7.51709999,6.693860298,R1111
11/28/2024 17:30,2.612107074,5.08001757,4.568965658,R1111
11/28/2024 18:00,2.06452715,3.82145303,3.415866785,R1111
11/28/2024 18:30,2.280639109,4.087984409,3.736448375,R1111
11/28/2024 19:00,2.31060338,4.100288944,3.716023993,R1111
11/28/2024 19:30,2.442370838,4.305104948,3.852830374,R1111
11/28/2024 20:00,2.406133886,4.302040278,3.806571157,R1111
11/28/2024 20:30,2.527190255,4.25157891,3.854883118,R1111
11/28/2024 21:00,2.50523897,4.370608245,3.965388625,R1111
11/28/2024 21:30,2.671328607,4.351092157,3.995673311,R1111
11/28/2024 22:00,2.500271613,4.356691857,3.997569736,R1111
11/28/2024 22:30,2.61619597,4.392253011,3.918227787,R1111
11/28/2024 23:00,2.559507034,4.44124938,4.024114818,R1111
11/28/2024 23:30,2.475773226,4.303789555,3.853166989,R1111
11/29/2024 0:00,2.654318222,4.495395904,4.089954859,R1111
11/29/2024 0:30,2.551794341,4.371243911,3.867832199,R1111
11/29/2024 1:00,2.58867092,4.527986931,4.069019123,R1111
11/29/2024 1:30,2.662867399,4.421640109,4.034643256,R1111
11/29/2024 2:00,2.784309356,4.596108615,4.139361984,R1111
11/29/2024 2:30,2.707732827,4.541945135,4.035514506,R1111
11/29/2024 3:00,2.773940328,4.614523828,4.278927928,R1111
11/29/2024 3:30,2.690289431,4.39397359,3.997563497,R1111
11/29/2024 4:00,2.762376252,4.698186848,4.190503737,R1111
11/29/2024 4:30,2.740643004,4.621049174,4.238453428,R1111
11/29/2024 5:00,2.680358148,4.520310736,4.158651284,R1111
11/29/2024 5:30,2.81642979,4.862213322,4.430260496,R1111
11/29/2024 6:00,2.759630433,4.754464898,4.290860224,R1111
11/29/2024 6:30,2.756795789,4.790640292,4.287055059,R1111
11/29/2024 7:00,2.996339999,4.615651067,4.195985692,R1111
11/29/2024 7:30,3.225913884,4.594977702,4.148772607,R1111
11/29/2024 8:00,5.512658548,8.210939139,7.544584233,R1111
11/29/2024 8:30,7.978408514,12.5279788,11.42771993,R1111
11/29/2024 9:00,9.768854945,15.19325009,14.28256515,R1111
11/29/2024 9:30,10.25422136,15.91875282,15.01022336,R1111
11/29/2024 10:00,10.23225758,15.86405659,14.9215281,R1111
11/29/2024 10:30,10.28736916,15.97758075,15.00996258,R1111
11/29/2024 11:00,10.42949612,16.01494796,14.99324436,R1111
11/29/2024 11:30,10.52273888,16.00497838,14.95733938,R1111
11/29/2024 12:00,10.75801423,16.36403388,15.31716586,R1111
11/29/2024 12:30,11.08499703,16.91443947,15.81007889,R1111
11/29/2024 13:00,11.57972576,17.27355603,16.4813774,R1111
11/29/2024 13:30,11.6483601,17.35512304,16.35340001,R1111
11/29/2024 14:00,11.44265279,17.073003,15.8902715,R1111
11/29/2024 14:30,11.38526074,16.98175702,15.84974306,R1111
11/29/2024 15:00,11.0302272,16.61180268,15.10905886,R1111
11/29/2024 15:30,10.32257508,15.51729333,14.10022203,R1111
11/29/2024 16:00,9.226235514,14.11420532,12.62227737,R1111
11/29/2024 16:30,7.749850267,11.94587182,10.50619158,R1111
11/29/2024 17:00,5.610465015,8.863355816,7.821532742,R1111
11/29/2024 17:30,4.007491333,6.544104806,5.750014697,R1111
11/29/2024 18:00,2.995694527,4.72856199,4.186255617,R1111
11/29/2024 18:30,3.184444448,4.751736761,4.292328806,R1111
11/29/2024 19:00,2.99551794,4.518022459,3.973758293,R1111
11/29/2024 19:30,3.008389227,4.451498858,3.969491269,R1111
11/29/2024 20:00,3.09898733,4.5264773,3.982990572,R1111
11/29/2024 20:30,3.022848918,4.362699378,3.827908957,R1111
11/29/2024 21:00,3.041917964,4.413374767,3.858528453,R1111
11/29/2024 21:30,3.089592333,4.55185342,4.001968767,R1111
11/29/2024 22:00,3.332569675,4.853026823,4.261924874,R1111
11/29/2024 22:30,3.233670124,4.725895271,4.127717618,R1111
11/29/2024 23:00,3.307779158,4.834617604,4.258188729,R1111
11/29/2024 23:30,3.398389647,4.909768704,4.374214088,R1111
11/30/2024 0:00,3.292617901,4.749974212,4.146247874,R1111
11/30/2024 0:30,3.422473695,4.917569541,4.385048758,R1111
11/30/2024 1:00,3.407592158,4.963727497,4.462175171,R1111
11/30/2024 1:30,3.336627743,4.880805772,4.35365004,R1111
11/30/2024 2:00,3.341729514,4.99834492,4.409413835,R1111
11/30/2024 2:30,3.420057256,5.062167953,4.532008373,R1111
11/30/2024 3:00,3.485959583,5.002396635,4.447440699,R1111
11/30/2024 3:30,3.416339514,5.034827304,4.428405853,R1111
11/30/2024 4:00,3.513425773,5.128672762,4.523568757,R1111
11/30/2024 4:30,3.54529822,5.150888047,4.578993185,R1111
11/30/2024 5:00,3.696460111,5.261146346,4.697744791,R1111
11/30/2024 5:30,3.680508601,5.187457857,4.631741412,R1111
11/30/2024 6:00,3.613243635,5.206238418,4.527680298,R1111
11/30/2024 6:30,3.602156278,5.231894833,4.548553226,R1111
11/30/2024 7:00,3.565545252,4.998291674,4.422784716,R1111
11/30/2024 7:30,3.535595419,5.164742766,4.534120073,R1111
11/30/2024 8:00,4.14254525,6.144646232,5.467942621,R1111
11/30/2024 8:30,9.710724924,14.91302715,13.74590158,R1111
11/30/2024 9:00,11.62940241,17.8513984,17.03973238,R1111
11/30/2024 9:30,11.3810171,17.47013307,16.68185747,R1111
11/30/2024 10:00,10.8428851,16.50013784,15.54113994,R1111
11/30/2024 10:30,10.47201054,16.03050533,15.05352807,R1111
11/30/2024 11:00,10.54431244,16.0320978,15.00698548,R1111
11/30/2024 11:30,10.69516425,15.95431276,14.93838066,R1111
11/30/2024 12:00,11.02549776,16.08854909,15.00706905,R1111
11/30/2024 12:30,11.11624661,16.22254653,15.08006104,R1111
11/30/2024 13:00,11.4632364,16.60293034,15.64013999,R1111
11/30/2024 13:30,11.72252785,16.8839473,16.00546942,R1111
11/30/2024 14:00,11.92975155,17.15138048,16.32124396,R1111
11/30/2024 14:30,12.00458681,17.11620831,16.23584671,R1111
11/30/2024 15:00,11.55609682,16.76475531,15.90699725,R1111
11/30/2024 15:30,10.7119065,15.59924399,14.57464289,R1111
11/30/2024 16:00,9.318656192,13.78184417,12.66264837,R1111
11/30/2024 16:30,7.756453429,11.45495782,10.53147283,R1111
11/30/2024 17:00,5.246036758,7.889788344,7.164240018,R1111
11/30/2024 17:30,3.672837648,5.433083103,4.902029779,R1111
11/30/2024 18:00,2.95868344,4.294342388,3.875686494,R1111
11/30/2024 18:30,2.911052202,4.416843342,4.049034537,R1111
11/30/2024 19:00,2.970915699,4.463243629,4.00277046,R1111
11/30/2024 19:30,3.17716653,4.961280023,4.513451579,R1111
11/30/2024 20:00,3.403232877,5.067646442,4.56516122,R1111
11/30/2024 20:30,3.393616331,5.157570776,4.617291853,R1111
11/30/2024 21:00,3.495846486,5.183622354,4.604145242,R1111
11/30/2024 21:30,3.590991932,5.286999597,4.686045609,R1111
11/30/2024 22:00,3.466070724,5.328601271,4.690027372,R1111
11/30/2024 22:30,3.491993407,5.344981022,4.778786787,R1111
11/30/2024 23:00,3.586082441,5.417269744,4.771203576,R1111
11/30/2024 23:30,3.625639308,5.556145644,4.863765319,R1111
12/1/2024 0:00,3.66429865,5.567340952,4.778791644,R1111
12/1/2024 0:30,2.647350452,3.902445344,3.567725445,R1111
12/1/2024 1:00,2.234206658,3.425321351,3.201966141,R1111
12/1/2024 1:30,2.135941841,3.103386461,2.854445499,R1111
12/1/2024 2:00,1.687710057,2.552220882,2.469239323,R1111
12/1/2024 2:30,1.608490966,2.380836961,2.153428119,R1111
12/1/2024 3:00,1.601995967,2.349434548,2.241420401,R1111
12/1/2024 3:30,1.828200831,2.715486306,2.537584049,R1111
12/1/2024 4:00,2.130900083,3.224508582,2.900465332,R1111
12/1/2024 4:30,2.764873465,3.707762736,3.157994373,R1111
12/1/2024 5:00,3.002114784,4.128949279,3.556743721,R1111
12/1/2024 5:30,3.043810362,4.111413289,3.617715654,R1111
12/1/2024 6:00,3.177890608,4.259791738,3.801810182,R1111
12/1/2024 6:30,3.351844099,4.305594139,3.937424502,R1111
12/1/2024 7:00,2.955027841,4.304008609,3.872562216,R1111
12/1/2024 7:30,2.947660597,4.340047529,3.869908349,R1111
12/1/2024 8:00,5.634780486,8.39564499,7.585967167,R1111
12/1/2024 8:30,9.18522847,14.16203816,13.02810011,R1111
12/1/2024 9:00,9.871402797,15.38063092,14.29609607,R1111
12/1/2024 9:30,9.792415723,15.38335102,14.38928124,R1111
12/1/2024 10:00,9.596457641,15.03642205,13.9190508,R1111
12/1/2024 10:30,9.652590111,14.82523412,13.82656619,R1111
12/1/2024 11:00,9.911356582,15.02934944,13.95090288,R1111
12/1/2024 11:30,10.04645129,15.07601254,13.86521775,R1111
12/1/2024 12:00,10.36302418,15.49641215,14.34005973,R1111
12/1/2024 12:30,10.84107723,15.95519707,14.72257467,R1111
12/1/2024 13:00,11.16786324,16.42105434,15.15512765,R1111
12/1/2024 13:30,11.44752323,16.77369739,15.61039461,R1111
12/1/2024 14:00,11.54531546,16.97028509,15.73871244,R1111
12/1/2024 14:30,11.35905971,16.76314894,15.53966371,R1111
12/1/2024 15:00,11.08547193,16.28316681,15.07772759,R1111
12/1/2024 15:30,10.34399672,15.2400744,13.95595289,R1111
12/1/2024 16:00,9.306921479,13.92280386,12.59711059,R1111
12/1/2024 16:30,7.946491041,11.93396413,10.7723597,R1111
12/1/2024 17:00,5.804382376,8.781152755,7.783458026,R1111
12/1/2024 17:30,3.91297535,5.775954788,5.17156404,R1111
12/1/2024 18:00,2.933498002,4.343853669,3.696000546,R1111
12/1/2024 18:30,3.171785635,4.560020179,3.999775415,R1111
12/1/2024 19:00,3.278749568,4.615786991,3.941602864,R1111
12/1/2024 19:30,3.301184379,4.641944498,3.92098738,R1111
12/1/2024 20:00,3.431399977,4.747537437,4.012337162,R1111
12/1/2024 20:30,3.33358985,4.707985307,4.076709712,R1111
12/1/2024 21:00,3.313942408,4.729806418,4.051667213,R1111
12/1/2024 21:30,3.41469019,4.807221267,4.102396347,R1111
12/1/2024 22:00,3.434667963,4.820951537,4.170460323,R1111
12/1/2024 22:30,3.339754895,4.758873792,4.033240874,R1111
12/1/2024 23:00,3.437624077,4.827153284,4.10199901,R1111
12/1/2024 23:30,3.50740105,4.83479834,4.217976319,R1111
12/2/2024 0:00,3.446883863,4.979341725,4.291882815,R1111
12/2/2024 0:30,3.553978623,4.977311086,4.205977141,R1111
12/2/2024 1:00,3.48886652,4.837709463,4.204134267,R1111
12/2/2024 1:30,3.553519988,4.890529429,4.287757359,R1111
12/2/2024 2:00,3.494385012,5.02790636,4.358912986,R1111
12/2/2024 2:30,3.732097054,5.028916721,4.460547982,R1111
12/2/2024 3:00,3.69524433,4.984966378,4.343406332,R1111
12/2/2024 3:30,3.737526426,5.074675691,4.476143162,R1111
12/2/2024 4:00,3.720037136,5.13120339,4.560945023,R1111
12/2/2024 4:30,3.652905696,5.015131807,4.387120006,R1111
12/2/2024 5:00,3.754028759,5.151188086,4.436962916,R1111
12/2/2024 5:30,3.913665176,5.202041837,4.496571387,R1111
12/2/2024 6:00,3.770145644,5.08508762,4.451289334,R1111
12/2/2024 6:30,3.709819297,5.284909977,4.687814825,R1111
12/2/2024 7:00,3.712485142,5.154141051,4.49551253,R1111
12/2/2024 7:30,3.981279686,5.502675193,4.83840143,R1111
12/2/2024 8:00,4.447565125,6.459151317,5.667090175,R1111
12/2/2024 8:30,8.775571371,13.85217437,12.6905872,R1111
12/2/2024 9:00,11.17555253,17.04992139,16.23646575,R1111
12/2/2024 9:30,11.03218594,16.52630254,15.70421567,R1111
12/2/2024 10:00,10.67600196,15.84921501,14.69377496,R1111
12/2/2024 10:30,10.65385336,15.59728176,14.50069536,R1111
12/2/2024 11:00,10.81824338,15.73504529,14.58094247,R1111
12/2/2024 11:30,10.87786868,15.87696445,14.6838807,R1111
12/2/2024 12:00,11.33057326,16.22036559,15.0206891,R1111
12/2/2024 12:30,11.6304963,16.62993553,15.50909392,R1111
12/2/2024 13:00,11.86375833,16.87427004,15.89502615,R1111
12/2/2024 13:30,12.00890849,17.09311298,16.03547455,R1111
12/2/2024 14:00,12.25675873,17.30590479,16.33822068,R1111
12/2/2024 14:30,12.23123308,17.28966882,16.36158633,R1111
12/2/2024 15:00,11.75157631,16.83842026,15.94773268,R1111
12/2/2024 15:30,11.2513098,16.01609207,15.16002257,R1111
12/2/2024 16:00,10.38414075,14.83223472,14.00527612,R1111
12/2/2024 16:30,8.856056307,12.7395832,11.82910485,R1111
12/2/2024 17:00,5.864884643,8.522219619,7.907528706,R1111
12/2/2024 17:30,4.421154543,5.925391476,5.343923316,R1111
12/2/2024 18:00,3.747343808,4.777629713,4.203094832,R1111
12/2/2024 18:30,3.803937605,5.217294309,4.524652564,R1111
12/2/2024 19:00,3.792024445,5.176043726,4.521398641,R1111
12/2/2024 19:30,3.803912987,5.181754858,4.469342358,R1111
12/2/2024 20:00,3.720712819,5.079663467,4.366632278,R1111
12/2/2024 20:30,3.845005099,5.250072661,4.604518726,R1111
12/2/2024 21:00,3.863038666,5.267479788,4.612396982,R1111
12/2/2024 21:30,3.847883566,5.205088156,4.626503181,R1111
12/2/2024 22:00,3.948963134,5.419828743,4.778536386,R1111
12/2/2024 22:30,3.901526703,5.352916784,4.759596184,R1111
12/2/2024 23:00,3.857712018,5.307542115,4.687841295,R1111
12/2/2024 23:30,3.929276155,5.422404685,4.707123646,R1111
12/3/2024 0:00,3.838593614,5.28888393,4.616274972,R1111
12/3/2024 0:30,2.90537331,3.733967684,3.455834583,R1111
12/3/2024 1:00,2.546719714,3.199462549,3.086523271,R1111
12/3/2024 1:30,2.374664625,2.867548859,2.8711973,R1111
12/3/2024 2:00,2.074200556,2.488072353,2.512849939,R1111
12/3/2024 2:30,2.148016302,2.501910342,2.496265883,R1111
12/3/2024 3:00,2.01494888,2.298459133,2.338508121,R1111
12/3/2024 3:30,2.459223106,2.521907088,2.565828675,R1111
12/3/2024 4:00,2.946128012,3.206188481,3.125929719,R1111
12/3/2024 4:30,2.987131131,3.660361368,3.528254233,R1111
12/3/2024 5:00,3.265942734,3.901798331,3.60907516,R1111
12/3/2024 5:30,3.226934738,3.941794646,3.688362392,R1111
12/3/2024 6:00,3.33638771,4.14384279,3.83569174,R1111
12/3/2024 6:30,3.627749516,4.466616172,4.104087048,R1111
12/3/2024 7:00,3.447202228,4.259660348,3.895513111,R1111
12/3/2024 7:30,3.504000825,4.364698343,4.005763858,R1111
12/3/2024 8:00,4.667078526,6.25623556,5.758330613,R1111
12/3/2024 8:30,8.190938218,12.08458157,11.15611088,R1111
12/3/2024 9:00,9.577988489,14.76938104,13.72727659,R1111
12/3/2024 9:30,9.924001495,15.06068486,14.16589488,R1111
12/3/2024 10:00,9.851298973,14.84185461,13.90215275,R1111
12/3/2024 10:30,9.890081875,14.90621197,13.70767064,R1111
12/3/2024 11:00,10.13415597,14.87260322,13.55866561,R1111
12/3/2024 11:30,10.27156149,15.14534653,13.79363053,R1111
12/3/2024 12:00,10.4422344,15.44535597,14.03722683,R1111
12/3/2024 12:30,10.87040141,15.95080589,14.64911159,R1111
12/3/2024 13:00,11.16695984,16.4821373,15.14415954,R1111
12/3/2024 13:30,11.73264904,17.31973573,15.97652884,R1111
12/3/2024 14:00,11.89577118,17.57824356,16.17626874,R1111
12/3/2024 14:30,11.80353196,17.5262141,16.16466616,R1111
12/3/2024 15:00,11.10186248,16.78045092,15.43674829,R1111
12/3/2024 15:30,10.40779446,15.74463046,14.36359685,R1111
12/3/2024 16:00,8.973341561,13.6926642,12.24403378,R1111
12/3/2024 16:30,7.453260966,11.57953482,10.29062616,R1111
12/3/2024 17:00,4.531530555,7.268163714,6.4165695,R1111
12/3/2024 17:30,3.543082868,4.994858942,4.303534027,R1111
12/3/2024 18:00,2.998959958,4.034513077,3.419325524,R1111
12/3/2024 18:30,3.07581321,4.364402385,3.640722436,R1111
12/3/2024 19:00,3.255284527,4.630307678,3.843846249,R1111
12/3/2024 19:30,3.316266617,4.725205155,3.969695086,R1111
12/3/2024 20:00,3.208899469,4.545236986,3.899438672,R1111
12/3/2024 20:30,3.344457196,4.693341299,4.023920112,R1111
12/3/2024 21:00,3.241892449,4.726569302,4.090131936,R1111
12/3/2024 21:30,3.408207304,4.824863465,4.068294354,R1111
12/3/2024 22:00,3.430099199,4.907978224,4.258540189,R1111
12/3/2024 22:30,3.372901054,4.826919829,4.251315511,R1111
12/3/2024 23:00,3.348003556,4.803550778,4.319541457,R1111
12/3/2024 23:30,3.376913801,4.62293112,4.121905338,R1111
12/4/2024 0:00,3.471573438,4.882071544,4.270805516,R1111
12/4/2024 0:30,3.511163175,4.955614514,4.409831662,R1111
12/4/2024 1:00,3.399274145,4.821553776,4.176531157,R1111
12/4/2024 1:30,3.382051167,4.770424212,4.256978802,R1111
12/4/2024 2:00,3.575141162,4.98286906,4.383588975,R1111
12/4/2024 2:30,3.41345467,4.926324113,4.352270473,R1111
12/4/2024 3:00,3.623491122,5.092980079,4.42788972,R1111
12/4/2024 3:30,3.639261249,4.988818606,4.359219551,R1111
12/4/2024 4:00,3.745464434,5.081739799,4.566156978,R1111
12/4/2024 4:30,3.668432895,5.039630555,4.425668447,R1111
12/4/2024 5:00,3.768911873,5.167378756,4.558589747,R1111
12/4/2024 5:30,3.646241098,5.035428446,4.402033759,R1111
12/4/2024 6:00,3.832903667,5.306516446,4.589335756,R1111
12/4/2024 6:30,3.767527668,5.024245649,4.411674136,R1111
12/4/2024 7:00,3.937875591,5.283308904,4.578322406,R1111
12/4/2024 7:30,3.666466494,5.019199722,4.46399682,R1111
12/4/2024 8:00,6.066431414,8.912649197,7.89817765,R1111
12/4/2024 8:30,10.72154246,16.10233857,14.71628048,R1111
12/4/2024 9:00,11.56217103,17.54328997,16.47370156,R1111
12/4/2024 9:30,10.99589212,17.04355507,16.15767225,R1111
12/4/2024 10:00,10.91942698,16.67024895,15.55950643,R1111
12/4/2024 10:30,10.83281399,16.32112425,15.2263259,R1111
12/4/2024 11:00,10.93550093,16.43411557,15.22609912,R1111
12/4/2024 11:30,11.09938563,16.58164464,15.49754444,R1111
12/4/2024 12:00,11.63631478,17.12420161,16.1077797,R1111
12/4/2024 12:30,11.5311048,17.1206805,16.05828777,R1111
12/4/2024 13:00,12.1755452,17.67210913,16.55957396,R1111
12/4/2024 13:30,12.30215741,18.02762081,16.77781918,R1111
12/4/2024 14:00,12.64170111,18.37143602,17.1689669,R1111
12/4/2024 14:30,12.54748365,18.3740576,17.32080603,R1111
12/4/2024 15:00,12.32688342,17.71018023,16.87116985,R1111
12/4/2024 15:30,11.27838026,16.90088292,15.77394427,R1111
12/4/2024 16:00,10.31156724,15.41069531,14.21077591,R1111
12/4/2024 16:30,8.858057062,13.50278275,12.38508082,R1111
12/4/2024 17:00,6.275574347,9.584305534,8.706867075,R1111
12/4/2024 17:30,4.413198512,6.607137501,5.894770771,R1111
12/4/2024 18:00,3.570498113,5.077277258,4.496249085,R1111
12/4/2024 18:30,3.522146058,4.66041597,3.96129098,R1111
12/4/2024 19:00,3.505741388,4.519861039,3.993400394,R1111
12/4/2024 19:30,3.364302197,4.704271263,4.058738125,R1111
12/4/2024 20:00,3.504216084,4.910030512,4.273293721,R1111
12/4/2024 20:30,3.563947472,4.770736212,4.149022943,R1111
12/4/2024 21:00,3.575556095,4.937314161,4.297901598,R1111
12/4/2024 21:30,3.656481634,4.981959278,4.354270486,R1111
12/4/2024 22:00,3.639566305,4.917559348,4.355853272,R1111
12/4/2024 22:30,3.551281688,4.986710812,4.390090189,R1111
12/4/2024 23:00,3.673930134,5.084858147,4.507048712,R1111
12/4/2024 23:30,3.643487344,5.135502813,4.538881663,R1111
12/5/2024 0:00,3.676639281,4.958553313,4.394762798,R1111
12/5/2024 0:30,2.832004311,3.728648399,3.504920344,R1111
12/5/2024 1:00,2.54969105,3.177230684,3.146577249,R1111
12/5/2024 1:30,2.055624282,2.747226877,2.652152429,R1111
12/5/2024 2:00,1.96978131,2.477702294,2.583031151,R1111
12/5/2024 2:30,2.016928507,2.342828554,2.430352884,R1111
12/5/2024 3:00,1.956074264,2.308796019,2.429428365,R1111
12/5/2024 3:30,2.011523471,2.643402193,2.615913606,R1111
12/5/2024 4:00,2.423414387,2.951274765,2.962017622,R1111
12/5/2024 4:30,2.232542614,3.42410232,3.348700708,R1111
12/5/2024 5:00,2.410935837,3.596636919,3.510113049,R1111
12/5/2024 5:30,2.518589023,3.797186366,3.537488357,R1111
12/5/2024 6:00,2.746695329,3.887924351,3.757167873,R1111
12/5/2024 6:30,3.065300045,3.797245184,3.560617835,R1111
12/5/2024 7:00,3.370546148,3.891421019,3.647546571,R1111
12/5/2024 7:30,3.383860696,3.90112625,3.705038231,R1111
12/5/2024 8:00,4.789450085,6.379887439,6.008114593,R1111
12/5/2024 8:30,8.309039516,12.05623383,11.18804586,R1111
12/5/2024 9:00,9.65135762,14.0237722,13.2561884,R1111
12/5/2024 9:30,9.784983823,14.3280527,13.66460676,R1111
12/5/2024 10:00,9.712084531,14.27735503,13.52492885,R1111
12/5/2024 10:30,9.721703334,14.29207347,13.46122442,R1111
12/5/2024 11:00,9.829692075,14.35177436,13.59664805,R1111
12/5/2024 11:30,10.25274832,14.92016753,13.96251074,R1111
12/5/2024 12:00,10.57566234,15.18730459,14.24952036,R1111
12/5/2024 12:30,10.91669476,15.65604213,14.71275824,R1111
12/5/2024 13:00,11.37013791,16.27459284,15.44834575,R1111
12/5/2024 13:30,11.52260453,16.59668642,15.81957366,R1111
12/5/2024 14:00,11.67679134,16.46589586,15.73460574,R1111
12/5/2024 14:30,11.41878133,16.55899043,15.40511823,R1111
12/5/2024 15:00,10.66964445,15.54415476,14.39844912,R1111
12/5/2024 15:30,9.815077429,14.61673836,13.47742923,R1111
12/5/2024 16:00,8.570597246,12.81071032,11.75347278,R1111
12/5/2024 16:30,7.340840164,11.31269176,10.09256518,R1111
12/5/2024 17:00,5.416308567,8.385067949,7.40790373,R1111
12/5/2024 17:30,3.790221875,5.812492883,5.119001115,R1111
12/5/2024 18:00,2.919096046,4.265738604,3.577433825,R1111
12/5/2024 18:30,3.113438069,4.277069947,3.669179479,R1111
12/5/2024 19:00,3.092691285,4.20116796,3.524335857,R1111
12/5/2024 19:30,3.098485759,4.105523484,3.462895325,R1111
12/5/2024 20:00,2.970713289,3.920021552,3.249462837,R1111
12/5/2024 20:30,3.068882692,4.08913499,3.389800681,R1111
12/5/2024 21:00,3.040783835,4.092843224,3.464105234,R1111
12/5/2024 21:30,2.984586633,4.173548139,3.492855047,R1111
12/5/2024 22:00,3.131505866,4.433813232,3.821543733,R1111
12/5/2024 22:30,3.248546742,4.461656962,3.611654338,R1111
12/5/2024 23:00,3.347059386,4.503720038,3.826101172,R1111
12/5/2024 23:30,3.30245232,4.626488887,3.933549076,R1111
12/6/2024 0:00,3.352939704,4.600255614,3.877382283,R1111
12/6/2024 0:30,3.420236991,4.710465072,4.078380897,R1111
12/6/2024 1:00,3.33097772,4.556973333,3.969348524,R1111
12/6/2024 1:30,3.358673501,4.545355219,3.990515393,R1111
12/6/2024 2:00,3.446004026,4.803804478,4.192344157,R1111
12/6/2024 2:30,3.559545624,4.929250519,4.219804235,R1111
12/6/2024 3:00,3.560900468,4.85180867,4.164507634,R1111
12/6/2024 3:30,3.340475577,4.760004689,4.009480388,R1111
12/6/2024 4:00,3.434545635,4.849626216,4.075004686,R1111
12/6/2024 4:30,3.542763398,4.848765999,4.128655437,R1111
12/6/2024 5:00,3.445551651,4.958242368,4.256054225,R1111
12/6/2024 5:30,3.738467571,5.100147761,4.341089042,R1111
12/6/2024 6:00,3.630810615,5.151119875,4.401324157,R1111
12/6/2024 6:30,4.155211272,5.333543046,4.449183753,R1111
12/6/2024 7:00,3.647120843,4.939107866,4.267474752,R1111
12/6/2024 7:30,3.63043575,4.786364445,4.182062142,R1111
12/6/2024 8:00,4.617060385,6.360892457,5.517026297,R1111
12/6/2024 8:30,9.440671262,13.95074901,12.58594401,R1111
12/6/2024 9:00,11.47756785,17.27795329,16.09621491,R1111
12/6/2024 9:30,11.48559474,17.18471283,16.22799253,R1111
12/6/2024 10:00,11.25158377,16.70232388,15.6030938,R1111
12/6/2024 10:30,11.21470107,16.39069536,15.21378588,R1111
12/6/2024 11:00,11.47268691,16.57068757,15.27672249,R1111
12/6/2024 11:30,11.63937061,16.61493653,15.2022817,R1111
12/6/2024 12:00,11.7380942,16.76206992,15.35739947,R1111
12/6/2024 12:30,12.03722973,17.15811164,15.78272476,R1111
12/6/2024 13:00,12.52829293,17.60959867,16.33325776,R1111
12/6/2024 13:30,13.15382174,18.24277894,16.95026466,R1111
12/6/2024 14:00,12.65074849,18.2364907,17.08593415,R1111
12/6/2024 14:30,12.35632288,17.79753684,16.71330545,R1111
12/6/2024 15:00,11.86580886,17.0536117,15.93758078,R1111
12/6/2024 15:30,11.18478639,16.13013643,14.65165983,R1111
12/6/2024 16:00,9.973456758,14.42067646,13.1185557,R1111
12/6/2024 16:30,8.094205356,11.96959756,10.62759715,R1111
12/6/2024 17:00,5.562760584,8.322494815,7.257492247,R1111
12/6/2024 17:30,4.023217373,5.865171234,4.974353742,R1111
12/6/2024 18:00,3.215950692,4.447057997,3.812631646,R1111
12/6/2024 18:30,3.438729436,4.615976752,4.086508082,R1111
12/6/2024 19:00,3.515118211,4.874437429,4.200124743,R1111
12/6/2024 19:30,3.591395624,4.877498357,4.278361514,R1111
12/6/2024 20:00,3.736826962,4.872194397,4.242039374,R1111
12/6/2024 20:30,3.752629709,4.929225826,4.20618597,R1111
12/6/2024 21:00,3.844761563,5.085854038,4.450438359,R1111
12/6/2024 21:30,3.615699443,4.876421593,4.301586637,R1111
12/6/2024 22:00,3.902952655,5.147002992,4.583614735,R1111
12/6/2024 22:30,3.626276152,4.937043887,4.37482763,R1111
12/6/2024 23:00,3.894924367,5.180349844,4.586416304,R1111
12/6/2024 23:30,3.749708973,5.000976657,4.474413895,R1111
12/7/2024 0:00,3.914621567,5.20615084,4.616003585,R1111
12/7/2024 0:30,3.738331892,5.181442978,4.564319416,R1111
12/7/2024 1:00,3.965593411,5.239697224,4.718458122,R1111
12/7/2024 1:30,4.02057379,5.239471546,4.773261342,R1111
12/7/2024 2:00,3.904997955,5.13230161,4.484195702,R1111
12/7/2024 2:30,4.036894336,5.437281543,4.866062325,R1111
12/7/2024 3:00,3.921895464,5.207984939,4.764175633,R1111
12/7/2024 3:30,3.94803239,5.375802373,4.703337512,R1111
12/7/2024 4:00,3.972483171,5.214183173,4.653419667,R1111
12/7/2024 4:30,4.229312227,5.412752656,4.93277801,R1111
12/7/2024 5:00,3.953759775,5.298925312,4.753279495,R1111
12/7/2024 5:30,4.179158162,5.512500347,4.827653438,R1111
12/7/2024 6:00,3.794572623,5.30723347,4.712003928,R1111
12/7/2024 6:30,4.074897193,5.581090857,4.965190894,R1111
12/7/2024 7:00,4.257419552,5.589590429,5.029283789,R1111
12/7/2024 7:30,3.840315565,5.310540041,4.767848929,R1111
12/7/2024 8:00,5.612108633,8.224332145,7.433627179,R1111
12/7/2024 8:30,10.15559561,15.19897234,14.06748915,R1111
12/7/2024 9:00,11.63890555,17.44575433,16.61096779,R1111
12/7/2024 9:30,11.68416028,17.45569502,16.56258184,R1111
12/7/2024 10:00,11.39249761,16.79354769,15.9415736,R1111
12/7/2024 10:30,11.37761503,16.50117726,15.63586864,R1111
12/7/2024 11:00,11.50109055,16.72373093,15.7544165,R1111
12/7/2024 11:30,11.55286375,16.63043052,15.52521048,R1111
12/7/2024 12:00,11.80753159,16.95084449,15.9623448,R1111
12/7/2024 12:30,12.18805384,17.30290039,16.46385259,R1111
12/7/2024 13:00,12.67858361,17.97135588,17.28242653,R1111
12/7/2024 13:30,12.8987451,18.11009464,17.45544779,R1111
12/7/2024 14:00,13.20070762,18.46909373,17.68957279,R1111
12/7/2024 14:30,13.01809235,18.29870401,17.53580532,R1111
12/7/2024 15:00,12.76877872,17.8613018,16.88889901,R1111
12/7/2024 15:30,11.7754704,16.58325702,15.6211345,R1111
12/7/2024 16:00,10.55596476,15.02546595,13.97893131,R1111
12/7/2024 16:30,8.838457361,12.6272475,11.57463869,R1111
12/7/2024 17:00,6.219263637,8.799946342,8.029371531,R1111
12/7/2024 17:30,4.433359061,6.040238532,5.573254165,R1111
12/7/2024 18:00,3.777601086,4.724846819,4.400692605,R1111
12/7/2024 18:30,3.806553075,4.728827449,4.363488354,R1111
12/7/2024 19:00,3.732547969,4.725821296,4.314483178,R1111
12/7/2024 19:30,3.846802696,4.816775088,4.388941151,R1111
12/7/2024 20:00,3.756731959,4.841741926,4.531680169,R1111
12/7/2024 20:30,3.777768377,4.973015312,4.544101861,R1111
12/7/2024 21:00,3.919069653,5.146911944,4.715699107,R1111
12/7/2024 21:30,4.222063085,5.315588145,4.698843265,R1111
12/7/2024 22:00,4.049622765,5.305931217,4.677770617,R1111
12/7/2024 22:30,3.93612638,5.305373768,4.738875862,R1111
12/7/2024 23:00,4.0315332,5.459359877,4.948915212,R1111
12/7/2024 23:30,4.084829625,5.260726334,4.781442455,R1111
12/8/2024 0:00,4.216742601,5.501298177,4.919851755,R1111
12/8/2024 0:30,3.04980669,4.290733225,3.780865929,R1111
12/8/2024 1:00,2.713037927,3.64998098,3.41149855,R1111
12/8/2024 1:30,2.261846676,3.033551509,2.901925966,R1111
12/8/2024 2:00,1.808079246,2.302671231,2.342412743,R1111
12/8/2024 2:30,1.875448698,2.428171284,2.287856848,R1111
12/8/2024 3:00,2.00082425,2.255960106,2.264766729,R1111
12/8/2024 3:30,2.214840287,2.626297946,2.614747305,R1111
12/8/2024 4:00,2.54758492,3.213153263,3.128779217,R1111
12/8/2024 4:30,3.13161876,3.869653661,3.71043495,R1111
12/8/2024 5:00,3.092960677,4.190533748,3.972414667,R1111
12/8/2024 5:30,3.059711582,4.242037753,3.924667469,R1111
12/8/2024 6:00,2.833894541,4.381692941,4.024550296,R1111
12/8/2024 6:30,2.733175177,4.503175568,4.231843472,R1111
12/8/2024 7:00,2.876013103,4.767928267,4.364638991,R1111
12/8/2024 7:30,2.749661498,4.695435621,4.288013695,R1111
12/8/2024 8:00,4.833256078,8.131241414,7.466096157,R1111
12/8/2024 8:30,8.406982974,13.09419394,12.03835509,R1111
12/8/2024 9:00,9.074524114,13.79382659,12.54167957,R1111
12/8/2024 9:30,8.676522611,13.21503312,12.08597289,R1111
12/8/2024 10:00,8.534976506,12.8433916,11.74626035,R1111
12/8/2024 10:30,8.765366587,13.02415158,11.8159926,R1111
12/8/2024 11:00,9.015265144,13.54560947,12.47206604,R1111
12/8/2024 11:30,9.457157548,14.27425549,13.16557665,R1111
12/8/2024 12:00,10.04289589,14.94980287,13.73541486,R1111
12/8/2024 12:30,10.53941704,15.57220579,14.4655896,R1111
12/8/2024 13:00,10.57447674,15.86069008,14.88905944,R1111
12/8/2024 13:30,10.85710966,16.13657938,14.94508229,R1111
12/8/2024 14:00,10.846171,16.16591884,15.23956819,R1111
12/8/2024 14:30,10.66635134,15.92317515,14.90454092,R1111
12/8/2024 15:00,10.13913115,15.1945456,14.07881118,R1111
12/8/2024 15:30,9.278011243,13.99089722,12.85043973,R1111
12/8/2024 16:00,7.888083071,11.9414867,10.81126768,R1111
12/8/2024 16:30,6.073874858,9.221595966,8.285145147,R1111
12/8/2024 17:00,4.372849051,6.638874129,5.973860206,R1111
12/8/2024 17:30,3.443477795,5.174789631,4.680939075,R1111
12/8/2024 18:00,2.966337761,4.304436202,3.79642133,R1111
12/8/2024 18:30,2.957729984,4.332001675,3.930146406,R1111
12/8/2024 19:00,3.108187732,4.656256116,4.067101925,R1111
12/8/2024 19:30,3.119475414,4.532515504,4.171670855,R1111
12/8/2024 20:00,3.184115182,4.584760722,4.16905822,R1111
12/8/2024 20:30,3.184085659,4.672740018,4.430853245,R1111
12/8/2024 21:00,3.315899748,4.832394235,4.412204238,R1111
12/8/2024 21:30,3.30174054,4.670587314,4.277238797,R1111
12/8/2024 22:00,3.406859843,4.822553238,4.498595461,R1111
12/8/2024 22:30,3.366768827,4.80306247,4.485678211,R1111
12/8/2024 23:00,3.375219095,4.818082412,4.491633,R1111
12/8/2024 23:30,3.435451631,4.801039752,4.438437041,R1111
12/9/2024 0:00,3.354232041,4.821011192,4.42711832,R1111
12/9/2024 0:30,3.348589034,4.777851452,4.353409089,R1111
12/9/2024 1:00,3.320670993,4.685850609,4.288254386,R1111
12/9/2024 1:30,3.352755988,4.675480042,4.334839303,R1111
12/9/2024 2:00,3.534219962,4.840042698,4.608805977,R1111
12/9/2024 2:30,3.564309327,4.861541145,4.563305402,R1111
12/9/2024 3:00,3.482722603,4.979952008,4.510982694,R1111
12/9/2024 3:30,3.32077293,4.733492106,4.434121841,R1111
12/9/2024 4:00,3.568275661,4.913731385,4.66077253,R1111
12/9/2024 4:30,3.465420168,4.894953264,4.615306295,R1111
12/9/2024 5:00,3.594011392,5.069468937,4.715907256,R1111
12/9/2024 5:30,3.537356035,5.003976199,4.675838691,R1111
12/9/2024 6:00,3.856214811,5.454130952,5.05749058,R1111
12/9/2024 6:30,3.361506062,4.814978186,4.522340837,R1111
12/9/2024 7:00,3.453768648,4.905835827,4.597647733,R1111
12/9/2024 7:30,3.548183566,5.155594428,4.796873992,R1111
12/9/2024 8:00,6.057243157,9.106686171,8.55233873,R1111
12/9/2024 8:30,10.71047207,15.15990275,14.29951774,R1111
12/9/2024 9:00,10.63220521,15.03706289,14.01378434,R1111
12/9/2024 9:30,10.06475632,14.26036554,13.31136556,R1111
12/9/2024 10:00,9.914562676,13.96766141,12.9600305,R1111
12/9/2024 10:30,10.04963602,14.26579823,13.34565141,R1111
12/9/2024 11:00,10.48608793,15.05971042,14.08145093,R1111
12/9/2024 11:30,11.03937229,15.88430551,14.96172609,R1111
12/9/2024 12:00,11.54464146,16.45477498,15.60303207,R1111
12/9/2024 12:30,12.04428688,17.10180621,16.47474676,R1111
12/9/2024 13:00,12.22204742,17.45260118,16.947358,R1111
12/9/2024 13:30,12.26875543,17.5288322,17.08043947,R1111
12/9/2024 14:00,12.43129042,17.94419043,17.49727495,R1111
12/9/2024 14:30,12.33177151,17.70725294,17.15648754,R1111
12/9/2024 15:00,11.95419247,17.28755047,16.75269827,R1111
12/9/2024 15:30,10.89493372,15.72778304,15.05058141,R1111
12/9/2024 16:00,9.523185968,13.93772633,12.91667559,R1111
12/9/2024 16:30,7.700710123,11.10613622,10.14562076,R1111
12/9/2024 17:00,5.715707854,8.271609538,7.481762428,R1111
12/9/2024 17:30,4.334044087,6.373933001,5.846295852,R1111
12/9/2024 18:00,3.731571897,5.336022208,4.92463509,R1111
12/9/2024 18:30,3.798023402,5.513775552,5.041709957,R1111
12/9/2024 19:00,3.672927279,5.426208177,5.023730967,R1111
12/9/2024 19:30,3.713490338,5.34195052,4.975938327,R1111
12/9/2024 20:00,3.471470336,5.191093758,4.836707245,R1111
12/9/2024 20:30,3.67006939,5.304422003,4.909770714,R1111
12/9/2024 21:00,3.636808669,5.318549764,4.816442055,R1111
12/9/2024 21:30,3.699040992,5.23686229,4.989997882,R1111
12/9/2024 22:00,3.798230819,5.510701221,5.188103823,R1111
12/9/2024 22:30,3.835223236,5.46978996,5.117449923,R1111
12/9/2024 23:00,4.045556612,5.747731371,5.45428256,R1111
12/9/2024 23:30,4.013006561,5.714923095,5.492237571,R1111
12/10/2024 0:00,4.007151505,5.742028316,5.435104156,R1111
12/10/2024 0:30,2.643183615,3.923867799,3.774125983,R1111
12/10/2024 1:00,1.957534248,3.062652271,3.071943141,R1111
12/10/2024 1:30,1.504102278,2.456171786,2.452570929,R1111
12/10/2024 2:00,1.68751932,2.530249396,2.589654392,R1111
12/10/2024 2:30,1.654780631,2.15376247,2.147745118,R1111
12/10/2024 3:00,1.622322556,2.323640508,2.398985958,R1111
12/10/2024 3:30,2.222204907,3.316310885,3.278008776,R1111
12/10/2024 4:00,2.992048205,3.848234454,3.652395694,R1111
12/10/2024 4:30,2.794988908,4.058131676,3.803809541,R1111
12/10/2024 5:00,2.856135535,4.449783717,4.186937949,R1111
12/10/2024 5:30,2.810258655,4.682981143,4.471990579,R1111
12/10/2024 6:00,2.53559899,5.059772608,4.750374541,R1111
12/10/2024 6:30,2.451585294,5.044196816,4.649964746,R1111
12/10/2024 7:00,2.494034747,4.925935593,4.612398585,R1111
12/10/2024 7:30,2.528926008,5.035652539,4.677017707,R1111
12/10/2024 8:00,4.820329254,8.793217254,8.126515834,R1111
12/10/2024 8:30,9.897417885,15.12121698,14.45804138,R1111
12/10/2024 9:00,9.88996836,14.6875648,13.4696114,R1111
12/10/2024 9:30,9.290908336,14.20237473,13.12308878,R1111
12/10/2024 10:00,9.327905866,14.23447383,13.11682777,R1111
12/10/2024 10:30,9.921030453,15.13597517,14.16690132,R1111
12/10/2024 11:00,10.7631258,16.34420655,15.36043632,R1111
12/10/2024 11:30,11.27416078,17.35615424,16.5506387,R1111
12/10/2024 12:00,11.73787197,17.73587784,17.14456713,R1111
12/10/2024 12:30,11.88493131,18.14016008,17.73217206,R1111
12/10/2024 13:00,11.95496393,18.16369616,17.80559016,R1111
12/10/2024 13:30,12.12754381,18.44994778,17.67196473,R1111
12/10/2024 14:00,12.13481758,18.5163207,18.11487336,R1111
12/10/2024 14:30,11.98294352,18.22191741,17.74198324,R1111
12/10/2024 15:00,11.10431157,17.01949823,16.31327454,R1111
12/10/2024 15:30,10.00912439,15.38336483,14.73955408,R1111
12/10/2024 16:00,8.419750912,13.08656694,12.28062854,R1111
12/10/2024 16:30,6.613228822,10.38763721,9.640332881,R1111
12/10/2024 17:00,4.85775498,7.792612983,7.183121128,R1111
12/10/2024 17:30,3.784701993,5.946604769,5.587102339,R1111
12/10/2024 18:00,2.919468789,4.490043593,4.267444975,R1111
12/10/2024 18:30,3.491073787,5.382165554,4.960594421,R1111
12/10/2024 19:00,3.467077298,5.400395253,5.26855979,R1111
12/10/2024 19:30,3.475356749,5.494213144,5.258019088,R1111
12/10/2024 20:00,3.702801686,5.76467616,5.659245489,R1111
12/10/2024 20:30,3.550575035,5.555477831,5.309664219,R1111
12/10/2024 21:00,3.673187124,5.718632278,5.525276781,R1111
12/10/2024 21:30,3.6726174,5.867152177,5.560157063,R1111
12/10/2024 22:00,3.63657731,5.764583101,5.489675214,R1111
12/10/2024 22:30,3.996889164,6.194759352,5.860282051,R1111
12/10/2024 23:00,3.769523731,5.886869018,5.539127949,R1111
12/10/2024 23:30,3.832591876,5.972049682,5.77033503,R1111
12/11/2024 0:00,3.770220376,5.82196841,5.451601851,R1111
12/11/2024 0:30,3.762962317,5.865395737,5.574957944,R1111
12/11/2024 1:00,3.791678008,5.884443664,5.671918342,R1111
12/11/2024 1:30,3.698989342,5.765281314,5.367816969,R1111
12/11/2024 2:00,3.895691377,6.122736529,5.801935488,R1111
12/11/2024 2:30,4.016582704,6.097043663,5.78256852,R1111
12/11/2024 3:00,3.882971469,5.962526672,5.546017627,R1111
12/11/2024 3:30,4.055839684,6.040392631,5.589397617,R1111
12/11/2024 4:00,4.076089997,6.300056212,5.941636109,R1111
12/11/2024 4:30,4.094597959,6.244912603,5.936026273,R1111
12/11/2024 5:00,4.076795373,6.232383625,5.908079694,R1111
12/11/2024 5:30,4.122966913,6.293059814,6.001711749,R1111
12/11/2024 6:00,4.238598883,6.456882838,6.082789293,R1111
12/11/2024 6:30,4.459413851,6.385000653,6.028068667,R1111
12/11/2024 7:00,4.10291998,6.201128508,5.763413214,R1111
12/11/2024 7:30,4.182438592,6.106022081,5.667328874,R1111
12/11/2024 8:00,7.221775419,10.93093865,10.28849693,R1111
12/11/2024 8:30,10.51510592,14.90396037,14.40206116,R1111
12/11/2024 9:00,9.045443802,13.26584169,12.4008281,R1111
12/11/2024 9:30,8.843034408,13.39955553,12.48707378,R1111
12/11/2024 10:00,9.41350882,14.1394171,13.20500567,R1111
12/11/2024 10:30,10.34059382,15.67745825,14.85972359,R1111
12/11/2024 11:00,11.49817451,17.06017757,16.44610146,R1111
12/11/2024 11:30,12.04928179,17.95150564,17.69491921,R1111
12/11/2024 12:00,12.07720553,18.18529251,17.99511516,R1111
12/11/2024 12:30,12.18634997,18.23444005,17.92104667,R1111
12/11/2024 13:00,12.34544272,18.61708246,18.43946246,R1111
12/11/2024 13:30,12.46568447,18.78528999,18.52484094,R1111
12/11/2024 14:00,12.41396565,18.57387814,18.44459041,R1111
12/11/2024 14:30,12.24494148,18.45369426,18.13108576,R1111
12/11/2024 15:00,11.57124667,17.59321875,17.14869501,R1111
12/11/2024 15:30,10.71599583,16.25672141,15.56463621,R1111
12/11/2024 16:00,12.2779941,18.54483667,17.82685802,R1111
12/11/2024 16:30,10.1722284,15.65366331,15.58720889,R1111
12/11/2024 17:00,6.696788297,10.39089906,10.34189109,R1111
12/11/2024 17:30,4.495907314,6.813437563,6.769776774,R1111
12/11/2024 18:00,3.189115661,4.759529358,4.745669065,R1111
12/11/2024 18:30,3.686746759,5.79958497,5.583320044,R1111
12/11/2024 19:00,3.945282757,5.959549192,5.773097663,R1111
12/11/2024 19:30,3.920913516,5.800482157,5.701038672,R1111
12/11/2024 20:00,4.079023311,6.320245961,6.00706847,R1111
12/11/2024 20:30,4.069800384,6.172981217,5.970003016,R1111
12/11/2024 21:00,4.161394425,6.393278956,6.173158716,R1111
12/11/2024 21:30,4.051356641,6.099852926,5.812705859,R1111
12/11/2024 22:00,4.205810774,6.454777932,6.18990031,R1111
12/11/2024 22:30,4.133693083,6.409650696,6.10459967,R1111
12/11/2024 23:00,4.078383212,6.367898206,5.951597588,R1111
12/11/2024 23:30,4.281785592,6.439074879,6.00709244,R1111
12/12/2024 0:00,4.628056185,7.085645788,6.653592412,R1111
12/12/2024 0:30,2.777796532,4.572381463,4.494499535,R1111
12/12/2024 1:00,2.174755412,3.570666769,3.652256378,R1111
12/12/2024 1:30,1.832994341,2.89190782,2.925208945,R1111
12/12/2024 2:00,1.898447998,3.030799231,3.113823212,R1111
12/12/2024 2:30,1.662580433,2.402965434,2.477585036,R1111
12/12/2024 3:00,1.878868411,2.9860944,3.211490186,R1111
12/12/2024 3:30,2.311064803,3.691653036,3.78699974,R1111
12/12/2024 4:00,2.526907276,4.651185356,4.71193843,R1111
12/12/2024 4:30,2.804919056,5.254536872,5.142144557,R1111
12/12/2024 5:00,3.004194952,5.511681273,5.515176517,R1111
12/12/2024 5:30,2.958854174,5.448119015,5.287343151,R1111
12/12/2024 6:00,3.378462644,5.587526587,5.440069243,R1111
12/12/2024 6:30,3.656935608,5.898162769,5.644032854,R1111
12/12/2024 7:00,3.739653092,5.832488946,5.576431012,R1111
12/12/2024 7:30,3.662583499,5.785023034,5.487891658,R1111
12/12/2024 8:00,3.624446765,5.686000578,5.351516443,R1111
12/12/2024 8:30,3.692420995,5.909707096,5.530749328,R1111
12/12/2024 9:00,4.35606624,7.039128786,6.574828947,R1111
12/12/2024 9:30,5.469990486,8.982122128,8.392513462,R1111
12/12/2024 10:00,7.531433573,12.10484309,11.37688078,R1111
12/12/2024 10:30,8.657039193,13.68173933,12.91213295,R1111
12/12/2024 11:00,8.625917729,13.82672978,13.21049544,R1111
12/12/2024 11:30,9.278414189,14.66436796,14.08992946,R1111
12/12/2024 12:00,9.673967568,15.67397701,15.17225921,R1111
12/12/2024 12:30,9.984642669,16.14475709,15.81724658,R1111
12/12/2024 13:00,10.34156324,16.62200926,16.40307074,R1111
12/12/2024 13:30,10.43430682,16.86236078,16.7621592,R1111
12/12/2024 14:00,10.55698174,17.37676081,17.02667947,R1111
12/12/2024 14:30,10.20376525,16.44534292,16.76477593,R1111
12/12/2024 15:00,10.19196622,16.35102643,16.09677021,R1111
12/12/2024 15:30,9.335104319,15.08344799,14.66463326,R1111
12/12/2024 16:00,10.94650042,17.01453275,16.18813232,R1111
12/12/2024 16:30,9.87232595,15.9246525,15.59594154,R1111
12/12/2024 17:00,5.586317719,9.136966182,8.606361265,R1111
12/12/2024 17:30,4.053357738,6.790558947,6.342206113,R1111
12/12/2024 18:00,3.090385474,5.365217011,4.982674272,R1111
12/12/2024 18:30,3.085721387,5.50183642,5.131069689,R1111
12/12/2024 19:00,3.222972208,5.545878714,5.302862432,R1111
12/12/2024 19:30,3.273632917,5.449718992,5.05347074,R1111
12/12/2024 20:00,3.292832476,5.360821722,5.02885653,R1111
12/12/2024 20:30,3.307848213,5.353879578,5.253966955,R1111
12/12/2024 21:00,3.330766865,5.349915577,5.101196304,R1111
12/12/2024 21:30,3.263816862,5.061330391,4.739883804,R1111
12/12/2024 22:00,3.21740806,5.184803568,4.934890301,R1111
12/12/2024 22:30,3.576751601,5.482524301,5.285452135,R1111
12/12/2024 23:00,3.389851331,5.529496917,5.192968769,R1111
12/12/2024 23:30,3.15703178,5.273545658,5.020662913,R1111
12/13/2024 0:00,3.387420621,5.574993129,5.165157185,R1111
12/13/2024 0:30,3.35942052,5.46223042,5.089266967,R1111
12/13/2024 1:00,3.294018554,5.330489507,5.042186485,R1111
12/13/2024 1:30,3.41396284,5.399692044,5.108485792,R1111
12/13/2024 2:00,3.399080867,5.400168089,5.044421213,R1111
12/13/2024 2:30,3.549890309,5.428147511,5.24445096,R1111
12/13/2024 3:00,3.51383221,5.459545582,5.120323104,R1111
12/13/2024 3:30,3.436895137,5.465296546,5.254393947,R1111
12/13/2024 4:00,3.575653084,5.374451797,5.135341749,R1111
12/13/2024 4:30,3.449613394,5.268538491,5.149661363,R1111
12/13/2024 5:00,3.272003207,5.419101279,5.168125365,R1111
12/13/2024 5:30,3.175107959,5.193129189,4.890523328,R1111
12/13/2024 6:00,3.236032844,5.342958836,4.95995775,R1111
12/13/2024 6:30,3.156219664,5.285987915,4.943642204,R1111
12/13/2024 7:00,3.259883132,5.472612511,5.195204205,R1111
12/13/2024 7:30,3.092217289,5.248268665,4.956951922,R1111
12/13/2024 8:00,3.542279173,6.149315359,5.663574097,R1111
12/13/2024 8:30,4.168876891,7.629835241,7.095527233,R1111
12/13/2024 9:00,11.11726607,18.32034406,17.82691591,R1111
12/13/2024 9:30,10.68041526,17.6600593,17.06577401,R1111
12/13/2024 10:00,8.661864917,14.55652894,13.86498513,R1111
12/13/2024 10:30,7.819875053,13.34127894,12.57890343,R1111
12/13/2024 11:00,7.875577311,13.01099769,12.39661981,R1111
12/13/2024 11:30,8.247408658,14.00886506,13.06614463,R1111
12/13/2024 12:00,8.79549349,14.76900278,13.87118209,R1111
12/13/2024 12:30,9.916943308,16.17737315,15.34234564,R1111
12/13/2024 13:00,10.80272468,17.31477789,16.54817713,R1111
12/13/2024 13:30,10.85101486,17.59952064,16.75726923,R1111
12/13/2024 14:00,11.11584926,17.85282287,16.98992915,R1111
12/13/2024 14:30,10.98760073,17.64185415,16.7854392,R1111
12/13/2024 15:00,10.37245293,16.84447017,15.89725542,R1111
12/13/2024 15:30,9.385968491,15.34507027,14.40607943,R1111
12/13/2024 16:00,8.072307793,13.37504221,12.40208457,R1111
12/13/2024 16:30,6.87204186,11.59234933,10.62843015,R1111
12/13/2024 17:00,4.266471569,7.564848299,6.941802557,R1111
12/13/2024 17:30,3.162830673,5.722826716,5.02633322,R1111
12/13/2024 18:00,2.592806422,4.594698819,4.099693204,R1111
12/13/2024 18:30,2.822248269,5.139146552,4.722115659,R1111
12/13/2024 19:00,2.90306056,5.347159474,4.726154563,R1111
12/13/2024 19:30,3.001401551,5.502854103,4.941799514,R1111
12/13/2024 20:00,3.153371745,5.621666242,5.045140308,R1111
12/13/2024 20:30,3.195990666,5.581495679,5.266257714,R1111
12/13/2024 21:00,3.178870151,5.598992077,5.157660172,R1111
12/13/2024 21:30,3.218997651,5.770819118,5.436905785,R1111
12/13/2024 22:00,3.0257868,5.601577295,5.202365859,R1111
12/13/2024 22:30,3.101985641,5.553754113,5.265511201,R1111
12/13/2024 23:00,3.093839989,5.553983039,5.15961172,R1111
12/13/2024 23:30,3.041538377,5.602220208,5.179657034,R1111
12/14/2024 0:00,3.243251831,5.637719707,5.238370201,R1111
12/14/2024 0:30,3.011112634,5.449706264,4.970671212,R1111
12/14/2024 1:00,3.106905232,5.580569284,5.305001901,R1111
12/14/2024 1:30,3.069169188,5.630547796,5.259706689,R1111
12/14/2024 2:00,3.051757258,5.501698685,5.085826576,R1111
12/14/2024 2:30,3.119252517,5.64389217,5.175085791,R1111
12/14/2024 3:00,3.171473776,5.739920274,5.237944066,R1111
12/14/2024 3:30,3.161577366,5.681554167,5.116309577,R1111
12/14/2024 4:00,3.243246837,5.612608949,5.214558456,R1111
12/14/2024 4:30,3.2315319,5.095374716,5.085827685,R1111
12/14/2024 5:00,3.495973075,4.926941546,5.031052515,R1111
12/14/2024 5:30,3.414828429,5.162743687,5.127579567,R1111
12/14/2024 6:00,3.542228843,5.033781894,5.249548591,R1111
12/14/2024 6:30,3.661414592,5.011845976,5.219141876,R1111
12/14/2024 7:00,3.458476277,4.628785023,4.997342512,R1111
12/14/2024 7:30,3.440761476,4.679840852,4.754290436,R1111
12/14/2024 8:00,5.359101591,7.814945264,7.786133695,R1111
12/14/2024 8:30,10.85804034,15.58853638,15.52698104,R1111
12/14/2024 9:00,10.91278209,15.99657446,16.09365367,R1111
12/14/2024 9:30,9.892044808,14.78266202,14.69500536,R1111
12/14/2024 10:00,9.530160542,14.42792804,14.11855484,R1111
12/14/2024 10:30,9.822108466,14.59094457,14.30073539,R1111
12/14/2024 11:00,10.3609437,14.84109243,14.60199751,R1111
12/14/2024 11:30,10.82691672,15.35106457,15.34266428,R1111
12/14/2024 12:00,11.1770623,15.83224519,16.10507527,R1111
12/14/2024 12:30,11.87796265,16.47363747,16.24326917,R1111
12/14/2024 13:00,11.93854789,16.57213444,16.30600088,R1111
12/14/2024 13:30,12.35068975,16.54977712,16.43013989,R1111
12/14/2024 14:00,12.55781421,16.86339014,16.61408031,R1111
12/14/2024 14:30,12.48320846,16.64290539,16.5989848,R1111
12/14/2024 15:00,11.85456588,17.23205152,16.31020975,R1111
12/14/2024 15:30,11.52516608,15.31548362,15.26929239,R1111
12/14/2024 16:00,9.913308028,13.48799146,13.01903907,R1111
12/14/2024 16:30,7.907603399,10.62858493,10.48043756,R1111
12/14/2024 17:00,4.877043117,5.915953855,6.199608469,R1111
12/14/2024 17:30,3.799976729,4.492523488,4.552809246,R1111
12/14/2024 18:00,3.31079223,3.61267754,3.649375186,R1111
12/14/2024 18:30,3.133988301,4.296694788,4.132447658,R1111
12/14/2024 19:00,3.462692816,4.268348187,4.582454416,R1111
12/14/2024 19:30,3.443799093,4.661502095,4.490954443,R1111
12/14/2024 20:00,3.540619981,4.726200171,4.654606232,R1111
12/14/2024 20:30,3.596731861,4.620073938,4.588152008,R1111
12/14/2024 21:00,3.740489468,4.614146202,4.670201698,R1111
12/14/2024 21:30,3.839795864,4.874014505,4.962984672,R1111
12/14/2024 22:00,3.841342201,5.025638632,4.920426587,R1111
12/14/2024 22:30,3.471185272,5.357332001,4.754921808,R1111
12/14/2024 23:00,3.853554766,4.97186646,4.934423904,R1111
12/14/2024 23:30,4.156109797,4.656337686,4.878650594,R1111
12/15/2024 0:00,3.846831317,4.696525035,4.992795392,R1111
12/15/2024 0:30,3.521596665,4.135920234,4.809888513,R1111
12/15/2024 1:00,2.61914495,3.112464261,3.829366016,R1111
12/15/2024 1:30,2.678272593,2.630491797,3.117841908,R1111
12/15/2024 2:00,2.463783989,2.621039988,3.220541895,R1111
12/15/2024 2:30,2.110250056,2.198518487,2.716508331,R1111
12/15/2024 3:00,1.89746822,2.32135433,2.980272231,R1111
12/15/2024 3:30,2.020081096,2.689144007,3.188147704,R1111
12/15/2024 4:00,2.182443512,3.615036645,3.86073322,R1111
12/15/2024 4:30,2.485252294,3.743850227,4.1659841,R1111
12/15/2024 5:00,2.486567477,3.799135555,4.223227377,R1111
12/15/2024 5:30,2.61722377,4.142560179,4.467301898,R1111
12/15/2024 6:00,3.116215543,4.278729323,4.568280615,R1111
12/15/2024 6:30,3.393769475,4.440546063,4.868470551,R1111
12/15/2024 7:00,3.357377685,5.355255738,5.151908031,R1111
12/15/2024 7:30,3.349156042,5.223311416,5.167265485,R1111
12/15/2024 8:00,4.017004701,6.792583292,6.921514336,R1111
12/15/2024 8:30,9.275129413,14.15814263,13.82491384,R1111
12/15/2024 9:00,10.65432896,16.23197383,16.24285951,R1111
12/15/2024 9:30,10.43740505,16.22612307,17.30740107,R1111
12/15/2024 10:00,9.939749518,15.58530918,16.04496939,R1111
12/15/2024 10:30,9.826220181,15.19150581,15.67169281,R1111
12/15/2024 11:00,10.52320835,15.35912897,16.23428978,R1111
12/15/2024 11:30,10.60613521,15.66107787,16.39502479,R1111
12/15/2024 12:00,11.18617464,16.43818267,17.41494817,R1111
12/15/2024 12:30,11.9311435,17.33425206,18.82842498,R1111
12/15/2024 13:00,12.5853597,18.64890541,20.31101041,R1111
12/15/2024 13:30,12.71922403,19.37504506,20.98512678,R1111
12/15/2024 14:00,13.27922443,19.81777599,21.56342828,R1111
12/15/2024 14:30,13.31565231,20.3440881,21.40291903,R1111
12/15/2024 15:00,13.02443645,19.69996135,21.06395226,R1111
12/15/2024 15:30,11.83786594,18.58533169,19.04670677,R1111
12/15/2024 16:00,10.23566783,16.99128635,16.74552446,R1111
12/15/2024 16:30,8.089335274,13.91880506,13.65306856,R1111
12/15/2024 17:00,4.041030882,8.261090294,8.262830753,R1111
12/15/2024 17:30,3.223256175,6.029624892,5.987739715,R1111
12/15/2024 18:00,2.787495492,4.986988092,4.807483307,R1111
12/15/2024 18:30,2.757472535,5.367636976,5.150235426,R1111
12/15/2024 19:00,2.740149191,5.614765266,5.309282399,R1111
12/15/2024 19:30,2.740674075,5.743774791,5.414430897,R1111
12/15/2024 20:00,2.634750844,5.641962195,5.373126559,R1111
12/15/2024 20:30,2.787457795,5.271965607,4.939548438,R1111
12/15/2024 21:00,3.134911174,5.759634843,5.471388303,R1111
12/15/2024 21:30,2.822540259,5.965823122,5.550975322,R1111
12/15/2024 22:00,3.365886016,5.926302547,5.740832388,R1111
12/15/2024 22:30,3.824734826,6.369234407,5.897992483,R1111
12/15/2024 23:00,3.331080984,6.492920125,6.404647461,R1111
12/15/2024 23:30,3.546231715,6.097884689,6.311690748,R1111
12/16/2024 0:00,3.428085063,6.37471115,6.532859487,R1111
12/16/2024 0:30,3.479327849,6.186371046,6.827835151,R1111
12/16/2024 1:00,3.569614907,6.332262995,6.34734601,R1111
12/16/2024 1:30,3.483407311,6.086959961,6.27491621,R1111
12/16/2024 2:00,3.318387687,6.159223135,6.234354037,R1111
12/16/2024 2:30,3.222147171,6.440515556,6.462419611,R1111
12/16/2024 3:00,3.018318798,6.439903309,6.177850802,R1111
12/16/2024 3:30,3.193435584,6.224501633,5.778228487,R1111
12/16/2024 4:00,3.009680546,6.272819657,5.892153846,R1111
12/16/2024 4:30,3.292547714,6.531431489,6.202648999,R1111
12/16/2024 5:00,3.192976452,6.626332254,6.084334783,R1111
12/16/2024 5:30,3.06199087,6.734640021,6.055362097,R1111
12/16/2024 6:00,3.15902668,6.547978269,6.071525002,R1111
12/16/2024 6:30,3.04406612,6.351912633,5.933123579,R1111
12/16/2024 7:30,2.965662034,6.131446197,5.626526171,R1111
12/16/2024 8:00,4.465677455,8.309217268,7.637875646,R1111
12/16/2024 9:30,9.951536053,17.28930257,16.6227094,R1111
12/20/2024 11:06,9.364095568,16.5494069,15.27618169,R1111
12/20/2024 11:30,9.8401894,16.99943604,16.29669991,R1111
12/20/2024 12:00,7.922517089,14.29129833,13.71934441,R1111
12/20/2024 12:30,9.445954548,16.37452728,15.83045704,R1111
12/20/2024 13:00,10.28259045,17.4992546,17.02655365,R1111
12/20/2024 13:30,10.6212907,17.94336317,17.58855595,R1111
12/20/2024 14:00,11.12460466,18.51785328,18.07248292,R1111
12/20/2024 14:30,11.36935585,18.80464937,18.40639904,R1111
12/20/2024 15:00,11.19595474,18.59335866,18.07572598,R1111
12/20/2024 15:30,10.48126055,17.59734161,16.79572753,R1111
12/20/2024 16:00,9.21794777,15.73304006,14.98958442,R1111
12/20/2024 16:30,7.515383611,13.14292935,12.34108925,R1111
12/20/2024 17:00,4.545257282,8.402797939,7.89178493,R1111
12/20/2024 17:30,3.287570646,6.175281354,5.641988826,R1111
12/20/2024 18:00,2.609103784,4.920981023,4.554740665,R1111
12/20/2024 18:30,2.752457398,5.3266003,5.012847913,R1111
12/20/2024 19:00,3.023484048,5.638399553,5.23198754,R1111
12/20/2024 19:30,2.949205374,5.708210761,5.302989421,R1111
12/20/2024 20:00,2.966071672,5.6256434,5.287137892,R1111
12/20/2024 20:30,3.014983562,5.795541929,5.55292343,R1111
12/20/2024 21:00,2.988736065,5.774914572,5.440754624,R1111
12/20/2024 21:30,3.00874645,5.787101644,5.476957713,R1111
12/20/2024 22:00,2.86550079,5.720069803,5.431493491,R1111
12/20/2024 22:30,2.603672364,5.671899213,5.382419022,R1111
12/20/2024 23:00,2.908524602,5.700723059,5.45444684,R1111
12/20/2024 23:30,2.896837533,5.796469968,5.561364405,R1111
12/21/2024 0:00,2.803235287,5.748633361,5.462744733,R1111
12/21/2024 0:30,2.848393305,5.626557895,5.476890412,R1111
12/21/2024 1:00,2.860117916,5.863112016,5.582925281,R1111
12/21/2024 1:30,2.954620472,5.869166856,5.720357958,R1111
12/21/2024 2:00,2.879023423,5.771691753,5.635188504,R1111
12/21/2024 2:30,2.893678273,5.879640377,5.666081774,R1111
12/21/2024 3:00,2.852551214,5.84169842,5.642756856,R1111
12/21/2024 3:30,2.822385449,5.719472708,5.5460457,R1111
12/21/2024 4:00,2.760510522,5.816712562,5.742680909,R1111
12/21/2024 4:30,2.754404882,5.835448737,5.660681302,R1111
12/21/2024 5:00,2.865084422,5.678411052,5.652654978,R1111
12/21/2024 5:30,2.791205678,5.833260798,5.625233825,R1111
12/21/2024 6:00,2.727242762,5.893053609,5.667668749,R1111
12/21/2024 6:30,2.717835451,5.796697396,5.606523022,R1111
12/21/2024 7:00,2.54321593,5.545370921,5.419096209,R1111
12/21/2024 7:30,2.567181025,5.521626844,5.491803714,R1111
12/21/2024 8:00,3.601501046,7.266677348,7.062231099,R1111
12/21/2024 8:30,9.476759832,16.41496266,15.92205704,R1111
12/21/2024 9:00,9.904612698,19.0321931,17.74433325,R1111
12/21/2024 9:30,9.710147341,17.14012666,16.88445095,R1111
12/21/2024 10:00,9.472524344,16.0541259,16.20256449,R1111
12/21/2024 10:30,9.351149611,15.82245903,15.73245331,R1111
12/21/2024 11:00,9.610292975,16.21933814,16.35402688,R1111
12/21/2024 11:30,9.922842284,16.59791103,16.21907215,R1111
12/21/2024 12:00,10.47746053,17.18551184,17.26448448,R1111
12/21/2024 12:30,11.17561542,17.81677805,18.09487137,R1111
12/21/2024 13:00,11.36955735,18.16664798,18.55977048,R1111
12/21/2024 13:30,11.66227146,18.5806346,19.14726915,R1111
12/21/2024 14:00,11.70908599,18.69830279,19.21513497,R1111
12/21/2024 14:30,11.89140761,18.46831843,19.34958997,R1111
12/21/2024 15:00,11.18993308,18.05620774,18.40534412,R1111
12/21/2024 15:30,10.71852005,17.38574806,17.57399911,R1111
12/21/2024 16:00,9.638803506,15.29909798,15.42853942,R1111
12/21/2024 16:30,7.954968191,13.15839486,13.05303622,R1111
12/21/2024 17:00,4.815736369,8.350336977,8.392617551,R1111
12/21/2024 17:30,3.447366371,6.052123092,6.135311494,R1111
12/21/2024 18:00,2.603848065,5.056471821,4.882604083,R1111
12/21/2024 18:30,2.813530195,5.233794061,5.437015871,R1111
12/21/2024 19:00,2.688703714,5.245395753,5.312783054,R1111
12/21/2024 19:30,2.876228617,5.327903128,5.529002101,R1111
12/21/2024 20:00,2.814935087,5.478480448,5.589059889,R1111
12/21/2024 20:30,2.895604993,5.528330988,5.633795437,R1111
12/21/2024 21:00,2.929953109,5.653766742,5.727586668,R1111
12/21/2024 21:30,2.992712737,5.602155285,5.637026858,R1111
12/21/2024 22:00,2.992416175,5.551610776,5.545594209,R1111
12/21/2024 22:30,2.990518121,5.686558561,5.775018969,R1111
12/21/2024 23:00,2.854841164,5.560918759,5.620115108,R1111
12/21/2024 23:30,2.964369647,5.667575666,5.876585542,R1111
12/22/2024 0:00,3.038911911,5.797539541,5.810383311,R1111
12/22/2024 0:30,1.712795607,4.052746578,4.187488488,R1111
12/22/2024 1:00,1.051630717,3.082645919,3.515934617,R1111
12/22/2024 1:30,0.579382885,2.505558792,2.98989737,R1111
12/22/2024 2:00,0.65238185,2.29353684,2.899809744,R1111
12/22/2024 2:30,0.213754997,1.721538012,2.328683662,R1111
12/22/2024 3:00,0.039730388,1.931352493,2.362768529,R1111
12/22/2024 3:30,0.264932831,2.317248074,2.898173181,R1111
12/22/2024 4:00,0.866462387,3.216742094,3.693325903,R1111
12/22/2024 4:30,0.98661479,3.405019479,3.954716031,R1111
12/22/2024 5:00,1.285510644,3.837023058,4.234566964,R1111
12/22/2024 5:30,1.338673782,3.96313227,4.467340169,R1111
12/22/2024 6:00,1.415187422,4.100938494,4.573311636,R1111
12/22/2024 6:30,1.55821318,4.140083866,4.522897417,R1111
12/22/2024 7:00,1.463343949,4.198333703,4.610119063,R1111
12/22/2024 7:30,1.553762481,4.202419017,4.665499914,R1111
12/22/2024 8:00,2.29875676,5.479011951,5.852550866,R1111
12/22/2024 8:30,7.353699236,13.64983224,13.35339832,R1111
12/22/2024 9:00,8.917614915,15.69570577,15.47032182,R1111
12/22/2024 9:30,8.749282009,15.74413061,15.86713275,R1111
12/22/2024 10:00,8.584039003,15.45242566,15.50439195,R1111
12/22/2024 10:30,8.380656736,15.28231295,15.34519581,R1111
12/22/2024 11:00,8.679727909,15.70022912,15.54750694,R1111
12/22/2024 11:30,9.200947736,16.24250322,16.17725545,R1111
12/22/2024 12:00,9.773649588,16.90533278,16.8773636,R1111
12/22/2024 12:30,10.13633157,17.8785534,17.72889108,R1111
12/22/2024 13:00,10.81454051,18.39743341,18.62577237,R1111
12/22/2024 13:30,11.14172933,18.81177231,19.09316849,R1111
12/22/2024 14:00,11.33019716,18.91880122,19.32336315,R1111
12/22/2024 14:30,11.38688922,19.09983961,19.45105374,R1111
12/22/2024 15:00,11.27805764,18.98833235,19.36396224,R1111
12/22/2024 15:30,10.57175928,17.90685199,18.26220826,R1111
12/22/2024 16:00,9.250395782,16.12148901,16.09063383,R1111
12/22/2024 16:30,7.620114621,13.51929982,13.34808531,R1111
12/22/2024 17:00,4.573125095,8.664363446,8.708106815,R1111
12/22/2024 17:30,3.087731131,5.935023176,6.218257236,R1111
12/22/2024 18:00,2.219328584,4.606404873,4.911887614,R1111
12/22/2024 18:30,2.289981635,4.911913035,5.034873215,R1111
12/22/2024 19:00,2.268776169,4.766252415,5.012924558,R1111
12/22/2024 19:30,2.367889009,4.646359784,5.104204474,R1111
12/22/2024 20:00,2.270754125,4.840523744,5.291029803,R1111
12/22/2024 20:30,2.341804551,4.983122368,5.322114855,R1111
12/22/2024 21:00,2.225226799,5.089527388,5.201039959,R1111
12/22/2024 21:30,2.310325128,5.033493358,5.401478312,R1111
12/22/2024 22:00,2.361083337,5.157115321,5.241975209,R1111
12/22/2024 22:30,2.458684041,5.222909146,5.420002178,R1111
12/22/2024 23:00,2.365357898,5.23210721,5.379206821,R1111
12/22/2024 23:30,2.262629122,5.208780168,5.154887732,R1111
12/23/2024 0:00,2.218777521,5.191964345,5.279200997,R1111
12/23/2024 0:30,2.466746396,5.311699696,5.415863921,R1111
12/23/2024 1:00,2.356958354,5.432328656,5.539511449,R1111
12/23/2024 1:30,2.296918687,5.385978483,5.375583891,R1111
12/23/2024 2:00,2.280901439,5.552744726,5.415588291,R1111
12/23/2024 2:30,2.521345246,5.493007208,5.53167545,R1111
12/23/2024 3:00,2.450319781,5.488643469,5.515746582,R1111
12/23/2024 3:30,2.449321949,5.346946526,5.289367822,R1111
12/23/2024 4:00,2.594855556,5.483779411,5.479086447,R1111
12/23/2024 4:30,2.432478308,5.427081011,5.35459066,R1111
12/23/2024 5:00,2.522859353,5.707150437,5.542695632,R1111
12/23/2024 5:30,2.481741189,5.470222199,5.483659334,R1111
12/23/2024 6:00,2.521294823,5.51926914,5.481279373,R1111
12/23/2024 6:30,2.625279895,5.752181518,5.440159314,R1111
12/23/2024 7:00,2.448197785,5.367091943,5.306009732,R1111
12/23/2024 7:30,2.447834072,5.442097039,5.317807031,R1111
12/23/2024 8:00,2.875612934,6.176417474,6.174186875,R1111
12/23/2024 8:30,8.37280904,15.51955499,14.98753041,R1111
12/23/2024 9:00,10.17995367,18.20717904,18.35299761,R1111
12/23/2024 9:30,9.654658038,17.36260208,17.42920038,R1111
12/23/2024 10:00,9.003128644,16.72642387,16.13715833,R1111
12/23/2024 10:30,8.901608825,16.0523095,15.74424714,R1111
12/23/2024 11:00,9.184878111,16.50769426,16.05439864,R1111
12/23/2024 11:30,9.510333002,17.08188115,16.6046791,R1111
12/23/2024 12:00,9.974222128,17.35781299,17.11671561,R1111
12/23/2024 12:30,10.59931172,18.03949432,17.86956769,R1111
12/23/2024 13:00,11.06117115,18.75581756,18.78868338,R1111
12/23/2024 13:30,11.19227234,18.82662088,18.94159943,R1111
12/23/2024 14:00,11.35773409,19.135887,19.45302351,R1111
12/23/2024 14:30,11.5384782,19.18140596,19.40613476,R1111
12/23/2024 15:00,11.09664242,18.87178982,18.90794641,R1111
12/23/2024 15:30,10.31339917,18.17748689,17.79906394,R1111
12/23/2024 16:00,8.942546538,15.82051704,15.61838852,R1111
12/23/2024 16:30,6.879971451,12.79510149,12.34632679,R1111
12/23/2024 17:00,4.083501857,8.22481306,7.952875618,R1111
12/23/2024 17:30,2.993688097,6.062920397,5.966326779,R1111
12/23/2024 18:00,2.295599436,4.82349448,4.698591531,R1111
12/23/2024 18:30,2.541604396,5.37596959,5.288307504,R1111
12/23/2024 19:00,2.49137876,5.557584524,5.39484535,R1111
12/23/2024 19:30,2.549913499,5.502416225,5.50327796,R1111
12/23/2024 20:00,2.615380268,5.737739953,5.557293247,R1111
12/23/2024 20:30,2.657498658,5.636903067,5.612341515,R1111
12/23/2024 21:00,2.670545741,5.838193895,5.789599531,R1111
12/23/2024 21:30,2.59110429,5.626242427,5.752286879,R1111
12/23/2024 22:00,2.467045292,5.624904302,5.644956948,R1111
12/23/2024 22:30,2.518390756,5.474152366,5.633455672,R1111
12/23/2024 23:00,2.602160503,5.529773326,5.626930246,R1111
12/23/2024 23:30,2.446111117,5.476841809,5.491415688,R1111
12/24/2024 0:00,2.496174206,5.591628357,5.698543759,R1111
12/24/2024 0:30,0.996018972,3.43178587,3.894362836,R1111
12/24/2024 1:00,0.927545473,2.875847384,3.144668355,R1111
12/24/2024 1:30,0.430499156,2.118674857,2.449732646,R1111
12/24/2024 2:00,0.387278732,1.921996729,2.459857301,R1111
12/24/2024 2:30,0.286979659,1.880341733,2.357521086,R1111
12/24/2024 3:00,0.174464245,1.84325976,2.266832171,R1111
12/24/2024 3:30,0.360177268,2.237414525,2.729238517,R1111
12/24/2024 4:00,0.834033606,3.061030083,3.451623558,R1111
12/24/2024 4:30,1.005213183,3.487779353,3.667888374,R1111
12/24/2024 5:00,1.235666066,3.852265622,4.069837813,R1111
12/24/2024 5:30,1.313863163,4.031365602,4.34022269,R1111
12/24/2024 6:00,1.315028008,4.257488202,4.504305258,R1111
12/24/2024 6:30,1.268856189,4.226711695,4.563952264,R1111
12/24/2024 7:00,1.301363124,4.197665876,4.555497397,R1111
12/24/2024 7:30,1.308297113,4.186662537,4.479073678,R1111
12/24/2024 8:00,1.844459029,5.249716104,5.568398019,R1111
12/24/2024 8:30,6.44407444,12.54654317,12.5607712,R1111
12/24/2024 9:00,8.306545751,15.03042462,14.84777099,R1111
12/24/2024 9:30,8.110458479,15.09006965,14.92264995,R1111
12/24/2024 10:00,8.080398992,14.82398219,14.87671223,R1111
12/24/2024 10:30,7.947905924,14.6682117,14.56173232,R1111
12/24/2024 11:00,8.132422578,14.9400073,14.8013004,R1111
12/24/2024 11:30,8.625855373,15.49112262,15.37772356,R1111
12/24/2024 12:00,9.096404111,16.22659686,16.19611384,R1111
12/24/2024 12:30,9.682793197,16.96350611,16.86706753,R1111
12/24/2024 13:00,9.988388472,17.56010219,17.52890025,R1111
12/24/2024 13:30,10.3107333,17.96512606,18.09737726,R1111
12/24/2024 14:00,10.58596648,18.38061513,18.36298758,R1111
12/24/2024 14:30,10.68305479,18.55634476,18.46648711,R1111
12/24/2024 15:00,10.76602268,18.47971182,18.57934914,R1111
12/24/2024 15:30,9.934640542,17.45951822,17.14517685,R1111
12/24/2024 16:00,8.603208609,15.50074355,15.31233311,R1111
12/24/2024 16:30,7.09155147,12.82745375,12.36204373,R1111
12/24/2024 17:00,4.080205485,8.092712919,7.927066567,R1111
12/24/2024 17:30,2.70197954,5.625272708,5.629628211,R1111
12/24/2024 18:00,1.914404451,4.12297426,4.294623383,R1111
12/24/2024 18:30,2.143132097,4.729627828,4.684789889,R1111
12/24/2024 19:00,2.141828554,4.702502395,4.807213183,R1111
12/24/2024 19:30,2.117134277,4.680116883,4.890938276,R1111
12/24/2024 20:00,2.295488063,4.970022632,5.145448966,R1111
12/24/2024 20:30,2.135511764,4.767370101,5.023280409,R1111
12/24/2024 21:00,2.258673158,5.111663317,5.252589885,R1111
12/24/2024 21:30,2.253296945,5.105241122,5.286371971,R1111
12/24/2024 22:00,2.234372347,5.073764616,5.099021717,R1111
12/24/2024 22:30,2.221584055,5.108576486,5.205506859,R1111
12/24/2024 23:00,2.290601516,5.155518037,5.212061931,R1111
12/24/2024 23:30,2.236481741,5.088315,5.065909517,R1111
12/25/2024 0:00,2.259726489,5.162010883,5.055354407,R1111
12/25/2024 0:30,2.48572488,5.480444398,5.428209193,R1111
12/25/2024 1:00,2.404926501,5.403616425,5.277106299,R1111
12/25/2024 1:30,2.252613112,5.373582084,5.271739435,R1111
12/25/2024 2:00,2.264076549,5.411218209,5.27317522,R1111
12/25/2024 2:30,2.431866621,5.606491768,5.320762625,R1111
12/25/2024 3:00,2.314792487,5.588406873,5.323347741,R1111
12/25/2024 3:30,2.459490385,5.631691519,5.386024487,R1111
12/25/2024 4:00,2.348339221,5.566880663,5.349239414,R1111
12/25/2024 4:30,2.379335405,5.565512999,5.195966707,R1111
12/25/2024 5:00,2.696262184,5.658128448,5.244398566,R1111
12/25/2024 5:30,2.77744915,5.728518876,5.191600835,R1111
12/25/2024 6:00,2.7794896,5.524966819,5.262613933,R1111
12/25/2024 6:30,2.888843489,5.888061987,5.340902661,R1111
12/25/2024 7:00,2.8805457,5.757850611,5.190943068,R1111
12/25/2024 7:30,2.847935393,5.693670177,5.078218247,R1111
12/25/2024 8:00,3.34497609,6.536690092,5.835161633,R1111
12/25/2024 8:30,9.479058402,16.23864365,14.87163131,R1111
12/25/2024 9:00,11.39837534,18.95915366,17.75147668,R1111
12/25/2024 9:30,10.84854743,18.18814546,17.12360421,R1111
12/25/2024 10:00,10.32497077,17.42705413,16.15284255,R1111
12/25/2024 10:30,10.22952364,17.16833153,15.89776304,R1111
12/25/2024 11:00,10.66746007,17.96976169,16.73343809,R1111
12/25/2024 11:30,11.48343081,18.90388644,17.78079316,R1111
12/25/2024 12:00,12.13795035,19.61866175,18.5884786,R1111
12/25/2024 12:30,12.7051914,20.44622126,19.44429619,R1111
12/25/2024 13:00,13.05563185,20.81548894,20.07202189,R1111
12/25/2024 13:30,13.33785434,21.20579186,20.38229639,R1111
12/25/2024 14:00,13.60229229,21.47309926,20.75453745,R1111
12/25/2024 14:30,13.75869633,21.78693804,20.79957432,R1111
12/25/2024 15:00,13.21597896,21.07257915,20.12413509,R1111
12/25/2024 15:30,12.47684857,19.99556657,18.77280942,R1111
12/25/2024 16:00,11.4738541,18.50591614,17.08661771,R1111
12/25/2024 16:30,9.99688728,16.22637489,15.03385816,R1111
12/25/2024 17:00,6.87619789,11.45881512,10.23309411,R1111
12/25/2024 17:30,4.962455144,8.120373436,7.102357707,R1111
12/25/2024 18:00,3.99273632,6.298872849,5.491990376,R1111
12/25/2024 18:30,3.861863243,6.361719709,5.73691404,R1111
12/25/2024 19:00,3.967329002,6.41103725,5.722884678,R1111
12/25/2024 19:30,4.026000722,6.388674946,5.744156396,R1111
12/25/2024 20:00,4.079204041,6.288260911,5.596845146,R1111
12/25/2024 20:30,4.065152083,6.262243673,5.949976594,R1111
12/25/2024 21:00,4.044715095,6.215082412,5.710367989,R1111
12/25/2024 21:30,3.967042078,6.219670881,5.583325611,R1111
12/25/2024 22:00,3.979950854,6.151830139,5.592689951,R1111
12/25/2024 22:30,4.130219854,6.279399534,5.59981912,R1111
12/25/2024 23:00,4.050832613,6.20958358,5.566695468,R1111
12/25/2024 23:30,4.105049706,6.334788242,5.657795666,R1111
12/26/2024 0:00,4.028450603,6.171525225,5.503050445,R1111
12/26/2024 0:30,2.858683976,4.123319102,3.57360191,R1111
12/26/2024 1:00,2.569948105,3.652090544,3.264540749,R1111
12/26/2024 1:30,2.33652961,3.219640984,2.814700504,R1111
12/26/2024 2:00,2.125996912,2.939093729,2.671259674,R1111
12/26/2024 2:30,1.833129462,2.420172214,2.242641896,R1111
12/26/2024 3:00,1.946414707,2.511605451,2.299802939,R1111
12/26/2024 3:30,2.574845401,3.431871667,3.102397729,R1111
12/26/2024 4:00,2.876666286,4.057197628,3.595376055,R1111
12/26/2024 4:30,2.929320438,4.500914954,3.99127813,R1111
12/26/2024 5:00,3.124396363,4.735104834,4.204977573,R1111
12/26/2024 5:30,3.202323722,5.030759329,4.321663487,R1111
12/26/2024 6:00,3.247520357,5.311649935,4.644173459,R1111
12/26/2024 6:30,2.229419951,5.287406772,4.946582732,R1111
12/26/2024 7:00,1.987603536,5.150798091,4.807548199,R1111
12/26/2024 7:30,2.068015383,5.108554859,4.789927028,R1111
12/26/2024 8:00,2.140656003,5.148721121,4.750952062,R1111
12/26/2024 8:30,6.171475319,11.44318232,10.46003035,R1111
12/26/2024 9:00,9.102204085,15.74543511,14.39693219,R1111
12/26/2024 9:30,9.61297927,16.56365081,15.45705453,R1111
12/26/2024 10:00,9.901399878,16.85264132,15.91341211,R1111
12/26/2024 10:30,9.907192481,16.77241513,15.8487812,R1111
12/26/2024 11:00,9.920488197,16.77145999,15.57896536,R1111
12/26/2024 11:30,10.14443723,17.08518715,16.13513212,R1111
12/26/2024 12:00,10.91165029,18.20918452,17.31254286,R1111
12/26/2024 12:30,11.75149748,19.45989668,18.77559843,R1111
12/26/2024 13:00,11.97187782,19.59708052,18.69560745,R1111
12/26/2024 13:30,12.69678833,20.57997522,19.82956411,R1111
12/26/2024 14:00,12.34269695,20.06416064,19.23653266,R1111
12/26/2024 14:30,12.34605484,20.09656353,19.47678941,R1111
12/26/2024 15:00,11.78753553,19.08967057,17.98864988,R1111
12/26/2024 15:30,10.52675273,17.12401197,16.0837104,R1111
12/26/2024 16:00,9.513828762,15.5462896,14.37747212,R1111
12/26/2024 16:30,7.801527461,13.05754696,12.15329409,R1111
12/26/2024 17:00,5.196996113,8.670845857,8.018929602,R1111
12/26/2024 17:30,4.066410988,6.521545127,5.917639788,R1111
12/26/2024 18:00,3.252345444,5.057778618,4.562534263,R1111
12/26/2024 18:30,3.320521495,5.47018541,4.980770276,R1111
12/26/2024 19:00,3.424029042,5.403027086,4.90247832,R1111
12/26/2024 19:30,3.341354972,5.495967123,4.895561052,R1111
12/26/2024 20:00,3.41003319,5.514015176,4.974685278,R1111
12/26/2024 20:30,3.368474078,5.379666955,5.045977388,R1111
12/26/2024 21:00,3.352700817,5.472677011,4.998925611,R1111
12/26/2024 21:30,3.420876494,5.43905716,5.076106893,R1111
12/26/2024 22:00,3.488686107,5.55778079,5.118700601,R1111
12/26/2024 22:30,3.461764828,5.496614375,4.950427809,R1111
12/26/2024 23:00,3.425243187,5.353942497,4.768128346,R1111
12/26/2024 23:30,3.481178663,5.367473176,4.901232881,R1111
12/27/2024 0:00,3.500511671,5.515362825,4.946811994,R1111
12/27/2024 0:30,3.533209789,5.633227199,5.024589111,R1111
12/27/2024 1:00,3.50331604,5.515235254,4.962288074,R1111
12/27/2024 1:30,3.553179049,5.489212625,4.925325988,R1111
12/27/2024 2:00,3.628301383,5.61165146,4.938199306,R1111
12/27/2024 2:30,3.548453288,5.52845294,4.931260933,R1111
12/27/2024 3:00,3.544490184,5.461100582,4.9492454,R1111
12/27/2024 3:30,3.544894184,5.501410063,5.019324938,R1111
12/27/2024 4:00,3.586081556,5.491094016,4.985345177,R1111
12/27/2024 4:30,3.621527713,5.542993722,5.04032428,R1111
12/27/2024 5:00,3.678074481,5.569436428,5.010536789,R1111
12/27/2024 5:30,3.58355761,5.467479705,4.922711681,R1111
12/27/2024 6:00,3.569231714,5.42331563,4.901560515,R1111
12/27/2024 6:30,3.775204721,5.564477775,4.927760218,R1111
12/27/2024 7:00,3.660802809,5.469984103,4.899408368,R1111
12/27/2024 7:30,3.663191089,5.456092772,4.858649338,R1111
12/27/2024 8:00,4.069251241,6.192845289,5.512509389,R1111
12/27/2024 8:30,5.474891533,8.34002333,7.388473346,R1111
12/27/2024 9:00,6.618068679,10.14018607,9.003499996,R1111
12/27/2024 9:30,7.250241602,11.21518279,10.17860034,R1111
12/27/2024 10:00,8.012116266,12.263164,11.22260881,R1111
12/27/2024 10:30,10.19478614,15.56521514,14.47042551,R1111
12/27/2024 11:00,11.53984079,17.30979224,16.01745103,R1111
12/27/2024 11:30,11.90403832,17.80887519,16.60635134,R1111
12/27/2024 12:00,12.08579162,18.06421776,16.79973013,R1111
12/27/2024 12:30,12.76872704,19.01131194,17.88260153,R1111
12/27/2024 13:00,13.3450559,19.68162404,18.74792165,R1111
12/27/2024 13:30,13.58150917,20.14501103,19.09938032,R1111
12/27/2024 14:00,13.98172536,20.57269532,19.4911131,R1111
12/27/2024 14:30,14.13026976,20.82949805,19.74883633,R1111
12/27/2024 15:00,13.79599511,20.35510598,19.24970333,R1111
12/27/2024 15:30,13.05121433,19.35389018,18.18754922,R1111
12/27/2024 16:00,12.03559909,17.88662197,16.59141829,R1111
12/27/2024 16:30,10.01553579,15.06098042,13.68607774,R1111
12/27/2024 17:00,7.485524745,11.12581552,9.998436755,R1111
12/27/2024 17:30,5.33949073,7.622999023,6.811120514,R1111
12/27/2024 18:00,4.028526803,5.384327259,4.838913228,R1111
12/27/2024 18:30,4.246214117,5.719817208,5.181580337,R1111
12/27/2024 19:00,4.097634952,5.488348518,5.073986472,R1111
12/27/2024 19:30,4.101941768,5.519054293,5.022246531,R1111
12/27/2024 20:00,4.114830963,5.468848365,5.155817601,R1111
12/27/2024 20:30,4.035477444,5.547809279,5.100196363,R1111
12/27/2024 21:00,4.032515313,5.445641908,4.989003824,R1111
12/27/2024 21:30,4.182649206,5.552873194,5.035131539,R1111
12/27/2024 22:00,3.984020139,5.455137061,5.016352178,R1111
12/27/2024 22:30,3.90864891,5.409676803,4.89200566,R1111
12/27/2024 23:00,3.893247001,5.516518641,4.969346879,R1111
12/27/2024 23:30,4.109198444,5.712142433,5.074214471,R1111
12/28/2024 0:00,3.853094763,5.685001196,5.230696221,R1111
12/28/2024 0:30,3.938190006,5.734998724,5.136610569,R1111
12/28/2024 1:00,3.944768938,5.681959131,5.139422722,R1111
12/28/2024 1:30,3.941402219,5.815252588,5.354073571,R1111
12/28/2024 2:00,4.091879473,5.77645932,5.31479793,R1111
12/28/2024 2:30,3.987312423,5.851905539,5.189253822,R1111
12/28/2024 3:00,3.928077856,5.736313555,5.293682523,R1111
12/28/2024 3:30,3.957620883,5.785148703,5.25774771,R1111
12/28/2024 4:00,4.094598911,5.758704524,5.1082909,R1111
12/28/2024 4:30,4.138231141,5.703306493,5.147718024,R1111
12/28/2024 5:00,4.047842953,5.818411226,5.149340689,R1111
12/28/2024 5:30,4.055511528,5.756770526,5.124610795,R1111
12/28/2024 6:00,4.134172095,5.742458663,5.149249257,R1111
12/28/2024 6:30,4.142366348,5.787655316,5.191920161,R1111
12/28/2024 7:00,4.082518099,5.838630071,5.065578717,R1111
12/28/2024 7:30,4.040595994,5.584841404,4.906175159,R1111
12/28/2024 8:00,4.404219355,6.288919031,5.556517007,R1111
12/28/2024 8:30,10.91659901,16.12427422,14.50751058,R1111
12/28/2024 9:00,12.34336953,17.99764384,16.25277376,R1111
12/28/2024 9:30,11.70684742,17.41019622,15.94822344,R1111
12/28/2024 10:00,11.5706927,17.13679723,15.65156451,R1111
12/28/2024 10:30,11.59906454,17.19072353,15.70077895,R1111
12/28/2024 11:00,11.98927958,17.6436341,16.18352738,R1111
12/28/2024 11:30,12.34148657,18.05800826,16.60450816,R1111
12/28/2024 12:00,12.79903177,18.5417109,17.24245398,R1111
12/28/2024 12:30,13.28273676,19.29030373,18.07853044,R1111
12/28/2024 13:00,13.7784107,19.79555005,18.66270258,R1111
12/28/2024 13:30,13.91358041,19.81332067,18.61584608,R1111
12/28/2024 14:00,13.9926376,19.82785649,18.89022075,R1111
12/28/2024 14:30,14.0921521,19.92129633,18.70201877,R1111
12/28/2024 15:00,13.66433731,19.51549559,17.9633193,R1111
12/28/2024 15:30,12.65580059,17.89853217,16.39622631,R1111
12/28/2024 16:00,11.00323989,15.91218964,14.47102861,R1111
12/28/2024 16:30,9.094173388,12.95714958,11.7466345,R1111
12/28/2024 17:00,6.004446987,8.442555495,7.530074343,R1111
12/28/2024 17:30,5.005671588,6.520133652,5.861042767,R1111
12/28/2024 18:00,4.349768199,5.49304639,4.789191454,R1111
12/28/2024 18:30,4.451239302,5.888519702,5.150174468,R1111
12/28/2024 19:00,4.566860623,5.933106956,5.257489155,R1111
12/28/2024 19:30,4.541485536,6.157019576,5.358730903,R1111
12/28/2024 20:00,4.560697058,6.07724275,5.442359934,R1111
12/28/2024 20:30,4.593992256,6.131288872,5.447460299,R1111
12/28/2024 21:00,4.299480443,6.091710781,5.39634095,R1111
12/28/2024 21:30,4.20767437,6.058034079,5.461075678,R1111
12/28/2024 22:00,4.430288625,6.2729643,5.5857254,R1111
12/28/2024 22:30,4.229726064,6.193791036,5.458265823,R1111
12/28/2024 23:00,4.311267005,6.082537212,5.439961018,R1111
12/28/2024 23:30,4.243309741,6.06817215,5.340681712,R1111
12/29/2024 0:00,4.302785543,6.154529444,5.463963329,R1111
12/29/2024 0:30,3.063580684,3.904222957,3.774253947,R1111
12/29/2024 1:00,2.210251509,3.523715928,3.350195625,R1111
12/29/2024 1:30,2.043085694,3.067119203,2.822197287,R1111
12/29/2024 2:00,1.49802945,3.714822946,2.709415166,R1111
12/29/2024 2:30,1.800844141,2.013412261,2.35247871,R1111
12/29/2024 3:00,1.813560578,2.293597903,2.5780457,R1111
12/29/2024 3:30,2.041448171,2.669232978,3.052140968,R1111
12/29/2024 4:00,2.617566489,3.312120856,3.471677968,R1111
12/29/2024 4:30,2.827676044,3.811772304,3.86167275,R1111
12/29/2024 5:00,3.134811319,4.173176223,4.296293156,R1111
12/29/2024 5:30,3.185427392,4.256112446,4.380861576,R1111
12/29/2024 6:00,3.270997489,4.395402701,4.523682873,R1111
12/29/2024 6:30,3.472910648,4.555476454,4.740801058,R1111
12/29/2024 7:00,3.427189256,4.626565666,4.597497791,R1111
12/29/2024 7:30,3.491791458,4.624356008,4.622986978,R1111
12/29/2024 8:00,4.020655154,5.46786897,5.299137979,R1111
12/29/2024 8:30,8.968158294,12.63383007,12.27452251,R1111
12/29/2024 9:00,10.94758913,15.56171948,14.79941243,R1111
12/29/2024 9:30,10.92219898,15.53458015,15.23002921,R1111
12/29/2024 10:00,10.69090514,15.2866989,14.74999328,R1111
12/29/2024 10:30,10.55041066,15.19470392,14.75367088,R1111
12/29/2024 11:00,10.75950579,15.18844965,14.88592672,R1111
12/29/2024 11:30,10.90861778,16.02569319,15.26903604,R1111
12/29/2024 12:00,11.51679157,16.12148711,15.68478395,R1111
12/29/2024 12:30,12.06688089,16.92114099,16.58433432,R1111
12/29/2024 13:00,12.33849274,17.41606156,17.223914,R1111
12/29/2024 13:30,12.86021031,17.91328031,17.90814242,R1111
12/29/2024 14:00,13.09185301,18.33290702,18.2256899,R1111
12/29/2024 14:30,12.97601816,18.82328911,18.45682267,R1111
12/29/2024 15:00,12.76548379,17.96629956,17.87307747,R1111
12/29/2024 15:30,11.79311834,16.7587067,16.59591898,R1111
12/29/2024 16:00,10.21211359,14.88634467,14.33110947,R1111
12/29/2024 16:30,8.484440285,12.08524439,11.76833928,R1111
12/29/2024 17:00,5.412197055,7.418895927,7.297118446,R1111
12/29/2024 17:30,4.205487426,5.575508512,5.593853528,R1111
12/29/2024 18:00,3.593283172,4.643317599,4.537089427,R1111
12/29/2024 18:30,3.984385618,4.989713149,5.228524809,R1111
12/29/2024 19:00,3.89761567,5.066914475,5.15156315,R1111
12/29/2024 19:30,4.013434441,5.1736631,5.189217664,R1111
12/29/2024 20:00,3.950313916,5.165581858,5.264661986,R1111
12/29/2024 20:30,3.911749041,5.421689588,5.521711636,R1111
12/29/2024 21:00,3.935468329,5.299507395,5.349399397,R1111
12/29/2024 21:30,3.953893138,5.236632106,5.655544386,R1111
12/29/2024 22:00,3.884792948,5.18818418,5.430455305,R1111
12/29/2024 22:30,3.967573801,5.254764306,5.463310233,R1111
12/29/2024 23:00,3.873442286,5.303677425,5.398583718,R1111
12/29/2024 23:30,3.909426445,5.109975038,5.642916387,R1111
12/30/2024 0:00,4.025419007,5.119902088,5.296960836,R1111
12/30/2024 0:30,3.685913262,5.214942896,5.417640895,R1111
12/30/2024 1:00,3.834027909,4.995351501,5.501554983,R1111
12/30/2024 1:30,3.848557755,5.174352913,5.398866026,R1111
12/30/2024 2:00,3.875799474,5.32420647,5.428024179,R1111
12/30/2024 2:30,3.972714645,5.087263962,5.517672067,R1111
12/30/2024 3:00,3.944055513,5.094774582,5.322513794,R1111
12/30/2024 3:30,3.882705208,5.172158165,5.577945068,R1111
12/30/2024 4:00,4.03496124,5.257563851,5.322475859,R1111
12/30/2024 4:30,3.922142913,5.377512323,5.531831615,R1111
12/30/2024 5:00,3.904719338,5.144073669,5.449272951,R1111
12/30/2024 5:30,3.808129825,5.247865195,5.227566028,R1111
12/30/2024 6:00,3.886102112,5.449424877,5.559667225,R1111
12/30/2024 6:30,3.971177469,5.049878928,5.181545836,R1111
12/30/2024 7:00,3.786989547,5.322628379,5.412911708,R1111
12/30/2024 7:30,3.860575165,4.908650716,5.066700315,R1111
12/30/2024 8:00,4.273970419,5.527298271,5.709468578,R1111
12/30/2024 8:30,10.67734396,14.76185183,14.91934916,R1111
12/30/2024 9:00,12.29371306,17.31689565,17.11295895,R1111
12/30/2024 9:30,11.60210785,16.67549963,16.97304249,R1111
12/30/2024 10:00,11.2439483,15.93987045,15.98350499,R1111
12/30/2024 10:30,11.11703491,15.64380838,15.60594923,R1111
12/30/2024 11:00,11.40535569,15.86067444,16.02374791,R1111
12/30/2024 11:30,11.78170461,16.47001195,16.22013544,R1111
12/30/2024 12:00,12.33905823,16.83453297,16.88828112,R1111
12/30/2024 12:30,12.67961734,17.29562065,17.18078614,R1111
12/30/2024 13:00,13.17335217,17.99030111,18.20188225,R1111
12/30/2024 13:30,13.58668521,18.42811485,18.75738791,R1111
12/30/2024 14:00,13.78998419,18.64403665,19.16414195,R1111
12/30/2024 14:30,13.77424931,18.80696445,19.25551239,R1111
12/30/2024 15:00,13.53257115,18.3033935,18.6132108,R1111
12/30/2024 15:30,12.67470488,17.26165129,17.46477485,R1111
12/30/2024 16:00,11.10778176,15.44617522,15.52492223,R1111
12/30/2024 16:30,9.209748362,12.81965554,12.64027622,R1111
12/30/2024 17:00,6.326183833,8.45296749,8.401472641,R1111
12/30/2024 17:30,5.085685005,6.001348803,6.25712678,R1111
12/30/2024 18:00,4.245728426,5.034785685,5.180724666,R1111
12/30/2024 18:30,4.38084493,5.072443635,5.545744046,R1111
12/30/2024 19:00,4.288469133,5.313539912,5.635900711,R1111
12/30/2024 19:30,4.392399418,5.442225705,5.454844341,R1111
12/30/2024 20:00,4.521098407,5.228223099,5.748728416,R1111
12/30/2024 20:30,4.397776486,5.275353294,5.902092921,R1111
12/30/2024 21:00,4.325922619,5.333928085,5.692089344,R1111
12/30/2024 21:30,4.474508788,5.297479914,5.976242399,R1111
12/30/2024 22:00,4.542661381,5.447766543,5.877537521,R1111
12/30/2024 22:30,4.341140877,5.68105875,6.174149376,R1111
12/30/2024 23:00,4.578732011,5.527396521,6.047167706,R1111
12/30/2024 23:30,4.488741471,5.386059085,5.952191837,R1111
12/31/2024 0:00,4.550085858,5.598024045,6.064085982,R1111
12/31/2024 0:30,2.655945126,3.183783516,3.812059793,R1111
12/31/2024 1:00,2.166505864,2.457699687,3.606347731,R1111
12/31/2024 1:30,2.132733705,2.321734731,3.270867531,R1111
12/31/2024 2:00,1.938667402,1.655482208,2.855327666,R1111
12/31/2024 2:30,1.864190987,1.794710143,2.810466769,R1111
12/31/2024 3:00,1.874768896,1.714818268,2.823198131,R1111
12/31/2024 3:30,1.854561909,1.698087169,2.949105898,R1111
12/31/2024 4:00,2.603406053,2.595651998,3.772508608,R1111
12/31/2024 4:30,2.928665887,3.071225769,4.082986083,R1111
12/31/2024 5:00,3.201946417,3.442580128,4.349774714,R1111
12/31/2024 5:30,3.320279749,3.713465455,4.56891186,R1111
12/31/2024 6:00,2.308499424,3.818659869,4.799682905,R1111
12/31/2024 6:30,1.781053323,3.841103022,4.819556085,R1111
12/31/2024 7:00,1.744721693,3.756171712,4.766951198,R1111
12/31/2024 7:30,1.90176029,3.830985178,5.08057682,R1111
12/31/2024 8:00,2.172083237,4.009297881,5.191933104,R1111
12/31/2024 8:30,7.292741091,11.95731457,11.84063971,R1111
12/31/2024 9:00,8.984694749,14.43693577,14.39274329,R1111
12/31/2024 9:30,9.28994446,15.08345514,15.25564726,R1111
12/31/2024 10:00,9.070118154,14.583149,14.54531407,R1111
12/31/2024 10:30,8.800060068,14.09147578,14.02032711,R1111
12/31/2024 11:00,9.295310729,14.72658439,15.12959395,R1111
12/31/2024 11:30,10.50925932,16.32439647,16.29718273,R1111
12/31/2024 12:00,11.25787189,17.22020072,17.17644873,R1111
12/31/2024 12:30,12.27164155,18.34913581,18.35145823,R1111
12/31/2024 13:00,12.83862172,19.02849478,19.1308768,R1111
1/7/2025 12:16,9.46886876,16.03231347,15.09348095,R1111
1/7/2025 12:30,9.897581197,16.7815791,16.05095999,R1111
1/7/2025 13:00,10.48145386,17.51919705,16.8876929,R1111
1/7/2025 13:30,10.85639633,18.07060701,17.70790782,R1111
1/7/2025 14:00,11.786919,18.82882153,18.55838492,R1111
1/7/2025 14:30,11.54478159,18.8913817,18.46598582,R1111
1/7/2025 15:00,11.81379997,19.24687182,19.07160807,R1111
1/7/2025 15:30,11.92407524,19.16290194,18.66123901,R1111
1/7/2025 16:00,11.31820104,18.22703807,17.51288341,R1111
1/7/2025 16:30,10.44715635,16.68299034,15.93733214,R1111
1/7/2025 17:00,7.404692425,12.45201135,11.87873607,R1111
1/7/2025 17:30,5.336840302,8.788172389,8.257850045,R1111
1/7/2025 18:00,3.932097085,6.310304095,5.888782835,R1111
1/7/2025 18:30,3.934061395,6.278956421,6.076006105,R1111
1/7/2025 19:00,3.66643217,5.725950001,5.656038824,R1111
1/7/2025 19:30,3.625054041,5.784773282,5.712097231,R1111
1/7/2025 20:00,3.773981522,5.937857408,5.788880091,R1111
1/7/2025 20:30,3.760885935,5.815000256,5.695932837,R1111
1/7/2025 21:00,3.770605538,5.776950422,5.73438947,R1111
1/7/2025 21:30,3.767413482,5.761317241,5.790324067,R1111
1/7/2025 22:00,3.861193151,6.077537329,5.900940253,R1111
1/7/2025 22:30,3.822722453,5.981596322,5.855263458,R1111
1/7/2025 23:00,3.816877789,5.880196317,5.827312544,R1111
1/7/2025 23:30,3.821102989,5.871113216,5.680143147,R1111
1/8/2025 0:00,3.881019361,5.816281854,5.681260646,R1111
1/8/2025 0:30,3.816200965,5.811284101,5.742976427,R1111
1/8/2025 1:00,3.948795944,5.964896747,5.791444626,R1111
1/8/2025 1:30,4.030636905,5.739290542,5.613022651,R1111
1/8/2025 2:00,3.966086134,5.702047838,5.656449083,R1111
1/8/2025 2:30,4.059455154,5.655880452,5.648103484,R1111
1/8/2025 3:00,3.956377158,5.491921173,5.431758354,R1111
1/8/2025 3:30,4.130423915,5.642173765,5.477212568,R1111
1/8/2025 4:00,4.125638335,5.748501185,5.64181498,R1111
1/8/2025 4:30,4.186663846,5.580019722,5.583846536,R1111
1/8/2025 5:00,4.101560944,5.615243029,5.46072105,R1111
1/8/2025 5:30,4.164101007,5.775268797,5.454373913,R1111
1/8/2025 6:00,4.356814692,5.813406999,5.511757124,R1111
1/8/2025 6:30,4.218980341,5.615208621,5.36786693,R1111
1/8/2025 7:00,4.007143705,5.356333659,5.173050004,R1111
1/8/2025 7:30,4.002588282,5.365410818,5.086451841,R1111
1/8/2025 8:00,3.983525172,5.464441878,5.049166237,R1111
1/8/2025 8:30,5.426360167,7.422561123,6.838340657,R1111
1/8/2025 9:00,6.496907652,8.978604704,8.237871113,R1111
1/8/2025 9:30,6.637793544,9.301262637,8.489335819,R1111
1/8/2025 10:00,6.236056299,8.701991167,8.039155859,R1111
1/8/2025 10:30,6.680878173,9.101838814,8.521139211,R1111
1/8/2025 11:00,7.542970176,10.45393639,9.729219643,R1111
1/8/2025 11:30,8.024056573,11.52737117,10.59670706,R1111
1/8/2025 12:00,8.901529056,12.65941605,11.62768667,R1111
1/8/2025 12:30,9.408231312,13.39693893,12.22515874,R1111
1/8/2025 13:00,10.04353277,14.49198092,13.31939397,R1111
1/8/2025 13:30,10.36008164,14.86913541,13.9091862,R1111
1/8/2025 14:00,9.768206493,14.09699759,12.98693102,R1111
1/8/2025 14:30,8.721372162,12.56418197,11.5156245,R1111
1/8/2025 15:00,8.172739338,11.65944311,10.785728,R1111
1/8/2025 15:30,8.250204376,12.01643009,11.01244278,R1111
1/8/2025 16:00,7.794845389,11.17457055,10.30893589,R1111
1/8/2025 16:30,7.190990141,10.39047436,9.502257823,R1111
1/8/2025 17:00,6.876589154,10.01814206,9.28551203,R1111
1/8/2025 17:30,6.014715046,8.082514515,7.328102575,R1111
1/8/2025 18:00,5.699370782,7.186561522,6.613083909,R1111
1/8/2025 18:30,5.695676342,7.766353936,7.072795616,R1111
1/8/2025 19:00,5.036707391,6.994192673,6.61297513,R1111
1/8/2025 19:30,5.09642365,7.014974863,6.425979375,R1111
1/8/2025 20:00,5.003673739,6.630060113,6.170463124,R1111
1/8/2025 20:30,4.856671249,6.361578831,6.162932317,R1111
1/8/2025 21:00,4.865398859,6.325490207,5.835052495,R1111
1/8/2025 21:30,5.051512128,6.604662866,6.408691748,R1111
1/8/2025 22:00,5.035264894,6.611312109,6.43057835,R1111
1/8/2025 22:30,4.989297586,6.567675341,6.526023225,R1111
1/8/2025 23:00,5.05972985,6.842283557,6.571896005,R1111
1/8/2025 23:30,5.29583845,6.894101692,6.641001209,R1111
1/9/2025 0:00,5.35579177,7.015997874,6.66204529,R1111
1/9/2025 0:30,3.814069805,3.923928037,3.95064839,R1111
1/9/2025 1:00,3.369651202,3.38545156,3.726138333,R1111
1/9/2025 1:30,3.114748891,3.024604918,3.31056115,R1111
1/9/2025 2:00,2.464394952,2.927099528,3.378018686,R1111
1/9/2025 2:30,2.514963104,2.979500757,3.315647036,R1111
1/9/2025 3:00,2.198290134,2.892868688,3.277704081,R1111
1/9/2025 3:30,2.464649164,3.67046912,4.001772209,R1111
1/9/2025 4:00,2.509103286,4.594950163,4.786639567,R1111
1/9/2025 4:30,2.71648872,5.080860329,5.142441019,R1111
1/9/2025 5:00,2.959413285,5.420241114,5.603017039,R1111
1/9/2025 5:30,2.813228825,5.794101495,5.756428438,R1111
1/9/2025 6:00,2.99825402,6.113007274,6.061703195,R1111
1/9/2025 6:30,3.156119725,6.207173277,6.16726277,R1111
1/9/2025 7:00,3.13706398,6.31861703,6.293440379,R1111
1/9/2025 7:30,3.237700778,6.186820924,6.152563872,R1111
1/9/2025 8:00,3.15870016,6.056620444,5.99684692,R1111
1/9/2025 8:30,4.816968582,8.874157857,8.556933047,R1111
1/9/2025 9:00,5.562520741,9.916569013,9.56913562,R1111
1/9/2025 9:30,7.873052541,13.48429211,12.80189316,R1111
1/9/2025 10:00,10.24976063,16.7210742,16.1711789,R1111
1/9/2025 10:30,10.68344421,17.39609355,16.82932606,R1111
1/9/2025 11:00,11.33332753,18.12021262,17.87667114,R1111
1/9/2025 11:30,12.01935048,18.88781457,18.84657691,R1111
1/9/2025 12:00,12.76515934,19.6891893,19.66617268,R1111
1/9/2025 12:30,13.60395765,20.58167329,20.66701629,R1111
1/9/2025 13:00,13.70100953,20.57823734,20.66821845,R1111
1/9/2025 13:30,14.29776307,21.86828902,22.33072168,R1111
1/9/2025 14:00,14.85209418,22.2611396,23.13221891,R1111
1/9/2025 14:30,14.45723647,22.29262769,22.81155095,R1111
1/9/2025 15:00,13.60338788,21.17304839,21.70602456,R1111
1/9/2025 15:30,12.01546274,18.90609534,18.71551432,R1111
1/9/2025 16:00,10.0821843,16.37794348,16.04910196,R1111
1/9/2025 16:30,8.30775728,13.63977225,13.27968575,R1111
1/9/2025 17:00,5.442369947,8.936621331,8.512577702,R1111
1/9/2025 17:30,4.753641153,7.684020838,7.252850094,R1111
1/9/2025 18:00,4.06016718,6.557241294,6.149907979,R1111
1/9/2025 18:30,4.917864109,7.936871904,7.393178672,R1111
1/9/2025 19:00,4.870437482,7.899484518,7.639827621,R1111
1/9/2025 19:30,4.579685192,7.589162026,7.523561628,R1111
1/9/2025 20:00,4.607377837,7.470503822,7.570766876,R1111
1/9/2025 20:30,4.55164187,7.405924999,7.314359802,R1111
1/9/2025 21:00,4.444400446,7.412646942,7.123434999,R1111
1/9/2025 21:30,4.410117508,7.253294876,7.147015185,R1111
1/9/2025 22:00,4.254294673,7.215234698,7.000921666,R1111
1/9/2025 22:30,4.324425182,7.389625899,7.223512042,R1111
1/9/2025 23:00,4.11350129,7.042067379,6.623115537,R1111
1/9/2025 23:30,4.116880295,6.961105713,6.620419359,R1111
1/10/2025 0:00,4.388305278,7.086012198,6.833293309,R1111
1/10/2025 0:30,4.254091815,7.018771544,6.904977656,R1111
1/10/2025 1:00,4.659299871,7.475635813,7.137660101,R1111
1/10/2025 1:30,4.268407779,6.921224632,6.794076336,R1111
1/10/2025 2:00,4.237066745,6.95222244,6.763093142,R1111
1/10/2025 2:30,4.390401594,7.1134366,6.989849652,R1111
1/10/2025 3:00,4.448478182,7.040955976,6.758070191,R1111
1/10/2025 3:30,4.269537611,7.126975744,7.032597513,R1111
1/10/2025 4:00,4.31980917,7.159089777,6.989689376,R1111
1/10/2025 4:30,4.290536014,7.073158918,6.93162614,R1111
1/10/2025 5:00,4.181111796,6.946361953,6.851885697,R1111
1/10/2025 5:30,4.142170089,7.188351075,6.944287879,R1111
1/10/2025 6:00,4.283690957,7.071581663,6.961878668,R1111
1/10/2025 6:30,4.176772707,7.028115134,6.799332213,R1111
1/10/2025 7:00,4.416299399,6.921817529,6.623191637,R1111
1/10/2025 7:30,4.242202904,6.908269581,6.50978236,R1111
1/10/2025 8:00,4.04519029,6.864474681,6.34135077,R1111
1/10/2025 8:30,12.51529192,18.76412652,17.86173236,R1111
1/10/2025 9:00,12.3824599,18.38416912,17.62777313,R1111
1/10/2025 9:30,10.25164291,16.18811775,15.07241106,R1111
1/10/2025 10:00,10.68290367,17.0824968,16.84278625,R1111
1/10/2025 10:30,11.32176325,18.17514891,17.75308398,R1111
1/10/2025 11:00,11.38331825,18.09323648,17.38420405,R1111
1/10/2025 11:30,11.75563125,18.12517979,17.41896819,R1111
1/10/2025 12:00,12.73450467,19.57748227,19.26732957,R1111
1/10/2025 12:30,13.03960355,18.89143015,17.90174092,R1111
1/10/2025 13:00,13.65136058,19.44367565,18.66882795,R1111
1/10/2025 13:30,14.31211218,20.63617453,20.27089391,R1111
1/10/2025 14:00,15.09175993,21.69093772,21.52467574,R1111
1/10/2025 14:30,15.56685294,22.74141108,22.76542595,R1111
1/10/2025 15:00,15.38397571,22.61194108,22.37399931,R1111
1/10/2025 15:30,14.58601639,21.20542808,21.22060935,R1111
1/10/2025 16:00,13.03240583,19.42511282,19.0787738,R1111
1/10/2025 16:30,11.51414842,17.41984579,17.203016,R1111
1/10/2025 17:00,8.405813119,12.86961402,12.48500509,R1111
1/10/2025 17:30,6.990643952,10.50015295,9.853392144,R1111
1/10/2025 18:00,5.351316306,7.979516171,7.510961805,R1111
1/10/2025 18:30,5.862530357,8.798794798,8.172967102,R1111
1/10/2025 19:00,5.533051708,8.239339259,7.862444073,R1111
1/10/2025 19:30,5.55365372,8.330418826,8.075367116,R1111
1/10/2025 20:00,5.399899659,8.112155641,8.104381386,R1111
1/10/2025 20:30,5.139817516,7.821865583,7.751199402,R1111
1/10/2025 21:00,5.053035836,7.709626571,7.639911195,R1111
1/10/2025 21:30,5.099288866,7.642204698,7.811199869,R1111
1/10/2025 22:00,5.268562813,7.56114196,7.556496411,R1111
1/10/2025 22:30,5.28878573,7.757568841,7.768617859,R1111
1/10/2025 23:00,5.120693006,7.41146652,7.434755309,R1111
1/10/2025 23:30,5.180850481,7.651317922,7.559670437,R1111
1/11/2025 0:00,5.042341184,7.358072519,7.442619309,R1111
1/11/2025 0:30,5.089446176,7.604540748,7.459774354,R1111
1/11/2025 1:00,5.046482526,7.428494802,7.556650935,R1111
1/11/2025 1:30,4.960074161,7.349554948,7.236110255,R1111
1/11/2025 2:00,4.967256654,7.332865058,7.44799512,R1111
1/11/2025 2:30,5.311025411,7.671293046,7.498783006,R1111
1/11/2025 3:00,5.199530752,7.453058441,7.567588757,R1111
1/11/2025 3:30,5.158191921,7.81017241,7.681118995,R1111
1/11/2025 4:00,5.263344382,7.842486864,7.661684858,R1111
1/11/2025 4:30,5.057886436,7.8098954,7.574322982,R1111
1/11/2025 5:00,4.988968223,7.828937108,7.51338273,R1111
1/11/2025 5:30,5.113383985,7.638382896,7.717378032,R1111
1/11/2025 6:00,5.153435914,7.721441831,7.62652436,R1111
1/11/2025 6:30,5.219306387,7.61186378,7.533403136,R1111
1/11/2025 7:00,5.242589927,7.464125528,7.294655247,R1111
1/11/2025 7:30,4.988505875,7.314067226,7.178252786,R1111
1/11/2025 8:00,4.914014162,7.244633853,7.139072259,R1111
1/11/2025 8:30,13.06654366,19.06604507,19.02993155,R1111
1/11/2025 9:00,12.58715427,18.28859364,18.15197707,R1111
1/11/2025 9:30,11.64082443,16.99711355,16.98853802,R1111
1/11/2025 10:00,11.48116547,16.54298144,16.03233164,R1111
1/11/2025 10:30,11.93962464,17.28756433,16.82521122,R1111
1/11/2025 11:00,13.18367049,18.51474137,18.31798037,R1111
1/11/2025 11:30,14.14449803,20.02318191,19.89777594,R1111
1/11/2025 12:00,14.62026851,20.513343,20.71002567,R1111
1/11/2025 12:30,15.19340313,21.12257026,21.22812169,R1111
1/11/2025 13:00,15.06889593,21.17191267,22.02350002,R1111
1/11/2025 13:30,15.27787324,21.64305658,22.49876185,R1111
1/11/2025 14:00,15.9737447,22.15039195,22.7141192,R1111
1/11/2025 14:30,15.94190412,22.6224351,22.92404133,R1111
1/11/2025 15:00,15.35005208,21.97685068,22.28679302,R1111
1/11/2025 15:30,14.61608613,20.82536753,20.72589879,R1111
1/11/2025 16:00,13.30655332,19.10230069,18.83984804,R1111
1/11/2025 16:30,11.98327953,17.11095887,16.87521322,R1111
1/11/2025 17:00,8.792139032,12.88435459,12.43507013,R1111
1/11/2025 17:30,7.032193577,10.64880665,9.881640483,R1111
1/11/2025 18:00,5.711092454,8.17538568,7.582021095,R1111
1/11/2025 18:30,6.008055927,8.671601489,8.018972406,R1111
1/11/2025 19:00,5.743817365,8.135814623,7.911845044,R1111
1/11/2025 19:30,5.732528146,7.964677811,7.944719161,R1111
1/11/2025 20:00,5.211308307,8.584246198,7.810624161,R1111
1/11/2025 20:30,5.330409489,7.956314662,7.949572865,R1111
1/11/2025 21:00,5.516766584,8.018323471,7.882666495,R1111
1/11/2025 21:30,5.291460109,7.751908332,7.618305477,R1111
1/11/2025 22:00,5.007852494,7.534727263,7.337583259,R1111
1/11/2025 22:30,4.97587486,7.37101979,7.16555321,R1111
1/11/2025 23:00,5.098891549,7.205354202,7.139321289,R1111
1/11/2025 23:30,5.116317036,7.397012818,7.36519869,R1111
1/12/2025 0:00,5.049975494,7.149707055,7.218307459,R1111
1/12/2025 0:30,3.43217599,4.709003991,4.746027681,R1111
1/12/2025 1:00,2.923371278,4.002923868,4.229724657,R1111
1/12/2025 1:30,2.499309849,3.131364458,3.479113962,R1111
1/12/2025 2:00,2.706530221,3.352298426,3.635760256,R1111
1/12/2025 2:30,2.183902818,2.590800566,2.923099897,R1111
1/12/2025 3:00,2.522153868,2.88307276,3.262950415,R1111
1/12/2025 3:30,3.151715491,4.294953715,4.440982009,R1111
1/12/2025 4:00,3.098092,4.958513911,5.042773137,R1111
1/12/2025 4:30,3.79865052,5.899093389,5.831617129,R1111
1/12/2025 5:00,3.670707924,5.577561685,5.567143057,R1111
1/12/2025 5:30,3.706570877,5.851705369,5.746037417,R1111
1/12/2025 6:00,3.775112536,5.846414798,5.655195532,R1111
1/12/2025 6:30,4.052859378,6.146507717,5.957172071,R1111
1/12/2025 7:00,3.726376543,5.704460796,5.703921635,R1111
1/12/2025 7:30,3.625564958,5.809088848,5.774676404,R1111
1/12/2025 8:00,3.77540941,6.157722533,6.055895027,R1111
1/12/2025 8:30,10.95873886,16.50566852,15.84470069,R1111
1/12/2025 9:00,11.98120612,17.12643132,16.64216347,R1111
1/12/2025 9:30,11.8944228,17.35534709,17.12763944,R1111
1/12/2025 10:00,11.72643504,17.13549628,16.61290087,R1111
1/12/2025 10:30,12.05698169,17.35475474,17.12792903,R1111
1/12/2025 11:00,12.95261522,18.41138324,18.12435332,R1111
1/12/2025 11:30,14.16092298,19.61359957,19.33881602,R1111
1/12/2025 12:00,14.83255631,20.41728929,20.55753277,R1111
1/12/2025 12:30,15.401037,21.16842843,21.36691836,R1111
1/12/2025 13:00,15.85533737,21.84734014,22.08977086,R1111
1/12/2025 13:30,15.91247757,22.17866251,22.74662539,R1111
1/12/2025 14:00,16.20543382,22.46780308,23.29388611,R1111
1/12/2025 14:30,16.78455867,23.16209232,23.94018173,R1111
1/12/2025 15:00,16.38372378,22.4010381,23.34376675,R1111
1/12/2025 15:30,15.33692651,21.43811147,21.65107416,R1111
1/12/2025 16:00,13.94450093,19.27983072,19.04648953,R1111
1/12/2025 16:30,12.12866773,17.18426462,16.8231917,R1111
1/12/2025 17:00,8.434673898,12.06030059,11.86174228,R1111
1/12/2025 17:30,6.882803188,9.520907508,9.203487317,R1111
1/12/2025 18:00,5.215994161,7.144678364,6.795640213,R1111
1/12/2025 18:30,5.696995201,7.997150414,7.545894739,R1111
1/12/2025 19:00,5.588615285,7.7738642,7.572776118,R1111
1/12/2025 19:30,5.495978266,7.479353609,7.361895759,R1111
1/12/2025 20:00,5.607224998,7.756440188,7.530594405,R1111
1/12/2025 20:30,5.642306898,7.811518584,8.002724832,R1111
1/12/2025 21:00,5.512255733,7.555742304,7.505132896,R1111
1/12/2025 21:30,5.360912005,7.131440265,7.279650844,R1111
1/12/2025 22:00,5.332283996,7.357746199,7.267726348,R1111
1/12/2025 22:30,5.138456284,6.88561701,6.851913137,R1111
1/12/2025 23:00,5.22474045,7.24200891,7.244598894,R1111
1/12/2025 23:30,5.434411057,7.382121951,7.350075052,R1111
1/13/2025 0:00,5.507279227,7.309885563,7.368789868,R1111
1/13/2025 0:30,5.538098533,7.391528972,7.478957271,R1111
1/13/2025 1:00,5.416003201,7.231924359,7.605355557,R1111
1/13/2025 1:30,5.496054394,7.314831083,7.68261617,R1111
1/13/2025 2:00,5.246951695,7.153306158,7.180909958,R1111
1/13/2025 2:30,5.162054177,7.302514126,7.43398026,R1111
1/13/2025 3:00,5.404500928,7.032420309,7.074059559,R1111
1/13/2025 3:30,5.513426293,7.27645987,7.077915037,R1111
1/13/2025 4:00,5.479770226,7.140325649,7.110352763,R1111
1/13/2025 4:30,5.39480799,7.372829957,7.287770851,R1111
1/13/2025 5:00,5.440046705,7.108150818,7.295242629,R1111
1/13/2025 5:30,5.320104995,7.172465073,7.258908026,R1111
1/13/2025 6:00,5.218323993,7.393183508,7.336973674,R1111
1/13/2025 6:30,5.281770637,7.203737021,7.386211301,R1111
1/13/2025 7:00,5.032777279,7.097957908,7.044717728,R1111
1/13/2025 7:30,5.170837508,6.872278812,6.737537246,R1111
1/13/2025 8:00,5.078283207,7.029639509,7.092174463,R1111
1/13/2025 8:30,13.33738848,18.52632954,18.65343107,R1111
1/13/2025 9:00,13.4471339,18.2900806,18.20215238,R1111
1/13/2025 9:30,12.65543213,17.35046266,17.54625933,R1111
1/13/2025 10:00,12.23769796,16.65338613,16.61766691,R1111
1/13/2025 10:30,12.5644271,17.15430035,17.0472988,R1111
1/13/2025 11:00,13.51074186,18.35496503,18.44017375,R1111
1/13/2025 11:30,14.48929813,19.70574759,20.10478641,R1111
1/13/2025 12:00,14.97527114,20.28984181,20.70512728,R1111
1/13/2025 12:30,15.46159288,20.95819822,21.6138506,R1111
1/13/2025 13:00,16.15487455,21.71982113,22.44890596,R1111
1/13/2025 13:30,15.97546147,22.23521308,23.24955297,R1111
1/13/2025 14:00,16.32603362,22.7334971,23.50620842,R1111
1/13/2025 14:30,16.80884657,23.2814629,24.13396176,R1111
1/13/2025 15:00,16.44525902,22.9202865,23.39661581,R1111
1/13/2025 15:30,15.81800492,21.94440216,22.27459249,R1111
1/13/2025 16:00,14.18698168,19.65216948,19.60932966,R1111
1/13/2025 16:30,12.93583798,18.22806663,18.04121503,R1111
1/13/2025 17:00,9.837729187,13.43055475,13.06887729,R1111
1/13/2025 17:30,7.757258897,10.22874601,9.643103656,R1111
1/13/2025 18:00,5.887446377,7.666768942,7.167771574,R1111
1/13/2025 18:30,5.780157955,7.506073811,7.186971487,R1111
1/13/2025 19:00,5.283497695,6.89898348,6.797808414,R1111
1/13/2025 19:30,5.020186225,6.940151415,6.882184872,R1111
1/13/2025 20:00,5.319763298,7.101942048,7.048821522,R1111
1/13/2025 20:30,5.193985047,6.914493124,6.801008631,R1111
1/13/2025 21:00,5.217008944,7.064907396,6.784856339,R1111
1/13/2025 21:30,5.006296185,6.910122097,6.701058969,R1111
1/13/2025 22:00,5.022522381,6.852667576,6.73131511,R1111
1/13/2025 22:30,5.144836676,6.86553293,6.648956048,R1111
1/13/2025 23:00,5.22130465,6.852475295,6.666258494,R1111
1/13/2025 23:30,5.370927639,7.083447413,6.970950044,R1111
1/14/2025 0:00,5.363015089,7.062457695,6.989899548,R1111
1/14/2025 0:30,3.220458202,4.224494341,4.290804328,R1111
1/14/2025 1:00,2.870200911,3.803877316,4.120087998,R1111
1/14/2025 1:30,2.549951198,3.392254739,3.519168653,R1111
1/14/2025 2:00,2.447005396,3.19777655,3.483975793,R1111
1/14/2025 2:30,2.152950538,2.635233081,2.932185944,R1111
1/14/2025 3:00,2.143102559,2.881554523,3.154340401,R1111
1/14/2025 3:30,2.675505522,3.994435725,4.126109833,R1111
1/14/2025 4:00,3.318094632,4.780896776,4.623221299,R1111
1/14/2025 4:30,3.444679124,5.22593644,5.005162868,R1111
1/14/2025 5:00,3.837176535,5.782986001,5.684913884,R1111
1/14/2025 5:30,4.078017765,6.060201817,5.768643437,R1111
1/14/2025 6:00,4.083018254,6.249640582,5.89345258,R1111
1/14/2025 6:30,4.131127574,6.078165723,5.800282548,R1111
1/14/2025 7:00,4.084459848,6.257519915,5.680979752,R1111
1/14/2025 7:30,3.958427247,6.27407828,5.884862243,R1111
1/14/2025 8:00,3.861692021,6.308095604,5.649780627,R1111
1/14/2025 8:30,10.94908539,16.55337185,15.3096073,R1111
1/14/2025 9:00,11.70077041,17.370221,15.87197517,R1111
1/14/2025 9:30,11.6341385,17.18554854,16.08001103,R1111
1/14/2025 10:00,11.68155063,17.27499223,16.07698563,R1111
1/14/2025 10:30,12.15304662,17.85051096,16.44168562,R1111
1/14/2025 11:00,13.37119535,19.40991962,18.14206407,R1111
1/14/2025 11:30,14.35681231,20.77522727,19.67693504,R1111
1/14/2025 12:00,15.17236447,21.6046093,20.76214606,R1111
1/14/2025 12:30,15.37444895,22.42618853,21.76101488,R1111
1/14/2025 13:00,16.29225024,23.29468221,22.75368878,R1111
1/14/2025 13:30,16.54704161,23.86913398,23.37894851,R1111
1/14/2025 14:00,16.79369769,24.55506261,24.3802439,R1111
1/14/2025 14:30,16.78178489,24.53503795,24.57408487,R1111
1/14/2025 15:00,16.47012273,24.09353685,24.19259437,R1111
1/14/2025 15:30,15.38660917,22.67702936,22.57418198,R1111
1/14/2025 16:00,13.7243422,20.3572513,19.7291336,R1111
1/14/2025 16:30,12.25505145,18.18378165,17.47934432,R1111
1/14/2025 17:00,8.634275253,12.53011236,11.84955187,R1111
1/14/2025 17:30,6.572872045,9.169959758,8.460324758,R1111
1/14/2025 18:00,4.915107679,6.916272706,6.264808023,R1111
1/14/2025 18:30,5.187676401,7.410330018,6.730077561,R1111
1/14/2025 19:00,5.084450354,7.174051717,6.715400973,R1111
1/14/2025 19:30,5.013497896,7.308873058,6.703617139,R1111
1/14/2025 20:00,4.90385044,7.132106049,6.687503804,R1111
1/14/2025 20:30,4.827422943,7.196879857,6.705468917,R1111
1/14/2025 21:00,4.871616062,7.100896712,6.667054237,R1111
1/14/2025 21:30,4.749183311,7.143528248,6.608610628,R1111
1/14/2025 22:00,4.882838373,7.210011897,6.59773753,R1111
1/14/2025 22:30,4.798582604,7.020414628,6.536701344,R1111
1/14/2025 23:00,4.944284637,7.063429537,6.476659378,R1111
1/14/2025 23:30,4.878114082,6.945109486,6.27629034,R1111
1/15/2025 0:00,4.934238532,6.928476082,6.343793486,R1111
1/15/2025 0:30,4.952463956,7.027249132,6.360644187,R1111
1/15/2025 1:00,4.848343358,6.95236522,6.349429507,R1111
1/15/2025 1:30,4.756857125,6.889208495,6.27957888,R1111
1/15/2025 2:00,4.898617801,6.943661506,6.373659666,R1111
1/15/2025 2:30,5.070070792,7.03738247,6.403972432,R1111
1/15/2025 3:00,4.846803946,7.129476136,6.543194604,R1111
1/15/2025 3:30,4.819490985,6.844728761,6.326043247,R1111
1/15/2025 4:00,4.856422963,6.765296484,6.264407204,R1111
1/15/2025 4:30,5.043864036,7.098763481,6.488244106,R1111
1/15/2025 5:00,5.042547826,7.217844506,6.817554039,R1111
1/15/2025 5:30,5.123980345,7.155853457,6.449015482,R1111
1/15/2025 6:00,5.196827144,7.387251971,6.68749537,R1111
1/15/2025 6:30,5.216416367,7.116366327,6.386459358,R1111
1/15/2025 7:00,5.072824221,7.127578522,6.558566663,R1111
1/15/2025 7:30,4.992237015,6.912138949,6.244231454,R1111
1/15/2025 8:00,5.283806705,8.011691731,7.150698182,R1111
1/15/2025 8:30,13.86192502,19.52369786,18.0990553,R1111
1/15/2025 9:00,13.30329866,18.92897235,17.79190659,R1111
1/15/2025 9:30,12.64039504,18.23794786,16.86454942,R1111
1/15/2025 10:00,12.49626104,17.79732583,16.60934422,R1111
1/15/2025 10:30,13.43979665,18.81840149,17.6081903,R1111
1/15/2025 11:00,14.57146587,20.40472862,19.26656008,R1111
1/15/2025 11:30,15.24645789,21.57098009,20.72508074,R1111
1/15/2025 12:00,15.66667057,22.12205654,21.11142446,R1111
1/15/2025 12:30,15.99153044,22.33673003,21.82851911,R1111
1/15/2025 13:00,16.39527047,22.58645671,21.72973289,R1111
1/15/2025 13:30,16.05010198,23.15637075,22.61725193,R1111
1/15/2025 14:00,16.68299015,23.60339682,23.5133613,R1111
1/15/2025 14:30,17.18962365,24.32726897,24.30172415,R1111
1/15/2025 15:00,16.84418859,23.94964192,23.32967093,R1111
1/15/2025 15:30,16.02726695,22.61334604,21.6851503,R1111
1/15/2025 16:00,14.68432018,20.32877956,19.55371977,R1111
1/15/2025 16:30,12.7694427,17.74961998,16.54423061,R1111
1/15/2025 17:00,9.145979895,12.80142521,11.58769724,R1111
1/15/2025 17:30,7.218568169,9.843813276,8.798365834,R1111
1/15/2025 18:00,5.870339374,7.492276179,6.680060297,R1111
1/15/2025 18:30,5.634049043,7.633897694,6.760337475,R1111
1/15/2025 19:00,5.449837553,7.1732672,6.427225041,R1111
1/15/2025 19:30,5.499781827,7.536509647,6.635758441,R1111
1/15/2025 20:00,5.706986828,7.733519898,6.97153465,R1111
1/15/2025 20:30,5.684353382,7.628494819,6.917069832,R1111
1/15/2025 21:00,5.69537891,7.584206785,6.780744137,R1111
1/15/2025 21:30,5.80827753,7.570458325,6.990654005,R1111
1/15/2025 22:00,5.490962726,7.470725418,6.980206831,R1111
1/15/2025 22:30,5.491433758,7.493522417,6.959508127,R1111
1/15/2025 23:00,5.709092153,7.529433867,6.979197598,R1111
1/15/2025 23:30,5.741442864,7.25676148,6.925860311,R1111
1/16/2025 0:00,5.58487129,7.405362787,6.975859143,R1111
1/16/2025 0:30,4.208410898,5.755210045,5.392806622,R1111
1/16/2025 1:00,3.417516807,4.333153659,4.263977536,R1111
1/16/2025 1:30,3.068693472,3.792144458,3.601879439,R1111
1/16/2025 2:00,2.841905384,3.588625467,3.517209918,R1111
1/16/2025 2:30,2.93171608,3.853620857,3.749120284,R1111
1/16/2025 3:00,2.661429258,3.255219135,3.167358495,R1111
1/16/2025 3:30,2.967783744,4.348157714,4.18644862,R1111
1/16/2025 4:00,3.918280283,5.376073232,5.118935875,R1111
1/16/2025 4:30,4.264606113,5.835647702,5.346485149,R1111
1/16/2025 5:00,4.279644965,6.190028203,5.633232628,R1111
1/16/2025 5:30,4.417906115,6.513293938,5.975259015,R1111
1/16/2025 6:00,4.500056702,6.602903911,5.932393124,R1111
1/16/2025 6:30,4.547641117,6.831724156,6.212927595,R1111
1/16/2025 7:00,4.679728131,6.992940995,6.281883523,R1111
1/16/2025 7:30,4.844321807,6.841997537,6.34465531,R1111
1/16/2025 8:00,5.23496291,7.859479759,7.181306513,R1111
1/16/2025 8:30,12.4417857,17.66687603,16.37012832,R1111
1/16/2025 9:00,12.27299698,17.46273514,16.30035654,R1111
1/16/2025 9:30,12.42142796,16.94422797,16.22235763,R1111
1/16/2025 10:00,11.96126329,17.19927036,16.24557962,R1111
1/16/2025 10:30,12.99075987,18.38458955,17.53340088,R1111
1/16/2025 11:00,14.15759225,19.50347754,18.38526348,R1111
1/16/2025 11:30,14.58658984,20.47236521,19.45438866,R1111
1/16/2025 12:00,14.87337056,20.94266688,19.69858601,R1111
1/16/2025 12:30,NA,NA,NA,R1111
1/16/2025 12:33,15.72377514,19.70262966,20.16449319,R1111
1/16/2025 13:00,15.48713294,22.02953058,21.40933541,R1111
1/16/2025 13:30,15.55684762,22.32496626,22.02888698,R1111
1/16/2025 14:00,15.80109766,22.42118598,21.55012829,R1111
1/16/2025 14:30,15.81339121,23.21378208,22.61105356,R1111
1/16/2025 15:00,15.67634586,22.67934654,21.73224997,R1111
1/16/2025 15:30,14.8431043,21.67593828,20.91503646,R1111
1/16/2025 16:00,13.53274504,19.77605804,19.12182134,R1111
1/16/2025 16:30,11.61645758,17.25424047,16.29857196,R1111
1/16/2025 17:00,8.255830037,12.00158876,10.94452439,R1111
1/16/2025 17:30,6.464693547,9.333943861,8.13896274,R1111
1/16/2025 18:00,4.819650611,6.487479949,5.677734983,R1111
1/16/2025 18:30,5.00794271,7.031511846,6.249644224,R1111
1/16/2025 19:00,4.882805092,6.781628395,6.248840641,R1111
1/16/2025 19:30,4.977512406,6.924466266,6.254050909,R1111
1/16/2025 20:00,4.960805151,6.974949538,6.313399364,R1111
1/16/2025 20:30,4.919172812,6.775268793,6.239406883,R1111
1/16/2025 21:00,5.01351564,6.88270844,6.44027786,R1111
1/16/2025 21:30,5.177700716,7.066121692,6.585617433,R1111
1/16/2025 22:00,5.191651108,7.024045235,6.476679755,R1111
1/16/2025 22:30,5.124908388,6.931435061,6.465236105,R1111
1/16/2025 23:00,5.177745905,6.885527506,6.384769218,R1111
1/16/2025 23:30,5.254426733,7.212314748,6.678349612,R1111
1/17/2025 0:00,5.268443376,7.051035427,6.505731573,R1111
1/17/2025 0:30,5.252046904,7.102148349,6.739507487,R1111
1/17/2025 1:00,5.233704168,7.29948791,6.67022677,R1111
1/17/2025 1:30,5.350853529,7.092480126,6.592673923,R1111
1/17/2025 2:00,5.468803222,7.121724023,6.606849904,R1111
1/17/2025 2:30,5.496061196,7.161203263,6.697048701,R1111
1/17/2025 3:00,5.484406531,7.033084456,6.731490694,R1111
1/17/2025 3:30,5.321256502,7.235333571,6.774688412,R1111
1/17/2025 4:00,5.180071602,7.288251183,6.778639639,R1111
1/17/2025 4:30,5.357639172,7.001161135,6.730379168,R1111
1/17/2025 5:00,5.331484802,7.240306436,6.706084577,R1111
1/17/2025 5:30,5.404932117,7.25197465,6.67630681,R1111
1/17/2025 6:00,5.053497051,7.061303445,6.538307506,R1111
1/17/2025 6:30,5.344147137,6.819383643,6.401549286,R1111
1/17/2025 7:00,4.656906857,6.392738783,5.965472774,R1111
1/17/2025 7:30,4.854921416,6.369444642,6.052413981,R1111
1/17/2025 8:00,5.687789151,7.994991128,7.406245795,R1111
1/17/2025 8:30,12.74471612,17.21908266,16.50924318,R1111
1/17/2025 9:00,12.82734176,17.60781633,16.7210168,R1111
1/17/2025 9:30,12.92364005,17.69731438,17.06184805,R1111
1/17/2025 10:00,13.01888133,17.7087176,16.95469349,R1111
1/17/2025 10:30,13.26593433,18.31021485,17.63761731,R1111
1/17/2025 11:00,14.76707523,19.78883779,19.36286308,R1111
1/17/2025 11:30,15.72553206,21.07078235,20.88876097,R1111
1/17/2025 12:00,15.77053594,21.06581746,21.06945727,R1111
1/17/2025 12:30,16.46633804,21.50168672,21.74600057,R1111
1/17/2025 13:00,11.92299127,16.63713542,15.69337728,R1111
1/17/2025 13:30,16.00994333,22.23680607,22.55878644,R1111
1/17/2025 14:00,16.91942697,23.00476876,23.19180127,R1111
1/17/2025 14:30,17.14018315,23.74793536,24.36702775,R1111
1/17/2025 15:00,16.62268435,23.44457406,23.42664796,R1111
1/17/2025 15:30,16.22505162,22.26995956,22.49341602,R1111
1/17/2025 16:00,14.99240229,20.35026263,20.33004608,R1111
1/17/2025 16:30,13.64749686,18.78875171,18.34149765,R1111
1/17/2025 17:00,10.91593523,15.05365874,14.72600039,R1111
1/17/2025 17:30,8.370196388,11.04230586,10.2067175,R1111
1/17/2025 18:00,6.493888809,7.811067655,7.157486284,R1111
1/17/2025 18:30,6.358374731,8.090464935,7.491181779,R1111
1/17/2025 19:00,6.144009642,7.917115986,7.28922844,R1111
1/17/2025 19:30,5.989264817,7.82077452,7.229219397,R1111
1/17/2025 20:00,5.959485446,7.750388243,7.118908715,R1111
1/17/2025 20:30,5.936425466,7.720856457,7.06557703,R1111
1/17/2025 21:00,6.001926561,7.679306094,7.105964557,R1111
1/17/2025 21:30,5.758270269,7.410439303,6.917869625,R1111
1/17/2025 22:00,5.794138796,7.615253452,7.136969643,R1111
1/17/2025 22:30,5.867531874,7.639738476,7.113250809,R1111
1/17/2025 23:00,5.906411645,7.546166037,7.029783806,R1111
1/17/2025 23:30,5.821530562,7.272068398,7.019713109,R1111
1/18/2025 0:00,5.790030078,7.314290865,6.960913345,R1111
1/18/2025 0:30,5.683507735,7.376732607,6.919147411,R1111
1/18/2025 1:00,5.711304898,7.378716021,7.011589252,R1111
1/18/2025 1:30,5.712217344,7.40580847,6.821595893,R1111
1/18/2025 2:00,5.831454271,7.423756808,6.952230206,R1111
1/18/2025 2:30,5.54034476,7.623200029,7.074384105,R1111
1/18/2025 3:00,5.82012438,7.566517367,6.996787027,R1111
1/18/2025 3:30,5.630098165,7.469052056,6.926230334,R1111
1/18/2025 4:00,5.740747648,7.359805115,6.877891494,R1111
1/18/2025 4:30,5.612384803,7.262971566,6.625800122,R1111
1/18/2025 5:00,5.695071457,7.631566514,7.034629703,R1111
1/18/2025 5:30,5.642581787,7.424531633,6.788274911,R1111
1/18/2025 6:00,5.814033893,7.545870072,6.845941575,R1111
1/18/2025 6:30,5.628833774,7.421056279,6.982729399,R1111
1/18/2025 7:00,5.7936077,7.525546394,6.983813744,R1111
1/18/2025 7:30,5.407882168,7.243736017,6.678465153,R1111
1/18/2025 8:00,6.399523965,8.980926191,8.269407408,R1111
1/18/2025 8:30,15.00703114,19.78001952,19.01252001,R1111
1/18/2025 9:00,13.62791274,18.72521712,17.75609478,R1111
1/18/2025 9:30,13.30617354,17.95575559,17.17383972,R1111
1/18/2025 10:00,13.03054523,17.80646447,16.89709599,R1111
1/18/2025 10:30,14.04316396,18.83854223,17.76534204,R1111
1/18/2025 11:00,15.28159825,20.56656114,19.73319528,R1111
1/18/2025 11:30,16.16346024,21.81188902,21.38165149,R1111
1/18/2025 12:00,16.80223986,22.05554527,21.72534813,R1111
1/18/2025 12:30,16.82608086,22.42213048,22.84592665,R1111
1/18/2025 13:00,16.79357051,22.34952658,22.21424037,R1111
1/18/2025 13:30,17.07908705,22.69759256,22.64527911,R1111
1/18/2025 14:00,16.74252322,24.57392935,23.37326301,R1111
1/18/2025 14:30,17.65328712,23.3545177,23.90832098,R1111
1/18/2025 15:00,17.38565655,22.956138,23.30590334,R1111
1/18/2025 15:30,16.47624694,21.70512841,21.24631918,R1111
1/18/2025 16:00,14.31607676,19.20227577,18.82218499,R1111
1/18/2025 16:30,12.96483952,17.14873282,16.66933142,R1111
1/18/2025 17:00,10.19829495,13.09154729,12.27951473,R1111
1/18/2025 17:30,7.842781578,9.886750571,8.931850104,R1111
1/18/2025 18:00,5.793203637,6.828829832,6.14249154,R1111
1/18/2025 18:30,6.298953351,7.506749552,6.798498058,R1111
1/18/2025 19:00,5.975327479,7.428640257,6.938291724,R1111
1/18/2025 19:30,5.9629919,7.262879138,6.848158258,R1111
1/18/2025 20:00,5.971003571,7.572903978,7.148151984,R1111
1/18/2025 20:30,5.822644858,7.388887212,6.917456187,R1111
1/18/2025 21:00,5.851261568,7.550170917,7.07256144,R1111
1/18/2025 21:30,5.689852474,7.400600028,6.900211935,R1111
1/18/2025 22:00,5.715005247,7.466800294,6.940137922,R1111
1/18/2025 22:30,5.665666167,7.281994107,6.830184068,R1111
1/18/2025 23:00,5.672878432,7.350631391,6.774101816,R1111
1/18/2025 23:30,5.528211814,7.092672779,6.577582586,R1111
1/19/2025 0:00,5.719346987,7.074937364,6.700142351,R1111
1/19/2025 0:30,4.113660554,4.494272933,4.278982723,R1111
1/19/2025 1:00,3.627848333,4.141056159,4.120760515,R1111
1/19/2025 1:30,2.924965618,3.225421708,3.278666717,R1111
1/19/2025 2:00,3.220674599,3.226886995,3.46867501,R1111
1/19/2025 2:30,3.122222533,2.902704231,3.097988844,R1111
1/19/2025 3:00,2.929328198,2.964568792,3.287224716,R1111
1/19/2025 3:30,3.593306668,4.025393256,4.122989993,R1111
1/19/2025 4:00,4.088905853,4.800897049,4.770908262,R1111
1/19/2025 4:30,3.999871281,5.417803099,5.311752931,R1111
1/19/2025 5:00,4.206840848,5.567534624,5.364775248,R1111
1/19/2025 5:30,4.442522809,5.790976177,5.545563165,R1111
1/19/2025 6:00,4.575281525,5.707328494,5.507130349,R1111
1/19/2025 6:30,4.764856093,5.613914494,5.540260979,R1111
1/19/2025 7:00,4.757117887,5.784557463,5.729042875,R1111
1/19/2025 7:30,4.615713898,5.566654436,5.692114488,R1111
1/19/2025 8:00,5.300661319,6.627477576,6.726032519,R1111
1/19/2025 8:30,13.26836707,17.50773358,17.02540646,R1111
1/19/2025 9:00,11.42485618,15.68228853,15.3257412,R1111
1/19/2025 9:30,11.18677455,14.52147831,13.83272875,R1111
1/19/2025 10:00,10.80811204,14.04215958,13.39626396,R1111
1/19/2025 10:30,13.61147365,17.69416654,16.85323142,R1111
1/19/2025 11:00,15.35644757,21.59767053,22.40411495,R1111
1/19/2025 11:30,16.63888512,21.90231461,22.89523025,R1111
1/19/2025 12:00,16.44338772,21.62808989,22.42235802,R1111
1/19/2025 12:30,16.59772202,21.70456943,22.27347361,R1111
1/19/2025 13:00,16.78465416,21.77530644,22.41427572,R1111
1/19/2025 13:30,16.88290314,22.14451121,22.72508875,R1111
1/19/2025 14:00,17.35481447,22.44696042,23.02365262,R1111
1/19/2025 14:30,17.54250195,23.1014453,24.19288595,R1111
1/19/2025 15:00,17.24391512,22.75151428,23.72383756,R1111
1/19/2025 15:30,16.26692618,21.75386122,22.10182926,R1111
1/19/2025 16:00,14.72850182,19.64206709,19.725779,R1111
1/19/2025 16:30,12.7150402,17.20968228,16.83592816,R1111
1/19/2025 17:00,9.662598754,13.07346562,12.7867451,R1111
1/19/2025 17:30,7.363736486,9.34066688,8.786717126,R1111
1/19/2025 18:00,5.582124152,6.35414827,5.842698549,R1111
1/19/2025 18:30,5.594651773,6.9360748,6.516841645,R1111
1/19/2025 19:00,5.335753679,6.682000556,6.365258333,R1111
1/19/2025 19:30,5.187472907,6.641585321,6.44795306,R1111
1/19/2025 20:00,5.177188701,6.544244477,6.385697046,R1111
1/19/2025 20:30,5.197602527,6.489264174,6.28772589,R1111
1/19/2025 21:00,5.238132213,6.635048458,6.35023713,R1111
1/19/2025 21:30,5.026198282,6.297075909,6.343868052,R1111
1/19/2025 22:00,4.907822854,6.477354157,6.459504211,R1111
1/19/2025 22:30,5.105418851,6.397871316,6.462421429,R1111
1/19/2025 23:00,4.801434186,6.294749144,6.272311502,R1111
1/19/2025 23:30,4.900648621,6.216598349,6.257010979,R1111
1/20/2025 0:00,5.076468978,6.375877171,6.342670736,R1111
1/20/2025 0:30,5.020342002,6.386046088,6.337353181,R1111
1/20/2025 1:00,5.002445136,6.435416363,6.326929326,R1111
1/20/2025 1:30,5.098984618,6.474288751,6.308398863,R1111
1/20/2025 2:00,4.923109056,6.243594799,6.313158295,R1111
1/20/2025 2:30,5.350803123,6.280005745,6.333833031,R1111
1/20/2025 3:00,5.3988972,6.519323569,6.278472797,R1111
1/20/2025 3:30,5.286538451,6.374570216,6.068355273,R1111
1/20/2025 4:00,5.149946178,6.277989752,5.98745039,R1111
1/20/2025 4:30,5.099562615,6.438103461,5.923073082,R1111
1/20/2025 5:00,5.393263718,6.547315012,6.197471878,R1111
1/20/2025 5:30,5.214856128,6.583123984,6.253239082,R1111
1/20/2025 6:00,5.346074262,6.517120368,6.17190273,R1111
1/20/2025 6:30,5.271352098,6.532604714,6.024456152,R1111
1/20/2025 7:00,5.33334689,6.645110554,6.137621319,R1111
1/20/2025 7:30,5.450762432,6.791492995,6.284575131,R1111
1/20/2025 8:00,6.94683903,9.105252123,8.425083473,R1111
1/20/2025 8:30,14.20435788,17.1016629,15.67581751,R1111
1/20/2025 9:00,11.89018598,15.05925789,13.81124905,R1111
1/20/2025 9:30,11.42292572,14.87851788,13.62209813,R1111
1/20/2025 10:00,12.02434612,15.86207485,14.49948912,R1111
1/20/2025 10:30,12.96209656,17.48086309,16.17097711,R1111
1/20/2025 11:00,14.28395809,19.09098571,17.98336144,R1111
1/20/2025 11:30,14.95679994,20.20955883,19.0556687,R1111
1/20/2025 12:00,14.81760124,20.41906198,19.55159715,R1111
1/20/2025 12:30,14.95843592,20.87225646,19.86211545,R1111
1/20/2025 13:00,15.41186799,20.87247889,19.70247811,R1111
1/20/2025 13:30,15.36724371,20.99210842,20.06099623,R1111
1/20/2025 14:00,15.56373351,21.30184522,20.69024657,R1111
1/20/2025 14:30,15.85250973,21.64723684,20.33434089,R1111
1/20/2025 15:00,15.44327345,21.4071569,20.33394011,R1111
1/20/2025 15:30,14.97222822,20.4899335,19.70072229,R1111
1/20/2025 16:00,13.73279837,18.90892251,17.73350511,R1111
1/20/2025 16:30,12.40512006,17.10486627,16.04090821,R1111
1/20/2025 17:00,11.01480042,15.19478142,13.81368791,R1111
1/20/2025 17:30,9.128033207,12.04336497,10.66798091,R1111
1/20/2025 18:00,6.568420572,8.580146903,7.588249602,R1111
1/20/2025 18:30,5.982720688,9.331257827,7.874872197,R1111
1/20/2025 19:00,6.135145226,7.459720014,7.147263172,R1111
1/20/2025 19:30,5.836115351,7.204832483,6.999851609,R1111
1/20/2025 20:00,5.653605313,6.821940847,6.581177795,R1111
1/20/2025 20:30,5.983705342,6.985707305,6.735008745,R1111
1/20/2025 21:00,5.855862188,6.617729725,6.591848118,R1111
1/20/2025 21:30,5.80364129,6.755366131,6.718895328,R1111
1/20/2025 22:00,5.625047809,6.698390843,6.632238317,R1111
1/20/2025 22:30,5.619393045,6.586687626,6.467463308,R1111
1/20/2025 23:00,5.606150984,6.640890287,6.54088873,R1111
1/20/2025 23:30,5.510982704,6.482767488,6.362907418,R1111
1/21/2025 0:00,5.462868406,6.483123677,6.348626773,R1111
1/21/2025 0:30,4.120863496,4.023063842,4.072976568,R1111
1/21/2025 1:00,3.474879804,3.551890938,3.508271115,R1111
1/21/2025 1:30,3.245417249,2.798415509,2.926090201,R1111
1/21/2025 2:00,3.261928169,2.838656517,2.994071135,R1111
1/21/2025 2:30,3.144289017,2.624426408,2.733986003,R1111
1/21/2025 3:00,3.18716513,2.722089286,2.875152378,R1111
1/21/2025 3:30,3.595313656,3.235661009,3.180446433,R1111
1/21/2025 4:00,4.011457254,4.005873014,4.208223883,R1111
1/21/2025 4:30,4.418459738,4.723681119,4.683985374,R1111
1/21/2025 5:00,4.682100388,4.865684051,4.860601951,R1111
1/21/2025 5:30,4.816105999,4.995587042,5.020306213,R1111
1/21/2025 6:00,4.859930766,5.458919201,5.561036336,R1111
1/21/2025 6:30,5.034606896,5.379800302,5.121382142,R1111
1/21/2025 7:00,4.713807725,5.831632796,5.429503707,R1111
1/21/2025 7:30,5.083494937,5.775179744,5.383720785,R1111
1/21/2025 8:00,6.12062244,8.03246266,7.794111249,R1111
1/21/2025 8:30,13.05449132,15.59318739,14.40018334,R1111
1/21/2025 9:00,11.62822374,14.17657502,13.20152214,R1111
1/21/2025 9:30,11.13601591,14.33283238,13.42224837,R1111
1/21/2025 10:00,12.08833055,15.18795298,14.30801173,R1111
1/21/2025 10:30,12.91493861,16.70813116,15.75089856,R1111
1/21/2025 11:00,14.0160362,18.02264687,17.48279219,R1111
1/21/2025 11:30,14.62911133,18.99442179,18.43395554,R1111
1/21/2025 12:00,14.58711551,19.46529267,18.65397511,R1111
1/21/2025 12:30,14.70820114,19.82158333,18.77168796,R1111
1/21/2025 13:00,14.84105069,19.60582515,18.72420514,R1111
1/21/2025 13:30,14.55426414,19.89640047,19.22799075,R1111
1/21/2025 14:00,14.94204118,20.24410848,20.36142969,R1111
1/21/2025 14:30,14.59843413,20.2744217,19.94791791,R1111
1/21/2025 15:00,17.79940891,25.24659572,25.97440482,R1111
1/21/2025 15:30,16.93470891,24.47299602,25.38685419,R1111
1/21/2025 16:00,14.70395398,20.57877689,20.96197023,R1111
1/21/2025 16:30,12.45601342,17.20171947,16.72117892,R1111
1/21/2025 17:00,9.741573969,12.53494123,12.02888589,R1111
1/21/2025 17:30,7.303447114,8.696443381,8.39708274,R1111
1/21/2025 18:00,5.017897431,5.771438634,5.561211951,R1111
1/21/2025 18:30,5.382586074,6.7154923,6.69528861,R1111
1/21/2025 19:00,5.508487517,6.469208834,6.201780573,R1111
1/21/2025 19:30,5.362357192,6.180953136,6.129025489,R1111
1/21/2025 20:00,5.427862566,6.394738118,6.074696003,R1111
1/21/2025 20:30,5.059891775,6.123462387,6.07438179,R1111
1/21/2025 21:00,5.419956806,5.919805946,6.263235634,R1111
1/21/2025 21:30,4.907225245,6.21215058,6.264918008,R1111
1/21/2025 22:00,5.086512393,5.955469418,6.093234992,R1111
1/21/2025 22:30,5.37325501,6.023759178,6.257426923,R1111
1/21/2025 23:00,5.112345983,5.823241485,5.962877219,R1111
1/21/2025 23:30,5.7316415,6.518099524,6.712425848,R1111
1/22/2025 0:00,4.862428087,5.649874977,5.49921298,R1111
1/22/2025 0:30,4.82863931,5.747835205,5.814326593,R1111
1/22/2025 1:00,5.067438883,5.834778431,5.988160206,R1111
1/22/2025 1:30,4.420119235,4.831412069,4.850893911,R1111
1/22/2025 2:00,4.245467618,4.175577176,4.349758253,R1111
1/22/2025 2:30,3.884441707,3.733302403,4.176735544,R1111
1/22/2025 3:00,3.831182372,3.42358336,3.816570988,R1111
1/22/2025 3:30,3.627252175,3.02173107,3.379692099,R1111
1/22/2025 4:00,4.172997349,3.866155605,4.444069891,R1111
1/22/2025 4:30,4.512405914,4.645113702,5.022761375,R1111
1/22/2025 5:00,4.680773812,4.810823564,5.081017354,R1111
1/22/2025 5:30,4.448416713,5.269761435,5.25564259,R1111
1/22/2025 6:00,5.037247311,5.453405231,5.266065777,R1111
1/22/2025 6:30,5.007500032,5.603770388,5.462183661,R1111
1/22/2025 7:00,5.058708002,5.530366818,5.522245521,R1111
1/22/2025 7:30,4.960165298,5.610964579,5.463156519,R1111
1/22/2025 8:00,7.268024172,9.305531794,9.003956108,R1111
1/22/2025 8:30,14.0912328,17.52578295,16.59806354,R1111
1/22/2025 9:00,14.07205799,18.1581748,17.46292061,R1111
1/22/2025 9:30,14.39334153,18.95869568,19.07711298,R1111
1/22/2025 10:00,14.72706362,19.85238565,19.93116302,R1111
1/22/2025 10:30,15.1902984,20.08594882,20.03009544,R1111
1/22/2025 11:00,16.25361788,20.62254943,20.95486181,R1111
1/22/2025 11:30,17.11679617,22.08253393,22.24636304,R1111
1/22/2025 12:00,16.37819264,21.82948248,22.39183174,R1111
1/22/2025 12:30,16.19693432,20.31546902,20.56631916,R1111
1/22/2025 13:00,16.82250927,20.63131277,21.03742278,R1111
1/22/2025 13:30,17.55767533,21.39099063,22.17399437,R1111
1/22/2025 14:00,18.09942364,22.15994977,23.41674975,R1111
1/22/2025 14:30,18.63282916,23.08726215,24.64765407,R1111
1/22/2025 15:00,18.0155449,22.79440104,23.9730215,R1111
1/22/2025 15:30,17.45133354,21.58753936,22.41713619,R1111
1/22/2025 16:00,15.93660309,20.73529083,20.74403578,R1111
1/22/2025 16:30,14.91524101,19.20959787,19.27432985,R1111
1/22/2025 17:00,12.28590104,15.10444793,15.18975863,R1111
1/22/2025 17:30,8.999494337,10.97746726,10.56367868,R1111
1/22/2025 18:00,6.332670778,7.08574272,6.773187436,R1111
1/22/2025 18:30,6.01112611,7.527794615,7.226710075,R1111
1/22/2025 19:00,5.688820549,6.970025927,6.820316636,R1111
1/22/2025 19:30,5.781966896,7.137427856,7.041984311,R1111
1/22/2025 20:00,5.509022707,7.112771647,6.870519116,R1111
1/22/2025 20:30,5.611162604,6.944284944,7.00061872,R1111
1/22/2025 21:00,5.434281492,6.551085409,6.114353159,R1111
1/22/2025 21:30,5.753740953,6.41099797,6.273583029,R1111
1/22/2025 22:00,5.701839576,6.406666598,6.459015184,R1111
1/22/2025 22:30,5.623699686,6.495456624,6.32092118,R1111
1/22/2025 23:00,5.389376815,6.459627303,6.117037408,R1111
1/22/2025 23:30,5.306707213,6.504263472,6.241220382,R1111
1/23/2025 0:00,5.326395137,6.242347736,6.268464265,R1111
1/23/2025 0:30,4.228960767,4.2342592,4.36121784,R1111
1/23/2025 1:00,3.391704748,3.275823011,3.32953321,R1111
1/23/2025 1:30,3.472370805,2.972929325,3.269313903,R1111
1/23/2025 2:00,3.122685771,2.606946916,2.843552737,R1111
1/23/2025 2:30,2.713281133,2.255230675,2.437876318,R1111
1/23/2025 3:00,3.331701345,2.755838121,2.926558373,R1111
1/23/2025 3:30,3.836119939,3.250435449,3.282075923,R1111
1/23/2025 4:00,4.349888477,3.696499175,3.741705372,R1111
1/23/2025 4:30,4.241614118,4.356191769,4.368517772,R1111
1/23/2025 5:00,4.090244322,4.430226132,4.416468183,R1111
1/23/2025 5:30,3.771543701,4.918924447,4.880023448,R1111
1/23/2025 6:00,3.429686338,4.904764237,4.845530044,R1111
1/23/2025 6:30,3.789450272,5.057426487,5.090485288,R1111
1/23/2025 7:00,3.570751005,5.129295178,5.036172426,R1111
1/23/2025 7:30,3.938359604,5.26636265,5.356975997,R1111
1/23/2025 8:00,7.061633412,11.10720921,10.82074973,R1111
1/23/2025 8:30,13.71917487,19.54693816,18.32780299,R1111
1/23/2025 9:00,14.43907051,20.20560582,19.79267456,R1111
1/23/2025 9:30,15.36558863,21.80791994,21.6423393,R1111
1/23/2025 10:00,10.27324916,15.81871172,15.10566382,R1111
1/23/2025 10:30,12.81549779,19.09422281,18.54906234,R1111
1/23/2025 11:00,13.06689761,20.00009738,19.39403433,R1111
1/23/2025 11:30,13.33970987,20.69015452,20.41396265,R1111
1/23/2025 12:00,13.67288563,21.28892565,21.53413613,R1111
1/23/2025 12:30,14.27183061,21.25970089,21.74772068,R1111
1/23/2025 13:00,14.15021591,21.76251101,21.39488428,R1111
1/23/2025 13:30,14.91712118,22.2050967,22.43412976,R1111
1/23/2025 14:00,15.43486509,22.84631985,23.27735071,R1111
1/23/2025 14:30,15.69776668,24.26778488,24.12465938,R1111
1/23/2025 15:00,15.92833845,24.32250943,23.78023706,R1111
1/23/2025 15:30,14.90711172,22.60431116,22.14966023,R1111
1/23/2025 16:00,13.88429724,20.62833836,19.52581237,R1111
1/23/2025 16:30,12.17147984,19.03922367,17.90156234,R1111
1/23/2025 17:00,9.683194255,14.75242272,13.90176935,R1111
1/23/2025 17:30,6.791462096,9.927449632,9.263481719,R1111
1/23/2025 18:00,4.559230292,6.062408616,5.749068134,R1111
1/23/2025 18:30,4.801286524,7.039665694,6.625521212,R1111
1/23/2025 19:00,4.690634365,6.9967941,6.876848457,R1111
1/23/2025 19:30,4.549096699,7.005268211,6.918002661,R1111
1/23/2025 20:00,4.537174249,6.691491897,6.789717467,R1111
1/23/2025 20:30,4.700374951,6.438457907,6.703808162,R1111
1/23/2025 21:00,4.482014208,6.358910119,6.233355436,R1111
1/23/2025 21:30,4.390460774,6.270623313,6.380410527,R1111
1/23/2025 22:00,4.290359015,5.940551525,6.028807795,R1111
1/23/2025 22:30,4.209580211,6.069973689,6.978391034,R1111
1/23/2025 23:00,4.027913483,5.618320422,6.832793309,R1111
1/23/2025 23:30,4.313245662,5.99824372,7.040600082,R1111
1/29/2025 13:28,14.33608815,20.83433288,19.61489519,R1111
1/29/2025 14:00,14.70428571,21.47949514,21.88816781,R1111
1/29/2025 14:30,13.33406067,19.08543623,19.0519873,R1111
1/29/2025 15:00,11.42819879,16.3871917,16.14195776,R1111
1/29/2025 15:30,13.3287672,19.29638535,19.74507445,R1111
1/29/2025 16:00,13.88149305,19.95771502,20.65556583,R1111
1/29/2025 16:30,13.26548092,18.50515142,19.01674105,R1111
1/29/2025 17:00,9.298194211,13.01802183,12.89953007,R1111
1/29/2025 17:30,7.061680352,9.341771827,9.363792097,R1111
1/29/2025 18:00,5.254823388,6.572010966,6.495472064,R1111
1/29/2025 18:30,5.24016468,6.237170977,6.573520657,R1111
1/29/2025 19:00,4.704197128,5.589120947,5.881709091,R1111
1/29/2025 19:30,4.917355285,5.490956625,6.119663264,R1111
1/29/2025 20:00,4.825127883,5.691118815,5.955975181,R1111
1/29/2025 20:30,5.059105219,5.707742129,6.190747609,R1111
1/29/2025 21:00,5.069786171,6.099853762,6.463530085,R1111
1/29/2025 21:30,5.146425888,5.943959166,6.572611082,R1111
1/29/2025 22:00,5.162427747,5.881858737,6.386949261,R1111
1/29/2025 22:30,5.007460088,5.717727135,6.300668808,R1111
1/29/2025 23:00,5.016737948,6.051586032,6.401733282,R1111
1/29/2025 23:30,5.341986386,6.06587197,6.637604911,R1111
1/30/2025 0:00,5.331750483,6.130851101,6.626131991,R1111
1/30/2025 0:30,3.463580541,3.99567424,4.416022984,R1111
1/30/2025 1:00,3.029594221,3.289001019,3.729877831,R1111
1/30/2025 1:30,2.807469843,2.28794415,3.247392664,R1111
1/30/2025 2:00,2.709415393,2.519975745,3.362412727,R1111
1/30/2025 2:30,2.692535869,2.48074407,3.267656502,R1111
1/30/2025 3:00,2.362683786,2.032503862,2.837720533,R1111
1/30/2025 3:30,2.897543792,2.8407864,3.515190992,R1111
1/30/2025 4:00,3.310410573,3.679735444,4.334733367,R1111
1/30/2025 4:30,3.819481685,4.233234484,4.939243539,R1111
1/30/2025 5:00,3.850200544,4.54232257,5.126029403,R1111
1/30/2025 5:30,4.14399921,4.882955146,5.473589825,R1111
1/30/2025 6:00,4.084695982,4.705544078,5.211780561,R1111
1/30/2025 6:30,4.253940165,5.103492904,5.727000445,R1111
1/30/2025 7:00,4.294947759,5.110064951,5.779212354,R1111
1/30/2025 7:30,4.282367755,5.088531024,5.709126887,R1111
1/30/2025 8:00,10.22079542,14.78615597,16.48972594,R1111
1/30/2025 8:30,14.31950387,18.71256029,19.97279549,R1111
1/30/2025 9:00,14.0943956,18.63931037,19.70325793,R1111
1/30/2025 9:30,14.65675239,19.20271194,20.4451633,R1111
1/30/2025 10:00,14.96318755,19.95161593,21.55685616,R1111
1/30/2025 10:30,16.04416764,20.78308924,22.62818724,R1111
1/30/2025 11:00,17.09233338,21.70893349,24.04173278,R1111
1/30/2025 11:30,17.78121479,22.4712776,24.97660067,R1111
1/30/2025 12:00,17.953253,22.96056952,25.60010127,R1111
1/30/2025 12:30,18.05670462,22.85173642,25.8832717,R1111
1/30/2025 13:00,18.09262018,22.87135818,25.94543275,R1111
1/30/2025 13:30,18.00937018,22.99892714,26.14714084,R1111
1/30/2025 14:00,17.91013751,23.38104369,26.51151624,R1111
1/30/2025 14:30,18.31089798,24.07888053,27.47653987,R1111
1/30/2025 15:00,17.61062282,23.36420547,26.71991241,R1111
1/30/2025 15:30,16.66289377,22.28618878,24.54869627,R1111
1/30/2025 16:00,14.83333032,19.91500889,21.77482941,R1111
1/30/2025 16:30,12.58564122,16.93759435,17.6977313,R1111
1/30/2025 17:00,9.878714346,13.35702108,14.05038349,R1111
1/30/2025 17:30,7.345222765,9.486763605,9.611626694,R1111
1/30/2025 18:00,4.984017976,5.508170529,5.863982451,R1111
1/30/2025 18:30,5.292052058,6.457232898,6.794406547,R1111
1/30/2025 19:00,4.842285031,6.054612816,6.489654589,R1111
1/30/2025 19:30,4.874267984,6.067566647,6.711217981,R1111
1/30/2025 20:00,4.794726411,6.026240971,6.776269062,R1111
1/30/2025 20:30,4.788475626,5.877480348,6.651747399,R1111
1/30/2025 21:00,4.860041875,5.802001413,6.583352033,R1111
1/30/2025 21:30,4.485910669,5.523938168,6.249821293,R1111
1/30/2025 22:00,4.684914706,5.630154078,6.43111132,R1111
1/30/2025 22:30,4.689781786,5.759479964,6.704483542,R1111
1/30/2025 23:00,4.536532317,5.608247905,6.238864042,R1111
1/30/2025 23:30,4.546510821,5.381383049,6.216675976,R1111
1/31/2025 0:00,4.688723505,5.599908063,6.154677061,R1111
1/31/2025 0:30,4.862368083,5.638330021,6.23808316,R1111
1/31/2025 1:00,4.808661598,5.69593942,6.230508214,R1111
1/31/2025 1:30,4.649815349,5.636421524,6.225483759,R1111
1/31/2025 2:00,4.602054446,5.339592596,5.919714438,R1111
1/31/2025 2:30,5.007015341,5.786952288,6.26575349,R1111
1/31/2025 3:00,4.710071987,5.586599034,5.999157739,R1111
1/31/2025 3:30,4.855541131,5.537554866,6.078313915,R1111
1/31/2025 4:00,4.846490291,5.638082451,6.257583215,R1111
1/31/2025 4:30,4.842193073,5.666491118,6.27094787,R1111
1/31/2025 5:00,4.902493688,5.784571209,6.288604365,R1111
1/31/2025 5:30,5.020309983,5.784050895,6.383187263,R1111
1/31/2025 6:00,5.10585102,5.949561907,6.577959043,R1111
1/31/2025 6:30,5.053130695,5.981022163,6.630348903,R1111
1/31/2025 7:00,4.926296827,5.765929385,6.388006952,R1111
1/31/2025 7:30,5.03553859,5.929500091,6.485492581,R1111
1/31/2025 8:00,14.73070467,20.77225778,22.49315639,R1111
1/31/2025 8:30,16.8498604,21.43731245,22.89191704,R1111
1/31/2025 9:00,16.96770583,21.44743266,22.56233751,R1111
1/31/2025 9:30,16.49719818,22.76013627,24.36264049,R1111
1/31/2025 10:00,16.4749248,22.03796131,23.66922161,R1111
1/31/2025 10:30,16.39889234,21.64571082,23.04343405,R1111
1/31/2025 11:00,15.99439446,21.59283499,22.75377442,R1111
1/31/2025 11:30,16.61471649,22.03229003,23.77563447,R1111
1/31/2025 12:00,17.37505666,22.70106925,24.8763793,R1111
1/31/2025 12:30,16.6008606,21.78935355,23.98959828,R1111
1/31/2025 13:00,16.79289815,20.50728584,22.03075076,R1111
1/31/2025 13:30,17.56334303,21.588153,23.22424065,R1111
1/31/2025 14:00,17.98066549,22.45632499,24.11155974,R1111
1/31/2025 14:30,18.3925431,23.72786348,25.40279512,R1111
1/31/2025 15:00,17.89364955,23.38066495,24.86246144,R1111
1/31/2025 15:30,17.3640514,22.74707317,23.8305874,R1111
1/31/2025 16:00,16.33657219,21.22653332,22.31108066,R1111
1/31/2025 16:30,15.39505318,19.56426998,20.03049696,R1111
1/31/2025 17:00,13.45169714,17.193831,17.2625053,R1111
1/31/2025 17:30,11.42775457,14.13179359,13.49063146,R1111
1/31/2025 18:00,8.892697897,10.62780708,9.896100359,R1111
1/31/2025 18:30,8.582087184,10.42368394,9.83272731,R1111
1/31/2025 19:00,8.036728934,10.09895273,9.557737569,R1111
1/31/2025 19:30,8.35173294,10.33552415,9.995559869,R1111
1/31/2025 20:00,8.272645857,10.48005979,10.12785575,R1111
1/31/2025 20:30,8.029202137,10.5546466,10.08100536,R1111
1/31/2025 21:00,8.078733402,10.57756341,10.22146309,R1111
1/31/2025 21:30,8.101767829,10.53784801,10.24146721,R1111
1/31/2025 22:00,8.013296588,10.4498188,10.01866661,R1111
1/31/2025 22:30,8.050773548,10.42762273,10.05831368,R1111
1/31/2025 23:00,7.7819423,10.399751,10.10937721,R1111
1/31/2025 23:30,7.891950667,10.41250318,10.08138125,R1111
2/1/2025 0:00,7.932801966,10.12084852,10.1750205,R1111
2/1/2025 0:30,7.829806665,9.929788693,9.483055582,R1111
2/1/2025 1:00,7.747675184,10.09843957,9.419054296,R1111
2/1/2025 1:30,8.008083602,10.19165549,9.861302217,R1111
2/1/2025 2:00,7.886088561,10.06140452,9.70275028,R1111
2/1/2025 2:30,7.984962885,10.25565164,9.901393846,R1111
2/1/2025 3:00,7.996518954,10.14944708,9.74801819,R1111
2/1/2025 3:30,8.10710714,10.28903925,9.797201854,R1111
2/1/2025 4:00,8.083222983,10.32326175,9.764257755,R1111
2/1/2025 4:30,8.100873688,10.2928847,9.734661518,R1111
2/1/2025 5:00,8.11624111,10.55183418,9.904166993,R1111
2/1/2025 5:30,8.201642194,10.57286277,10.01235128,R1111
2/1/2025 6:00,8.24745044,10.62291351,10.10779403,R1111
2/1/2025 6:30,8.429184817,10.72146624,10.22274442,R1111
2/1/2025 7:00,8.27181336,10.57619324,9.99307408,R1111
2/1/2025 7:30,8.369915295,10.57502409,10.15140059,R1111
2/1/2025 8:00,14.39650773,19.65381405,19.66811705,R1111
2/1/2025 8:30,16.5852509,21.01576731,21.85946744,R1111
2/1/2025 9:00,17.17838013,21.93198935,23.01394872,R1111
2/1/2025 9:30,17.75742339,22.5154428,24.06797019,R1111
2/1/2025 10:00,17.81029787,22.4288966,24.1710144,R1111
2/1/2025 10:30,18.12592228,22.35677212,23.60735707,R1111
2/1/2025 11:00,18.33124366,22.78803778,24.25457926,R1111
2/1/2025 11:30,18.56753734,23.16947885,24.303352,R1111
2/1/2025 12:00,18.34459764,22.97580887,24.13627053,R1111
2/1/2025 12:30,18.16754511,23.137297,24.22446032,R1111
2/1/2025 13:00,18.42596265,23.14700954,24.24653352,R1111
2/1/2025 13:30,18.14637088,23.35302623,24.3556674,R1111
2/1/2025 14:00,18.52024332,23.55481878,25.19056404,R1111
2/1/2025 14:30,18.77023241,24.58154063,25.61430855,R1111
2/1/2025 15:00,18.52064351,24.23079851,25.27597325,R1111
2/1/2025 15:30,17.99846041,23.37239755,24.62679154,R1111
2/1/2025 16:00,16.82790157,22.2477431,22.75189876,R1111
2/1/2025 16:30,15.88889662,21.06530071,21.55234585,R1111
2/1/2025 17:00,13.85969296,18.13012511,17.91544501,R1111
2/1/2025 17:30,11.92559327,15.11055819,14.26750512,R1111
2/1/2025 18:00,8.838194697,11.27295723,10.23900964,R1111
2/1/2025 18:30,8.53757044,10.69317733,9.796954087,R1111
2/1/2025 19:00,8.397764105,10.55199982,9.628152283,R1111
2/1/2025 19:30,8.556289602,10.42740134,9.464391121,R1111
2/1/2025 20:00,8.401218694,10.3338239,9.380934315,R1111
2/1/2025 20:30,8.367880952,10.32914415,9.485362055,R1111
2/1/2025 21:00,8.257944139,10.32246661,9.521765451,R1111
2/1/2025 21:30,8.193520646,10.08951359,9.462319119,R1111
2/1/2025 22:00,8.1586644,10.29667173,9.485261528,R1111
2/1/2025 22:30,8.015140912,10.10589065,9.33573632,R1111
2/1/2025 23:00,8.177901501,10.13872628,9.466022621,R1111
2/1/2025 23:30,7.955868266,10.09397584,9.288271586,R1111
2/2/2025 0:00,7.85782267,9.89528737,9.047707658,R1111
2/2/2025 0:30,4.691272641,5.694101544,5.37063325,R1111
2/2/2025 1:00,4.84537228,6.493535371,5.855536168,R1111
2/2/2025 1:30,3.76533161,4.631189405,4.224198616,R1111
2/2/2025 2:00,4.017481586,5.163030212,4.793164126,R1111
2/2/2025 2:30,3.200643943,3.375761166,3.391331525,R1111
2/2/2025 3:00,3.819473333,4.763987666,4.771398354,R1111
2/2/2025 3:30,5.247923075,6.536806174,6.094832602,R1111
2/2/2025 4:00,6.10609648,7.605055225,7.368667477,R1111
2/2/2025 4:30,6.324733659,8.17213192,7.690288417,R1111
2/2/2025 5:00,6.750664145,8.422077691,7.992728017,R1111
2/2/2025 5:30,6.822798281,8.566377052,8.108986027,R1111
2/2/2025 6:00,7.036650332,8.776252858,8.281286972,R1111
2/2/2025 6:30,7.060434279,8.781013667,8.617963272,R1111
2/2/2025 7:00,7.082092735,8.736552697,8.521831937,R1111
2/2/2025 7:30,7.236025164,9.058019101,8.776695736,R1111
2/2/2025 8:00,17.44178218,22.37525991,23.06901018,R1111
2/2/2025 8:30,16.93927828,20.98641033,21.71942542,R1111
2/2/2025 9:00,17.28069367,21.76539302,22.63495489,R1111
2/2/2025 9:30,17.59860106,22.21916971,23.44042857,R1111
2/2/2025 10:00,17.77555475,22.32676429,23.84004084,R1111
2/2/2025 10:30,18.37728297,22.26290492,22.50832367,R1111
2/2/2025 11:00,18.32203155,22.78563898,24.49350026,R1111
2/2/2025 11:30,18.88652957,22.75575332,23.89602471,R1111
2/2/2025 12:00,18.61958891,22.67490138,23.75386014,R1111
2/2/2025 12:30,18.18581773,23.09666239,23.81197724,R1111
2/2/2025 13:00,18.22680609,22.96676138,23.71496438,R1111
2/2/2025 13:30,19.12449219,23.27413646,23.91935141,R1111
2/2/2025 14:00,18.91915856,23.57051471,24.90559726,R1111
2/2/2025 14:30,18.57208554,23.97122572,24.87028518,R1111
2/2/2025 15:00,18.16390892,23.72137282,24.77099903,R1111
2/2/2025 15:30,18.59304009,23.01377078,23.90737723,R1111
2/2/2025 16:00,17.16961123,21.82428551,22.02637681,R1111
2/2/2025 16:30,16.11390217,20.56239055,20.39065872,R1111
2/2/2025 17:00,13.49487931,17.06925412,16.85185254,R1111
2/2/2025 17:30,11.2634251,14.03283269,13.141054,R1111
2/2/2025 18:00,8.509082105,10.2734699,9.482965337,R1111
2/2/2025 18:30,7.773197042,9.542159396,8.810956142,R1111
2/2/2025 19:00,7.4549596,9.391007995,8.594111614,R1111
2/2/2025 19:30,7.334962258,9.604606459,8.85185474,R1111
2/2/2025 20:00,7.781879526,9.518145759,8.784836399,R1111
2/2/2025 20:30,7.501227883,9.525804633,8.726801768,R1111
2/2/2025 21:00,7.484934613,9.420805636,8.868079202,R1111
2/2/2025 21:30,7.137687122,9.162581984,8.813149543,R1111
2/2/2025 22:00,7.751084841,9.619517532,8.630711509,R1111
2/2/2025 22:30,7.501119183,9.639895772,9.336842538,R1111
2/2/2025 23:00,7.79875246,9.652799102,9.013010687,R1111
2/2/2025 23:30,7.658311063,9.501633024,9.320885951,R1111
2/3/2025 0:00,7.469758539,9.36595162,9.109787695,R1111
2/3/2025 0:30,7.415247768,9.470285906,9.382068626,R1111
2/3/2025 1:00,7.573247333,9.456304655,9.410280466,R1111
2/3/2025 1:30,7.543213897,9.472009818,9.226970465,R1111
2/3/2025 2:00,7.544290573,9.53805076,9.030509803,R1111
2/3/2025 2:30,7.274046979,9.149188823,8.839977356,R1111
2/3/2025 3:00,7.389946823,9.17841626,8.815652541,R1111
2/3/2025 3:30,7.599867969,9.364507877,9.160831239,R1111
2/3/2025 4:00,7.736922477,9.424582585,9.22399409,R1111
2/3/2025 4:30,7.792456985,9.435504659,9.253087385,R1111
2/3/2025 5:00,7.626747525,9.407057604,9.147702676,R1111
2/3/2025 5:30,7.501824088,9.097469959,8.864226792,R1111
2/3/2025 6:00,7.174632914,9.205356561,8.917023053,R1111
2/3/2025 6:30,7.521779751,9.25163897,8.803853833,R1111
2/3/2025 7:00,7.384337487,9.002939824,8.757890802,R1111
2/3/2025 7:30,7.377881018,9.041731854,8.686335126,R1111
2/3/2025 8:00,17.79049,23.51858489,26.00358369,R1111
2/3/2025 8:30,16.94895385,21.49733015,22.16480595,R1111
2/3/2025 9:00,17.31978276,22.06199098,23.08907662,R1111
2/3/2025 9:30,17.57212622,22.18219912,23.68219402,R1111
2/3/2025 10:00,18.15361489,22.44528886,23.41657613,R1111
2/3/2025 10:30,18.22224152,22.47746635,23.82047989,R1111
2/3/2025 11:00,18.49379282,22.55515405,24.29362086,R1111
2/3/2025 11:30,18.9170933,22.88084244,23.97919155,R1111
2/3/2025 12:00,18.92036041,23.34759574,24.49488726,R1111
2/3/2025 12:30,18.04575881,22.63958053,23.51418979,R1111
2/3/2025 13:00,17.97702709,22.61415674,23.40562341,R1111
2/3/2025 13:30,18.15437083,22.972658,23.81454621,R1111
2/3/2025 14:00,18.27340054,23.08493275,23.89659334,R1111
2/3/2025 14:30,18.96787568,24.50564707,25.35317671,R1111
2/3/2025 15:00,18.93823831,24.32018735,25.52877937,R1111
2/3/2025 15:30,18.02850041,23.36774715,24.06920072,R1111
2/3/2025 16:00,17.44438244,22.30004726,22.85287069,R1111
2/3/2025 16:30,16.26166665,20.93980223,20.95542016,R1111
2/3/2025 17:00,13.6878483,17.74861706,17.28484492,R1111
2/3/2025 17:30,11.56600933,14.86081741,14.07710073,R1111
2/3/2025 18:00,9.1098884,10.98563442,10.02342408,R1111
2/3/2025 18:30,7.950539278,9.945076562,8.993367181,R1111
2/3/2025 19:00,7.625829548,9.380599901,8.419037765,R1111
2/3/2025 19:30,7.759225472,9.317046612,8.564550693,R1111
2/3/2025 20:00,7.500239929,9.221891735,8.506429735,R1111
2/3/2025 20:30,7.534536033,9.154128664,8.341588265,R1111
2/3/2025 21:00,7.34270378,9.166152228,8.73676705,R1111
2/3/2025 21:30,7.389486657,9.224463312,8.425997423,R1111
2/3/2025 22:00,7.352471325,9.324519081,8.543962794,R1111
2/3/2025 22:30,7.398479334,9.324472989,8.598020492,R1111
2/3/2025 23:00,7.381948574,9.365854916,8.599411546,R1111
2/3/2025 23:30,7.333851348,9.221239824,8.544200305,R1111
2/4/2025 0:00,7.223106086,9.284302228,8.513387159,R1111
2/4/2025 0:30,4.693660551,5.416993469,5.073471147,R1111
2/4/2025 1:00,4.266365642,4.963208463,4.924924093,R1111
2/4/2025 1:30,3.56637203,3.750149108,3.773199374,R1111
2/4/2025 2:00,3.463833838,3.870740802,4.175669638,R1111
2/4/2025 2:30,3.103252953,2.826372947,3.233437932,R1111
2/4/2025 3:00,3.298900879,3.423057478,3.8672323,R1111
2/4/2025 3:30,4.587510206,5.101578264,5.387023019,R1111
2/4/2025 4:00,5.158474378,6.023379718,6.233568467,R1111
2/4/2025 4:30,5.224549177,6.580401005,6.626181318,R1111
2/4/2025 5:00,5.696422827,7.005925478,7.252307516,R1111
2/4/2025 5:30,5.881115632,7.348662128,7.323761542,R1111
2/4/2025 6:00,5.765883892,7.435275049,7.528877372,R1111
2/4/2025 6:30,5.929424216,7.627276587,7.601741192,R1111
2/4/2025 7:00,5.85937216,7.467516387,7.503126041,R1111
2/4/2025 7:30,5.905710028,7.772679434,7.79184103,R1111
2/4/2025 8:00,9.44039964,12.16903805,11.97134829,R1111
2/4/2025 8:30,16.2148823,20.91944149,20.91046407,R1111
2/4/2025 9:00,17.12081233,22.19574499,24.09161061,R1111
2/4/2025 9:30,17.18496163,22.12063236,22.97752525,R1111
2/4/2025 10:00,17.07734748,22.33061844,23.24140877,R1111
2/4/2025 10:30,17.96568153,23.89039274,24.58019427,R1111
2/4/2025 11:00,18.26599184,24.51063602,26.56900762,R1111
2/4/2025 11:30,18.39011212,23.98912822,25.07421674,R1111
2/4/2025 12:00,18.28225547,23.67495157,24.49847397,R1111
2/4/2025 12:30,18.73573515,23.85370716,24.75920798,R1111
2/4/2025 13:00,18.89817559,23.82108149,24.62384072,R1111
2/4/2025 13:30,18.61095629,24.01875271,24.66782781,R1111
2/4/2025 14:00,18.96833319,24.44597858,24.61230191,R1111
2/4/2025 14:30,18.7549182,24.96174013,25.33357419,R1111
2/4/2025 15:00,19.23986277,25.0862556,25.34380078,R1111
2/4/2025 15:30,18.33534254,24.44187959,24.45926582,R1111
2/4/2025 16:00,17.61222659,22.95009179,22.6692187,R1111
2/4/2025 16:30,15.79988045,21.21401352,20.52083948,R1111
2/4/2025 17:00,13.14487766,17.3737988,16.3831659,R1111
2/4/2025 17:30,10.89761973,13.9678336,12.61679301,R1111
2/4/2025 18:00,7.578771377,9.661067746,8.626739187,R1111
2/4/2025 18:30,7.221858282,9.185364843,8.086132868,R1111
2/4/2025 19:00,6.983946936,9.003012318,8.142934584,R1111
2/4/2025 19:30,6.782071525,9.07947301,7.941021837,R1111
2/4/2025 20:00,6.708933552,8.920287389,7.969456064,R1111
2/4/2025 20:30,6.756788205,8.962182655,8.049948761,R1111
2/4/2025 21:00,6.601564708,8.904225344,8.104440276,R1111
2/4/2025 21:30,7.07489743,9.07039069,8.441655452,R1111
2/4/2025 22:00,6.864456764,8.978137188,8.334166478,R1111
2/4/2025 22:30,6.96258228,9.138029796,8.504451787,R1111
2/4/2025 23:00,6.867193784,8.971402981,8.331288914,R1111
2/4/2025 23:30,7.016071704,9.075524734,8.528659992,R1111
2/5/2025 0:00,6.915260685,8.859000854,8.297442315,R1111
2/5/2025 0:30,6.880886823,8.853374291,8.385512583,R1111
2/5/2025 1:00,7.07726105,8.826634223,8.565720414,R1111
2/5/2025 1:30,7.00319129,8.677272795,8.352092982,R1111
2/5/2025 2:00,6.995542818,8.563811843,8.319959387,R1111
2/5/2025 2:30,7.069203915,8.65266958,8.488242521,R1111
2/5/2025 3:00,7.018758343,8.50667511,8.284764346,R1111
2/5/2025 3:30,6.959773376,8.577610282,8.198368599,R1111
2/5/2025 4:00,7.00398643,8.437625221,8.057969382,R1111
2/5/2025 4:30,6.954489544,8.440629012,8.297389462,R1111
2/5/2025 5:00,7.069528027,8.502983383,8.346667846,R1111
2/5/2025 5:30,6.978977775,8.4392801,8.287105626,R1111
2/5/2025 6:00,7.123987358,8.484082444,8.313040644,R1111
2/5/2025 6:30,7.074761079,8.459487929,8.051989545,R1111
2/5/2025 7:00,6.835047644,8.28834053,8.141346003,R1111
2/5/2025 7:30,6.898711689,8.234252202,8.10132123,R1111
2/5/2025 8:00,18.03651914,24.59828254,27.40089557,R1111
2/5/2025 8:30,17.11911348,21.32155893,22.12438229,R1111
2/5/2025 9:00,17.30859257,22.06219341,23.38102192,R1111
2/5/2025 9:30,17.58963446,22.37431035,24.00387194,R1111
2/5/2025 10:00,18.53145144,23.09465542,24.46546207,R1111
2/5/2025 10:30,22.05804834,35.03037937,40.69089406,R1111
2/5/2025 11:00,21.78345154,30.59474796,35.77301078,R1111
2/5/2025 11:30,20.5877224,27.36579682,30.41288315,R1111
2/5/2025 12:00,16.86364103,19.86035331,21.40032949,R1111
2/5/2025 12:30,17.37725341,19.43181754,20.28872483,R1111
2/5/2025 13:00,17.86140618,21.08753587,21.97361558,R1111
2/5/2025 13:30,18.20102025,21.63961542,22.84025124,R1111
2/5/2025 14:00,18.59149792,22.62542862,23.35687742,R1111
2/5/2025 14:30,18.64049857,23.30660353,24.14799879,R1111
2/5/2025 15:00,18.7001561,23.39893611,24.8543517,R1111
2/5/2025 15:30,18.25583796,23.02345311,23.71682169,R1111
2/5/2025 16:00,17.79525041,22.05307244,23.0076711,R1111
2/5/2025 16:30,16.2941881,20.66276157,20.96246491,R1111
2/5/2025 17:00,13.38904773,16.80528298,16.79193697,R1111
2/5/2025 17:30,11.61699201,14.00707971,13.25721755,R1111
2/5/2025 18:00,8.73490443,10.00578715,9.267205425,R1111
2/5/2025 18:30,7.705539134,8.818970632,8.002043246,R1111
2/5/2025 19:00,7.396335715,8.343940095,7.950687954,R1111
2/5/2025 19:30,7.555602189,8.524147792,8.139793945,R1111
2/5/2025 20:00,7.29919231,8.51534583,7.804461153,R1111
2/5/2025 20:30,7.291533874,8.453075164,7.619819958,R1111
2/5/2025 21:00,7.381009161,8.539198912,7.845917992,R1111
2/5/2025 21:30,7.370189741,8.747617737,7.933222196,R1111
2/5/2025 22:00,7.33185625,8.614590033,7.981802542,R1111
2/5/2025 22:30,7.214504458,8.852334756,8.04621834,R1111
2/5/2025 23:00,7.26170133,8.911795352,8.261427263,R1111
2/5/2025 23:30,7.268794907,8.821453722,8.354851563,R1111
2/6/2025 0:00,7.150781403,8.649593384,8.001537219,R1111
2/6/2025 0:30,4.480287633,4.935196748,5.146884017,R1111
2/6/2025 1:00,4.271097544,4.270138127,4.613759176,R1111
2/6/2025 1:30,3.566108988,2.934485495,3.579440728,R1111
2/6/2025 2:00,3.647780349,2.974463425,3.690808667,R1111
2/6/2025 2:30,3.125807658,2.122260927,2.928408,R1111
2/6/2025 3:00,3.363241538,2.668463362,3.509636506,R1111
2/6/2025 3:30,4.255455197,3.861940095,4.422913475,R1111
2/6/2025 4:00,4.986514287,4.942250248,5.33419535,R1111
2/6/2025 4:30,5.26715433,5.601803136,6.054340737,R1111
2/6/2025 5:00,5.476446066,5.778053236,6.250815019,R1111
2/6/2025 5:30,5.672984563,6.159000057,6.807521764,R1111
2/6/2025 6:00,5.52901575,6.212994513,6.667200008,R1111
2/6/2025 6:30,5.701162456,6.510099876,6.976318458,R1111
2/6/2025 7:00,5.734812336,6.291648864,6.771682149,R1111
2/6/2025 7:30,5.760649694,6.52223882,7.065136461,R1111
2/6/2025 8:00,17.0704897,20.95872341,22.00356684,R1111
2/6/2025 8:30,17.12824498,20.63796696,22.4934851,R1111
2/6/2025 9:00,17.47884896,21.64731487,23.1806552,R1111
2/6/2025 9:30,18.03002048,21.83879379,23.67199016,R1111
2/6/2025 10:00,18.19060607,22.12004324,24.15865839,R1111
2/6/2025 10:30,18.43081012,22.71852633,24.20519537,R1111
2/6/2025 11:00,19.3100888,23.22859789,25.6264509,R1111
2/6/2025 11:30,19.34482774,23.43409952,25.08731726,R1111
2/6/2025 12:00,19.58949833,23.72189029,25.8261385,R1111
2/6/2025 12:30,19.59225081,23.45077545,25.23686645,R1111
2/6/2025 13:00,19.73542211,23.11113896,25.26343215,R1111
2/6/2025 13:30,20.20394327,23.42629891,24.75264152,R1111
2/6/2025 14:00,20.0444879,23.44942236,24.86154783,R1111
2/6/2025 14:30,19.56536515,24.12109662,25.72906543,R1111
2/6/2025 15:00,19.22867473,23.97537953,25.37224427,R1111
2/6/2025 15:30,17.71303242,22.0967423,22.75909059,R1111
2/6/2025 16:00,16.67546918,20.70782908,21.14328415,R1111
2/6/2025 16:30,15.22642195,18.96499203,18.82205994,R1111
2/6/2025 17:00,12.06293665,14.80266766,14.65947194,R1111
2/6/2025 17:30,10.10239763,12.23177037,11.59565032,R1111
2/6/2025 18:00,7.200571636,8.265820766,7.642502287,R1111
2/6/2025 18:30,6.624016751,7.408923824,7.025455097,R1111
2/6/2025 19:00,6.142156442,6.898627993,6.403277555,R1111
2/6/2025 19:30,6.497042127,7.19526457,6.812516778,R1111
2/6/2025 20:00,6.4890126,7.000091237,6.825063482,R1111
2/6/2025 20:30,6.57259922,7.143815602,6.942647253,R1111
2/6/2025 21:00,6.494404465,6.953803411,6.821212302,R1111
2/6/2025 21:30,6.794293942,7.182663837,6.912422667,R1111
2/6/2025 22:00,6.712701793,7.112311116,6.905920525,R1111
2/6/2025 22:30,6.575657677,7.154559958,7.023768354,R1111
2/6/2025 23:00,6.606483168,7.197597174,7.06886977,R1111
2/6/2025 23:30,6.778856166,7.434636171,7.144395277,R1111
2/7/2025 0:00,6.786036252,7.422135881,7.362702333,R1111
2/7/2025 0:30,6.810341248,7.347084294,7.226721029,R1111
2/7/2025 1:00,6.976023922,7.566305633,7.335527613,R1111
2/7/2025 1:30,7.329703811,7.793939696,7.468560996,R1111
2/7/2025 2:00,6.8099749,7.690716301,7.584474267,R1111
2/7/2025 2:30,6.787858143,7.704154963,7.727536946,R1111
2/7/2025 3:00,6.715817335,7.441492079,7.607314483,R1111
2/7/2025 3:30,6.66042038,7.55994387,7.603465551,R1111
2/7/2025 4:00,6.838308066,7.583606579,7.559126911,R1111
2/7/2025 4:30,6.718825594,7.457500858,7.531315764,R1111
2/7/2025 5:00,6.583193611,7.32579124,7.476107524,R1111
2/7/2025 5:30,6.660840095,7.378229302,7.590181926,R1111
2/7/2025 6:00,6.722117757,7.496274129,7.657058638,R1111
2/7/2025 6:30,6.767611421,7.580980199,7.723109272,R1111
2/7/2025 7:00,6.003032908,6.437313419,6.868826976,R1111
2/7/2025 7:30,6.659667351,7.267093605,7.574325269,R1111
2/7/2025 8:00,17.26964007,21.45231058,22.28530932,R1111
2/7/2025 8:30,19.29988904,23.80205445,26.23989585,R1111
2/7/2025 9:00,18.73014088,22.72922755,24.45452074,R1111
2/7/2025 9:30,18.37319878,22.31319107,23.98408451,R1111
2/7/2025 10:00,17.14111351,21.08008826,22.47095615,R1111
2/7/2025 10:30,17.46698259,21.00991586,22.34949652,R1111
2/7/2025 11:00,16.53084253,19.40755692,20.37365837,R1111
2/7/2025 11:30,16.71790039,19.64905161,20.88549353,R1111
2/7/2025 12:00,18.13062159,20.93493939,22.46145644,R1111
2/7/2025 12:30,17.93702258,21.75137479,23.26774039,R1111
2/7/2025 13:00,18.62160244,22.38023818,24.05363946,R1111
2/7/2025 13:30,19.02855995,22.70142654,24.07601227,R1111
2/7/2025 14:00,18.40570977,23.20777619,24.66533824,R1111
2/7/2025 14:30,19.51961795,23.6935509,25.39495104,R1111
2/7/2025 15:00,19.37946908,23.82559541,24.8883226,R1111
2/7/2025 15:30,18.87867572,23.53227268,24.94636788,R1111
2/7/2025 16:00,18.23951231,22.40960016,23.77419812,R1111
2/7/2025 16:30,16.93978018,20.95336469,21.5058257,R1111
2/7/2025 17:00,14.46780075,18.00092413,18.20520324,R1111
2/7/2025 17:30,12.84710368,15.37665455,14.67599771,R1111
2/7/2025 18:00,9.780602718,11.23728511,10.56539625,R1111
2/7/2025 18:30,8.345444335,9.189768366,8.379990998,R1111
2/7/2025 19:00,7.717882783,8.465170285,7.705106489,R1111
2/7/2025 19:30,7.299225555,8.31142772,7.662543004,R1111
2/7/2025 20:00,7.553577883,8.251174067,7.594498442,R1111
2/7/2025 20:30,7.325302889,8.250419852,7.790494353,R1111
2/7/2025 21:00,7.08176589,8.20469403,7.686884551,R1111
2/7/2025 21:30,7.047423308,8.10954742,7.647835498,R1111
2/7/2025 22:00,6.769835252,7.841311264,7.520719097,R1111
2/7/2025 22:30,6.93660487,7.854156839,7.665014805,R1111
2/7/2025 23:00,6.795005533,7.728570884,7.67587464,R1111
2/7/2025 23:30,6.688454016,7.779537304,7.475032838,R1111
2/8/2025 0:00,6.987578833,7.796041786,7.573149339,R1111
2/8/2025 0:30,6.72265059,7.406686829,7.417879044,R1111
2/8/2025 1:00,6.874668159,7.603223954,7.40530727,R1111
2/8/2025 1:30,6.843337574,7.604284046,7.450435284,R1111
2/8/2025 2:00,6.95126176,7.501341809,7.575103937,R1111
2/8/2025 2:30,6.874081544,7.39603698,7.476952271,R1111
2/8/2025 3:00,6.99193388,7.669543782,7.663023923,R1111
2/8/2025 3:30,6.934481376,7.462041272,7.444345644,R1111
2/8/2025 4:00,6.645711072,7.531610746,7.786812049,R1111
2/8/2025 4:30,7.147760198,7.805541915,7.795424703,R1111
2/8/2025 5:00,7.132083346,7.74374338,7.791895484,R1111
2/8/2025 5:30,6.642547862,7.679802115,7.766692004,R1111
2/8/2025 6:00,7.053507728,7.705897507,7.830098058,R1111
2/8/2025 6:30,7.002117405,7.716268526,7.51722985,R1111
2/8/2025 7:00,6.945538059,7.578707031,7.553123894,R1111
2/8/2025 7:30,7.206012016,8.046539894,8.146675758,R1111
2/8/2025 8:00,18.52818399,22.9182202,26.04938663,R1111
2/8/2025 8:30,16.75557672,19.86057021,20.47499967,R1111
2/8/2025 9:00,16.77020794,20.14070058,21.30840434,R1111
2/8/2025 9:30,17.22254781,20.94075495,22.26435697,R1111
2/8/2025 10:00,18.09067882,21.96505965,23.43094243,R1111
2/8/2025 10:30,17.91692149,21.76201868,23.51996652,R1111
2/8/2025 11:00,18.51505607,22.18602329,23.7095233,R1111
2/8/2025 11:30,19.26995659,22.89510586,24.61466616,R1111
2/8/2025 12:00,18.60431689,22.83075272,23.87616821,R1111
2/8/2025 12:30,17.54791455,22.91699618,23.86984937,R1111
2/8/2025 13:00,19.75310973,22.8707705,24.57271904,R1111
2/8/2025 13:30,19.48590957,23.00083523,24.49339148,R1111
2/8/2025 14:00,17.85518291,22.88448901,24.18287881,R1111
2/8/2025 14:30,18.22805286,22.96229535,24.39828851,R1111
2/8/2025 15:00,20.01300205,23.63651255,24.81540208,R1111
2/8/2025 15:30,18.47529941,22.77986128,23.64944826,R1111
2/8/2025 16:00,17.04560285,21.69858161,22.21248602,R1111
2/8/2025 16:30,16.4521148,20.05592924,20.08558003,R1111
2/8/2025 17:00,13.47199137,16.23747757,16.01755809,R1111
2/8/2025 17:30,11.07192329,12.88123511,12.38704222,R1111
2/8/2025 18:00,8.549368687,9.538171023,8.959834744,R1111
2/8/2025 18:30,7.611145091,8.279517678,7.717965073,R1111
2/8/2025 19:00,7.560993681,7.974241244,7.40212315,R1111
2/8/2025 19:30,6.51125626,7.813605579,7.328252552,R1111
2/8/2025 20:00,7.058469228,7.998725849,7.58842801,R1111
2/8/2025 20:30,6.798420329,7.908834725,7.50928227,R1111
2/8/2025 21:00,6.995264706,8.051369578,7.767011489,R1111
2/8/2025 21:30,7.07566286,8.181083767,7.629382555,R1111
2/8/2025 22:00,7.604995302,8.279960159,7.907737611,R1111
2/8/2025 22:30,7.242299894,8.091664361,7.792984539,R1111
2/8/2025 23:00,7.148287824,8.196161547,8.013686472,R1111
2/8/2025 23:30,7.215131353,8.223057161,7.978506401,R1111
2/9/2025 0:00,7.190322011,8.138497401,7.957648847,R1111
2/9/2025 0:30,5.001448105,5.363157605,5.585766963,R1111
2/9/2025 1:00,4.263009305,4.183793395,4.814631312,R1111
2/9/2025 1:30,3.840251605,3.129884271,3.837415047,R1111
2/9/2025 2:00,3.65230951,3.173489475,3.980044445,R1111
2/9/2025 2:30,3.337830574,2.265659229,3.097859893,R1111
2/9/2025 3:00,3.582677241,2.552683114,3.541486377,R1111
2/9/2025 3:30,4.226747295,3.634227891,4.437331812,R1111
2/9/2025 4:00,5.013429246,4.557774981,5.236577272,R1111
2/9/2025 4:30,5.275739461,5.087695961,5.657887111,R1111
2/9/2025 5:00,5.133847251,5.315225004,5.879007907,R1111
2/9/2025 5:30,5.575241454,5.511907629,6.215612975,R1111
2/9/2025 6:00,5.844655714,5.968929451,6.643787009,R1111
2/9/2025 6:30,5.474156457,5.901588503,6.573438584,R1111
2/9/2025 7:00,5.538864212,6.162877667,6.851937194,R1111
2/9/2025 7:30,6.286111826,6.683955807,6.884143678,R1111
2/9/2025 8:00,17.52517905,20.32116455,20.72779704,R1111
2/9/2025 8:30,17.07567185,19.97973654,20.89551679,R1111
2/9/2025 9:00,16.87229694,20.65389888,21.81467524,R1111
2/9/2025 9:30,17.87047304,21.22199672,22.338059,R1111
2/9/2025 10:00,18.4797723,21.82831577,23.52395507,R1111
2/9/2025 10:30,18.47573708,21.95286577,23.39682507,R1111
2/9/2025 11:00,19.02616008,22.64615559,23.95836774,R1111
2/9/2025 11:30,19.49741602,23.00764745,24.35359989,R1111
2/9/2025 12:00,19.29760925,23.05344871,24.85490142,R1111
2/9/2025 12:30,19.5274379,22.84082079,24.94658723,R1111
2/9/2025 13:00,19.19113989,22.90449526,24.72653383,R1111
2/9/2025 13:30,18.88628075,23.02988645,24.5543158,R1111
2/9/2025 14:00,18.84323948,23.29787522,24.40335112,R1111
2/9/2025 14:30,20.05802309,23.70806749,25.77793168,R1111
2/9/2025 15:00,19.48993793,23.31854107,25.01566923,R1111
2/9/2025 15:30,19.54006502,23.01928686,24.76786161,R1111
2/9/2025 16:00,18.08684886,22.04424459,22.98702435,R1111
2/9/2025 16:30,16.3659963,19.9485697,20.16524688,R1111
2/9/2025 17:00,11.67078927,13.83287076,13.73043199,R1111
2/9/2025 17:30,9.631993177,10.89459079,10.62255664,R1111
2/9/2025 18:00,7.558105615,8.053187962,7.705152273,R1111
2/9/2025 18:30,6.764987827,7.619309137,7.225958269,R1111
2/9/2025 19:00,6.467286753,7.285163401,6.964044139,R1111
2/9/2025 19:30,6.570646706,7.177523743,7.369297805,R1111
2/9/2025 20:00,6.494675116,7.009538453,7.378011076,R1111
2/9/2025 20:30,6.564649002,7.015606482,7.075551648,R1111
2/9/2025 21:00,6.253774105,6.817008011,7.063602816,R1111
2/9/2025 21:30,6.638110694,6.963475619,7.024178741,R1111
2/9/2025 22:00,6.84713327,7.022814166,7.527550221,R1111
2/9/2025 22:30,6.539316675,6.931857244,7.178088183,R1111
2/9/2025 23:00,6.692565939,7.035696726,7.356606039,R1111
2/9/2025 23:30,6.714249806,6.990499077,7.418867777,R1111
2/10/2025 0:00,6.687656907,6.927268682,7.266050982,R1111
2/10/2025 0:30,6.923451974,7.164862672,7.478722371,R1111
2/10/2025 1:00,6.789912346,7.046310227,7.293144145,R1111
2/10/2025 1:30,6.759917224,7.003837379,7.348016785,R1111
2/10/2025 2:00,6.919630698,7.238533901,7.459334887,R1111
2/10/2025 2:30,7.112895304,7.194552172,7.539378866,R1111
2/10/2025 3:00,6.835310187,7.102312818,7.235347744,R1111
2/10/2025 3:30,7.024940039,7.190424288,7.430038125,R1111
2/10/2025 4:00,7.157537382,7.185472789,7.53235783,R1111
2/10/2025 4:30,7.08501382,7.168659792,7.38218944,R1111
2/10/2025 5:00,7.304442904,7.196900292,7.642097146,R1111
2/10/2025 5:30,7.124169984,7.139783472,7.450769031,R1111
2/10/2025 6:00,7.191731342,7.238648044,7.4366922,R1111
2/10/2025 6:30,7.315620536,7.334305474,7.743114645,R1111
2/10/2025 7:00,7.08095442,7.25231718,7.304677332,R1111
2/10/2025 7:30,6.865458419,7.300579689,7.689737423,R1111
2/10/2025 8:00,11.05449938,13.27808246,13.32509912,R1111
2/10/2025 8:30,15.5549919,18.71454722,19.17755847,R1111
2/10/2025 9:00,15.7761481,18.78435395,19.12279252,R1111
2/10/2025 9:30,17.70885214,20.69978204,21.63590605,R1111
2/10/2025 10:00,17.60999839,21.02637418,22.11997748,R1111
2/10/2025 10:30,18.26506947,21.47296686,22.34971705,R1111
2/10/2025 11:00,18.43209642,22.2456493,23.50503427,R1111
2/10/2025 11:30,20.02742963,22.97919628,24.80085971,R1111
2/10/2025 12:00,19.84176553,23.02853894,25.8118073,R1111
2/10/2025 12:30,19.99999527,22.94286875,26.02405148,R1111
2/10/2025 13:00,20.22093342,22.85920878,25.29306425,R1111
2/10/2025 13:30,20.50277654,23.05902258,24.85374888,R1111
2/10/2025 14:00,20.23355006,23.25307029,25.03382625,R1111
2/10/2025 14:30,19.76820927,23.33562228,25.25980291,R1111
2/10/2025 15:00,20.09889438,23.41017213,25.24857067,R1111
2/10/2025 15:30,19.41819914,22.89355471,24.4235956,R1111
2/10/2025 16:00,18.64863864,21.99826817,23.19520313,R1111
2/10/2025 16:30,17.28896458,20.58706838,21.42147738,R1111
2/10/2025 17:00,13.19351775,15.71134686,15.62911477,R1111
2/10/2025 17:30,11.59508673,12.96527484,12.62764501,R1111
2/10/2025 18:00,8.746495065,9.337094078,8.797299449,R1111
2/10/2025 18:30,7.963181747,8.480623362,7.899724601,R1111
2/10/2025 19:00,7.968188766,8.147029782,7.699721298,R1111
2/10/2025 19:30,7.197942143,8.102645765,7.514292591,R1111
2/10/2025 20:00,7.268816634,7.823110549,7.698191098,R1111
2/10/2025 20:30,7.187913341,7.998386859,7.781164,R1111
2/10/2025 21:00,6.913566881,7.673165469,7.499001676,R1111
2/10/2025 21:30,7.00404197,7.73711981,7.496942091,R1111
2/10/2025 22:00,7.185487461,7.711511686,7.521499644,R1111
2/10/2025 22:30,7.152421018,7.662599548,7.564372461,R1111
2/10/2025 23:00,7.036071912,7.467511825,7.359081944,R1111
2/10/2025 23:30,7.031724223,7.288357568,7.747076075,R1111
2/11/2025 0:00,6.991839627,7.35762521,7.486219379,R1111
2/11/2025 0:30,4.787499082,4.129360681,4.724771599,R1111
2/11/2025 1:00,4.487387834,3.569125587,4.433029593,R1111
2/11/2025 1:30,3.824927752,2.69505013,3.398663689,R1111
2/11/2025 2:00,4.019473056,2.733123909,3.638272979,R1111
2/11/2025 2:30,3.24299323,1.827099684,2.714980146,R1111
2/11/2025 3:00,3.647522781,2.211905381,3.334834439,R1111
2/11/2025 3:30,4.258586313,3.264883263,3.975984275,R1111
2/11/2025 4:00,4.901066677,4.115991152,4.697592054,R1111
2/11/2025 4:30,5.017233812,4.576186092,5.378127176,R1111
2/11/2025 5:00,5.257668811,5.101782782,5.833722538,R1111
2/11/2025 5:30,5.414817916,5.132765286,5.418109339,R1111
2/11/2025 6:00,5.557640247,5.459895585,5.916561657,R1111
2/11/2025 6:30,5.305981977,5.575857777,5.938980683,R1111
2/11/2025 7:00,5.513036897,5.446860412,5.714779009,R1111
2/11/2025 7:30,5.440041661,5.621160769,6.06995641,R1111
2/11/2025 8:00,17.63458677,20.93059338,21.42369071,R1111
2/11/2025 8:30,16.82421929,20.27976399,20.51643984,R1111
2/11/2025 9:00,17.31821675,20.86249732,21.50802517,R1111
2/11/2025 9:30,16.98553304,21.23218484,21.89259319,R1111
2/11/2025 10:00,18.00530777,22.07477855,23.06338202,R1111
2/11/2025 10:30,19.05859022,23.22129241,24.07821472,R1111
2/11/2025 11:00,19.15264897,23.72417376,23.92133337,R1111
2/11/2025 11:30,19.92704364,24.44150194,24.79560416,R1111
2/11/2025 12:00,20.15218112,24.38648866,24.63003644,R1111
2/11/2025 12:30,19.90974547,24.3183073,24.64191105,R1111
2/11/2025 13:00,19.71245877,24.27816484,25.04495763,R1111
2/11/2025 13:30,19.58948009,24.0476971,24.50247902,R1111
2/11/2025 14:00,19.7220081,24.32759243,25.21888861,R1111
2/11/2025 14:30,20.34825932,24.86796213,25.72131972,R1111
2/11/2025 15:00,19.95063427,24.37233576,24.97533397,R1111
2/11/2025 15:30,19.33056223,23.56793967,24.96638014,R1111
2/11/2025 16:00,18.10885587,21.86834535,21.71117223,R1111
2/11/2025 16:30,15.24178065,19.10326005,18.60100298,R1111
2/11/2025 17:00,12.4634418,15.46291949,15.05046383,R1111
2/11/2025 17:30,10.22437798,12.21098067,11.42425642,R1111
2/11/2025 18:00,7.649838548,8.324441748,7.611980181,R1111
2/11/2025 18:30,7.105020857,8.038211819,7.587495888,R1111
2/11/2025 19:00,6.809640779,7.599912077,7.344240486,R1111
2/11/2025 19:30,6.883330289,7.40553952,7.166246139,R1111
2/11/2025 20:00,6.404057623,7.26294431,6.859568744,R1111
2/11/2025 20:30,6.610629282,6.76991026,6.940071716,R1111
2/11/2025 21:00,6.358876487,6.942640568,6.943921698,R1111
2/11/2025 21:30,6.539723018,6.669941774,7.001655495,R1111
2/11/2025 22:00,6.41593196,6.534443252,6.547610972,R1111
2/11/2025 22:30,6.2347241,6.435687261,6.639678499,R1111
2/11/2025 23:00,6.60374323,6.561774437,6.723634022,R1111
2/11/2025 23:30,6.39424642,6.302497572,6.555864787,R1111
2/12/2025 0:00,6.403335284,6.40186132,6.509624011,R1111
2/12/2025 0:30,6.474919962,6.319056952,6.333448524,R1111
2/12/2025 1:00,6.36548412,6.371411954,6.438433242,R1111
2/12/2025 1:30,6.55149002,6.497158845,6.379881224,R1111
2/12/2025 2:00,6.730286434,6.184073716,6.294989691,R1111
2/12/2025 2:30,6.712760371,6.357116058,6.589543344,R1111
2/12/2025 3:00,6.783139577,6.27824276,6.575757593,R1111
2/12/2025 3:30,6.892304397,6.302568123,6.621146646,R1111
2/12/2025 4:00,6.785753175,6.218251502,6.54036861,R1111
2/12/2025 4:30,6.83792889,6.394759151,6.990230673,R1111
2/12/2025 5:00,6.751098952,6.324720902,6.713421339,R1111
2/12/2025 5:30,6.998809133,6.620419818,7.070062982,R1111
2/12/2025 6:00,7.086640242,6.442422714,6.883243789,R1111
2/12/2025 6:30,6.804489272,6.353555633,6.702896571,R1111
2/12/2025 7:00,6.975792164,6.19979719,6.453575906,R1111
2/12/2025 7:30,6.837744777,6.240004912,6.553605381,R1111
2/12/2025 8:00,10.22680272,10.99419739,10.87430214,R1111
2/12/2025 8:30,12.13508884,13.30015141,13.16798954,R1111
2/12/2025 9:00,15.897504,17.15020297,17.14535777,R1111
2/12/2025 9:30,17.16831281,19.59225438,20.08860343,R1111
2/12/2025 10:00,19.04772219,21.4754536,22.93039157,R1111
2/12/2025 10:30,20.29191152,22.24616375,24.81448271,R1111
2/12/2025 11:00,20.1675795,22.1104179,23.32746709,R1111
2/12/2025 11:30,20.92784522,22.58588922,24.42690357,R1111
2/12/2025 12:00,20.2051487,22.73572324,24.35249063,R1111
2/12/2025 12:30,20.96379106,23.08192447,24.58842493,R1111
2/12/2025 13:00,21.82783654,22.85831397,24.54269842,R1111
2/12/2025 13:30,20.67664734,22.85422155,24.08604888,R1111
2/12/2025 14:00,20.44226093,23.37556121,24.83204566,R1111
2/12/2025 14:30,20.74258293,23.46232882,24.48939983,R1111
2/12/2025 15:00,19.8589934,22.53050542,23.7574344,R1111
2/12/2025 15:30,19.5221383,21.67101144,22.67029965,R1111
2/12/2025 16:00,17.51536118,20.23971167,20.76854438,R1111
2/12/2025 16:30,14.83393617,17.22186305,16.95334186,R1111
2/12/2025 17:00,12.78259492,14.31904932,14.26762767,R1111
2/12/2025 17:30,12.19035411,12.9723388,12.46251147,R1111
2/12/2025 18:00,8.85059729,8.647387447,8.427963359,R1111
2/12/2025 18:30,8.505745096,8.282743693,7.791072152,R1111
2/12/2025 19:00,7.984367804,7.985377857,7.599442679,R1111
2/12/2025 19:30,7.948080281,8.027458673,7.465742222,R1111
2/12/2025 20:00,7.609251569,7.817126957,7.114181247,R1111
2/12/2025 20:30,7.437124714,7.740404348,7.066238456,R1111
2/12/2025 21:00,7.293616741,7.608514109,7.10492724,R1111
2/12/2025 21:30,7.157350523,7.374381544,6.839760472,R1111
2/12/2025 22:00,7.281328779,7.474708953,7.106728643,R1111
2/12/2025 22:30,7.365565777,7.411949881,7.100813483,R1111
2/12/2025 23:00,7.379624199,7.376156848,7.037528504,R1111
2/12/2025 23:30,7.238383712,7.236477347,6.95195513,R1111
2/13/2025 0:00,7.338411746,7.421142929,7.254480107,R1111
2/13/2025 0:30,5.41073223,4.521191757,4.651810326,R1111
2/13/2025 1:00,5.343644447,3.6431369,4.050700903,R1111
2/13/2025 1:30,4.062789581,2.921172678,3.149673053,R1111
2/13/2025 2:00,4.278445261,2.832901824,3.163465718,R1111
2/13/2025 2:30,3.892561228,2.230900012,2.713093,R1111
2/13/2025 3:00,4.01475941,2.467185889,2.993431721,R1111
2/13/2025 3:30,4.529530849,3.181436691,3.582640718,R1111
2/13/2025 4:00,5.09366942,4.363522529,4.537976881,R1111
2/13/2025 4:30,5.070313961,4.639137487,4.513085409,R1111
2/13/2025 5:00,5.777921643,5.333977329,5.164371022,R1111
2/13/2025 5:30,5.993716042,5.728331065,5.59382238,R1111
2/13/2025 6:00,5.968505483,5.544899867,5.585031016,R1111
2/13/2025 6:30,6.184429877,5.832592411,5.973285534,R1111
2/13/2025 7:00,6.111731034,5.774215967,5.914993282,R1111
2/13/2025 7:30,6.259043471,6.025347028,5.980579662,R1111
2/13/2025 8:00,17.83986241,20.0667935,20.40175899,R1111
2/13/2025 8:30,17.53465074,19.80810576,20.4622756,R1111
2/13/2025 9:00,17.99203454,20.8028501,20.67929488,R1111
2/13/2025 9:30,17.95374532,21.32687557,21.61420538,R1111
2/13/2025 10:00,19.798082,21.54517143,21.86771653,R1111
2/13/2025 10:30,19.16600243,21.9213348,23.39726283,R1111
2/13/2025 11:00,20.30825338,22.61091873,23.39742787,R1111
2/13/2025 11:30,20.56929011,23.03125666,24.34215575,R1111
2/13/2025 12:00,20.05153006,22.98042705,23.90701519,R1111
2/13/2025 12:30,20.41784766,23.22685801,24.33887174,R1111
2/13/2025 13:00,20.3709869,23.75229812,24.74647703,R1111
2/13/2025 13:30,21.24329277,24.00081021,25.60604831,R1111
2/13/2025 14:00,21.48508839,23.91098476,25.01042868,R1111
2/13/2025 14:30,20.60502026,23.74120865,25.21496335,R1111
2/13/2025 15:00,19.67057065,22.25122879,23.64744392,R1111
2/13/2025 15:30,17.77854617,20.46069838,20.70430177,R1111
2/13/2025 16:00,17.07017164,19.65027519,20.07851834,R1111
2/13/2025 16:30,15.90865305,18.07140865,18.05634237,R1111
2/13/2025 17:00,10.50422299,11.35729513,11.12370071,R1111
2/13/2025 17:30,8.34810611,8.324374312,7.923653526,R1111
2/13/2025 18:00,6.865464753,6.498778775,6.141492555,R1111
2/13/2025 18:30,7.307681181,6.790764546,6.554392662,R1111
2/13/2025 19:00,7.386063414,6.997261287,6.580702485,R1111
2/13/2025 19:30,7.109742618,6.900979688,6.712435461,R1111
2/13/2025 20:00,7.198576234,6.800933934,6.499216381,R1111
2/13/2025 20:30,7.112502064,6.698377117,6.595952752,R1111
2/13/2025 21:00,7.123492881,6.807188403,6.57770377,R1111
2/13/2025 21:30,7.212276704,6.866752758,6.874432985,R1111
2/13/2025 22:00,7.214498235,6.918731273,6.840383807,R1111
2/13/2025 22:30,7.043431916,6.807761064,6.76608758,R1111
2/13/2025 23:00,7.246591875,6.810525525,6.768951992,R1111
2/13/2025 23:30,8.236343073,6.87330626,6.746140675,R1111
2/14/2025 0:00,7.69012324,6.65671015,6.567934444,R1111
2/14/2025 0:30,7.349141468,6.72857814,6.60678043,R1111
2/14/2025 1:00,7.147645701,6.843543526,6.789733203,R1111
2/14/2025 1:30,7.307339728,6.749583266,6.800779087,R1111
2/14/2025 2:00,7.520474854,6.896638926,6.809915302,R1111
2/14/2025 2:30,7.28861476,6.726159786,6.89342397,R1111
2/14/2025 3:00,7.180414894,6.690578642,6.762499128,R1111
2/14/2025 3:30,7.33164395,6.73017412,6.855357579,R1111
2/14/2025 4:00,6.997356894,6.715901938,6.943861206,R1111
2/14/2025 4:30,7.460556728,7.010753436,7.047972186,R1111
2/14/2025 5:00,7.456927334,6.88251856,6.972874121,R1111
2/14/2025 5:30,7.48986694,6.972545711,6.933772702,R1111
2/14/2025 6:00,7.274483922,6.876643425,6.873121237,R1111
2/14/2025 6:30,7.380606194,6.964280802,7.116376468,R1111
2/14/2025 7:00,7.329867744,6.803753235,6.81109438,R1111
2/14/2025 7:30,7.562411462,6.901244494,7.041794794,R1111
2/14/2025 8:00,11.18190489,12.01541587,12.14071335,R1111
2/14/2025 8:30,12.3286372,13.37137033,13.07337763,R1111
2/14/2025 9:00,12.99174056,14.35902736,14.04039086,R1111
2/14/2025 9:30,19.0233687,20.55762623,21.39935894,R1111
2/14/2025 10:00,18.89218603,21.15687162,22.16416313,R1111
2/14/2025 10:30,18.99117392,21.04798669,21.93043709,R1111
2/14/2025 11:00,19.25950085,21.86368939,22.7517022,R1111
2/14/2025 11:30,21.23007356,23.1880972,24.26110796,R1111
2/14/2025 12:00,20.86887668,23.67240123,24.32077753,R1111
2/14/2025 12:30,21.36606461,23.84210239,24.56482916,R1111
2/14/2025 13:00,21.23646472,23.97145416,24.43559442,R1111
2/14/2025 13:30,21.05438488,24.20627364,24.27105086,R1111
2/14/2025 14:00,20.0553414,24.42421085,23.99112999,R1111
2/14/2025 14:30,19.54917247,24.64670931,24.04082708,R1111
2/14/2025 15:00,20.69754188,23.87995118,23.76437126,R1111
2/14/2025 15:30,20.46465517,24.3121235,23.97164176,R1111
2/14/2025 16:00,19.47718948,23.15066401,23.1385708,R1111
2/14/2025 16:30,17.75958097,21.89619959,20.80145929,R1111
2/14/2025 17:00,15.33857156,18.10970027,17.20434422,R1111
2/14/2025 17:30,12.16930574,14.0649773,12.24018267,R1111
2/14/2025 18:00,9.234261793,9.943151764,8.743059573,R1111
2/14/2025 18:30,8.456337136,9.357963432,8.103158815,R1111
2/14/2025 19:00,7.879230189,8.720547593,7.276283164,R1111
2/14/2025 19:30,7.483091936,8.495224315,7.338088974,R1111
2/14/2025 20:00,7.419334835,8.467077161,7.340966076,R1111
2/14/2025 20:30,6.79184158,8.540062707,7.44488028,R1111
2/14/2025 21:00,6.733778257,8.07560255,7.160392242,R1111
2/14/2025 21:30,7.428335398,8.026073835,7.19628677,R1111
2/14/2025 22:00,6.678402524,7.826608139,6.997472996,R1111
2/14/2025 22:30,6.347760885,7.744648171,7.102421959,R1111
2/14/2025 23:00,6.432675675,7.707997686,7.054880686,R1111
2/14/2025 23:30,6.875994877,7.664516906,7.023686067,R1111
2/15/2025 0:00,6.517867883,7.671855642,7.60338271,R1111
2/15/2025 0:30,6.9512046,7.525017286,7.005771839,R1111
2/15/2025 1:00,6.603593785,7.833416047,7.26036066,R1111
2/15/2025 1:30,7.167815728,7.811910284,7.234773401,R1111
2/15/2025 2:00,6.341423678,8.575455789,7.069351364,R1111
2/15/2025 2:30,7.060307214,7.288159379,7.06973481,R1111
2/15/2025 3:00,7.104692372,7.162728769,6.870359623,R1111
2/15/2025 3:30,7.353143618,7.196949874,7.293606861,R1111
2/15/2025 4:00,6.848886195,7.195784432,7.105353597,R1111
2/15/2025 4:30,7.100795281,7.396828768,7.361872931,R1111
2/15/2025 5:00,6.807028126,7.189093613,7.411083981,R1111
2/15/2025 5:30,7.201306005,7.026071309,7.245692066,R1111
2/15/2025 6:00,7.337958036,7.089528896,7.157943292,R1111
2/15/2025 6:30,7.292022493,7.273707447,7.377508928,R1111
2/15/2025 7:00,6.692634258,7.119959985,7.140923246,R1111
2/15/2025 7:30,8.282185128,8.172159488,8.406678555,R1111
2/15/2025 8:00,18.60714024,21.98434886,23.3130907,R1111
2/15/2025 8:30,18.69594859,19.88747302,20.99859848,R1111
2/15/2025 9:00,17.55776277,19.30695801,19.8747968,R1111
2/15/2025 9:30,18.88126687,20.91858273,22.02985962,R1111
2/15/2025 10:00,20.25883406,21.51464427,23.42787171,R1111
2/15/2025 10:30,20.23269501,21.92243859,23.05719603,R1111
2/15/2025 11:00,20.58872501,22.35886562,23.24241936,R1111
2/15/2025 11:30,21.34148965,22.85141129,24.37949263,R1111
2/15/2025 12:00,20.9711028,22.9179113,24.54861115,R1111
2/15/2025 12:30,21.50446727,22.99436911,24.75208142,R1111
2/15/2025 13:00,21.50369297,23.13761019,24.19778008,R1111
2/15/2025 13:30,21.7229499,23.11968692,23.90614088,R1111
2/15/2025 14:00,21.72558751,23.11089083,23.96522072,R1111
2/15/2025 14:30,21.63357334,23.42945327,24.71382623,R1111
2/15/2025 15:00,21.27709054,23.17367587,24.39588174,R1111
2/15/2025 15:30,20.45160563,22.50502427,23.58752183,R1111
2/15/2025 16:00,19.05754046,20.94441377,21.6770885,R1111
2/15/2025 16:30,17.29299171,18.94159925,18.95726539,R1111
2/15/2025 17:00,14.15909971,15.46926854,15.06098202,R1111
2/15/2025 17:30,12.30689092,12.68890586,11.91401533,R1111
2/15/2025 18:00,9.601667113,9.356934777,8.495315894,R1111
2/15/2025 18:30,8.683619577,8.494199692,7.894985252,R1111
2/15/2025 19:00,8.473026326,8.180245143,7.978374973,R1111
2/15/2025 19:30,8.346777115,8.093684294,7.705168647,R1111
2/15/2025 20:00,8.531812402,8.123506284,8.05240759,R1111
2/15/2025 20:30,8.247346761,7.771190089,7.758000142,R1111
2/15/2025 21:00,7.894244416,7.674813203,7.562052125,R1111
2/15/2025 21:30,8.005050018,7.490185384,7.368400486,R1111
2/15/2025 22:00,7.831516184,7.315140032,7.119844847,R1111
2/15/2025 22:30,7.597362604,7.212947712,7.276650685,R1111
2/15/2025 23:00,7.854383878,7.166268236,6.913740308,R1111
2/15/2025 23:30,7.381678712,7.044346595,7.106856703,R1111
2/16/2025 0:00,7.602271464,7.149722374,7.35098388,R1111
2/16/2025 0:30,5.761790549,4.423685455,4.715493433,R1111
2/16/2025 1:00,5.193423845,3.468821179,4.196727883,R1111
2/16/2025 1:30,4.60595307,2.604210906,3.244877747,R1111
2/16/2025 2:00,4.519385692,2.459038775,3.309336241,R1111
2/16/2025 2:30,4.142914921,1.929716116,2.794701024,R1111
2/16/2025 3:00,4.131491725,2.021185431,2.855179979,R1111
2/16/2025 3:30,4.689377863,2.854608866,3.556962871,R1111
2/16/2025 4:00,5.435098177,3.870168656,4.34487433,R1111
2/16/2025 4:30,5.663770703,4.399454368,4.928479683,R1111
2/16/2025 5:00,6.024651383,4.893947862,5.388731372,R1111
2/16/2025 5:30,6.124288453,5.09164631,5.473592339,R1111
2/16/2025 6:00,6.202304836,5.147921736,5.4664964,R1111
2/16/2025 6:30,6.315798569,5.409698917,5.711673614,R1111
2/16/2025 7:00,6.283078438,5.223524993,5.402111845,R1111
2/16/2025 7:30,7.273628458,6.971700236,7.196504927,R1111
2/16/2025 8:00,18.51694536,20.07084203,20.23649885,R1111
2/16/2025 8:30,18.10455152,19.39628531,19.33844075,R1111
2/16/2025 9:00,17.7600941,19.49559616,19.5859174,R1111
2/16/2025 9:30,18.8305959,20.47402427,20.61668557,R1111
2/16/2025 10:00,19.4920955,21.3188305,21.69657553,R1111
2/16/2025 10:30,20.59317533,22.17058441,22.56605956,R1111
2/16/2025 11:00,20.9420429,22.63749184,23.12607952,R1111
2/16/2025 11:30,21.67232339,23.0134196,23.60656986,R1111
2/16/2025 12:00,21.98299234,23.32278267,23.91984275,R1111
2/16/2025 12:30,22.53712984,23.45594338,23.88766432,R1111
2/16/2025 13:00,21.98668173,23.66690895,23.70299708,R1111
2/16/2025 13:30,22.54988336,23.59573637,23.50651821,R1111
2/16/2025 14:00,22.03877871,23.46492341,23.19248696,R1111
2/16/2025 14:30,22.19110342,23.56264819,24.07570984,R1111
2/16/2025 15:00,21.93781455,23.71706916,23.31282321,R1111
2/16/2025 15:30,21.21943117,22.83296589,23.03413931,R1111
2/16/2025 16:00,19.50783345,21.33005277,20.84929222,R1111
2/16/2025 16:30,17.12129909,18.74153915,17.94946652,R1111
2/16/2025 17:00,13.20031048,13.91408785,13.35399323,R1111
2/16/2025 17:30,10.98434567,10.65485819,9.872952409,R1111
2/16/2025 18:00,8.735560421,7.754335611,6.797459596,R1111
2/16/2025 18:30,8.072981629,7.016498317,6.391148953,R1111
2/16/2025 19:00,7.76718606,6.859548615,6.321599026,R1111
2/16/2025 19:30,7.68465104,6.70391796,6.272912778,R1111
2/16/2025 20:00,7.482147988,6.734743528,6.64604146,R1111
2/16/2025 20:30,7.427793036,6.768908779,6.480050439,R1111
2/16/2025 21:00,7.327728958,6.581508314,6.478826429,R1111
2/16/2025 21:30,7.121302126,6.642466246,6.642519938,R1111
2/16/2025 22:00,7.666449503,6.559732045,6.729815175,R1111
2/16/2025 22:30,8.536527935,6.587458343,6.845253092,R1111
2/16/2025 23:00,6.945153532,6.63133621,6.874551673,R1111
2/16/2025 23:30,6.797232655,6.543300054,6.746976179,R1111
2/17/2025 0:00,8.373159785,6.431554218,6.770888381,R1111
2/17/2025 0:30,8.916935475,7.060729416,7.172362871,R1111
2/17/2025 1:00,8.100414079,6.230183624,6.171735115,R1111
2/17/2025 1:30,7.117583538,6.544473669,6.793363036,R1111
2/17/2025 2:00,7.583776436,6.542101821,6.718117886,R1111
2/17/2025 2:30,7.750897522,6.539751883,6.880904677,R1111
2/17/2025 3:00,8.107847642,6.496569343,6.736154473,R1111
2/17/2025 3:30,8.142451595,6.724364176,7.006223037,R1111
2/17/2025 4:00,7.966131997,6.684899116,7.040213232,R1111
2/17/2025 4:30,7.87877136,6.575176375,6.729708609,R1111
2/17/2025 5:00,7.895592373,6.625470627,6.845529501,R1111
2/17/2025 5:30,7.861144196,6.462463981,6.640490181,R1111
2/17/2025 6:00,7.948774158,6.578514526,6.931139574,R1111
2/17/2025 6:30,8.25531267,6.587880981,6.846617052,R1111
2/17/2025 7:00,7.616421867,6.352801587,6.62851098,R1111
2/17/2025 7:30,9.793846605,8.702042146,8.820123323,R1111
2/17/2025 8:00,18.36534983,19.33835567,19.73679393,R1111
2/17/2025 8:30,17.66955789,18.90959683,20.17901764,R1111
2/17/2025 9:00,19.99507909,20.08425234,21.48051645,R1111
2/17/2025 9:30,19.94839817,20.26671971,21.51319741,R1111
2/17/2025 10:00,21.06129989,20.88589918,22.2779113,R1111
2/17/2025 10:30,21.29105134,21.40962958,22.79272369,R1111
2/17/2025 11:00,21.24398724,21.85824793,23.11614718,R1111
2/17/2025 11:30,23.35110151,22.49592458,24.1375353,R1111
2/17/2025 12:00,22.5555514,22.74370482,23.44145886,R1111
2/17/2025 12:30,23.36495936,22.97131573,24.92547833,R1111
2/17/2025 13:00,23.76269452,23.06839711,24.20040495,R1111
2/17/2025 13:30,24.03284429,23.39336634,24.60954785,R1111
2/17/2025 14:00,22.35453404,23.56197429,25.13222173,R1111
2/17/2025 14:30,23.63018286,23.59756951,24.51045768,R1111
2/17/2025 15:00,22.93820526,22.91430315,23.69046064,R1111
2/17/2025 15:30,21.993903,22.3525685,23.1942599,R1111
2/17/2025 16:00,20.7377042,21.10639584,21.12062695,R1111
2/17/2025 16:30,18.89900969,19.54254431,19.39736311,R1111
2/17/2025 17:00,14.89363913,14.95626228,14.53960952,R1111
2/17/2025 17:30,12.86029364,12.02497978,11.41316495,R1111
2/17/2025 18:00,10.57284731,9.163154791,8.416158678,R1111
2/17/2025 18:30,9.169921167,7.813283424,7.265592773,R1111
2/17/2025 19:00,9.264743443,7.561363244,7.205240107,R1111
2/17/2025 19:30,8.958023911,7.697774464,7.314201826,R1111
2/17/2025 20:00,8.770164396,7.715535449,7.169425378,R1111
2/17/2025 20:30,8.79421634,7.50647855,7.128001104,R1111
2/17/2025 21:00,8.371934875,7.264403489,6.907522848,R1111
2/17/2025 21:30,8.461653646,7.274210288,7.063343991,R1111
2/17/2025 22:00,8.086452076,7.228528546,6.829973877,R1111
2/17/2025 22:30,8.240715654,7.184973155,6.919499236,R1111
2/17/2025 23:00,8.286256858,7.02249885,7.099016413,R1111
2/17/2025 23:30,8.351212958,7.016927101,7.104452148,R1111
2/18/2025 0:00,8.39549182,7.077378009,6.980638573,R1111
2/18/2025 0:30,6.256272679,4.236410963,4.543498588,R1111
2/18/2025 1:00,5.698099021,3.155797025,3.722567689,R1111
2/18/2025 1:30,5.186236859,2.42259969,3.202867637,R1111
2/18/2025 2:00,4.963097084,2.30924734,3.065576129,R1111
2/18/2025 2:30,4.678267194,1.778175153,2.490432273,R1111
2/18/2025 3:00,4.717601475,1.913068323,2.844166105,R1111
2/18/2025 3:30,5.405367379,2.875968712,3.736239844,R1111
2/18/2025 4:00,5.885023473,3.724475961,4.608072136,R1111
2/18/2025 4:30,6.310289039,4.468768817,5.220871514,R1111
2/18/2025 5:00,6.517440757,4.778459796,5.239566237,R1111
2/18/2025 5:30,6.601547766,4.7809472,5.018522879,R1111
2/18/2025 6:00,6.873684396,5.048939118,5.93203769,R1111
2/18/2025 6:30,7.007818117,5.053897662,5.618211677,R1111
2/18/2025 7:00,7.016983153,5.090916341,5.907593034,R1111
2/18/2025 7:30,8.520778923,7.085252543,7.477080603,R1111
2/18/2025 8:00,19.51253733,19.26893737,20.49540755,R1111
2/18/2025 8:30,19.86356528,19.27682607,20.48418889,R1111
2/18/2025 9:00,19.66423682,19.32995443,21.03785083,R1111
2/18/2025 9:30,20.84197849,20.18133774,21.60742419,R1111
2/18/2025 10:00,22.42376344,21.07373752,22.28366881,R1111
2/18/2025 10:30,22.82689284,21.45761692,23.04247882,R1111
2/18/2025 11:00,22.58977299,21.97019625,23.71371848,R1111
2/18/2025 11:30,23.68328174,22.46462437,24.55265197,R1111
2/18/2025 12:00,24.2251944,22.40530002,23.91255883,R1111
2/18/2025 12:30,24.02341046,22.57492698,25.03094933,R1111
2/18/2025 13:00,22.82980923,22.09071229,23.86070702,R1111
2/18/2025 13:30,23.39274517,22.07864283,23.31583038,R1111
2/18/2025 14:00,23.49790057,22.27276806,23.78354256,R1111
2/18/2025 14:30,23.95994783,22.24010051,23.86768498,R1111
2/18/2025 15:00,22.73903032,21.75501059,22.78046706,R1111
2/18/2025 15:30,22.22115337,20.94518622,22.11627372,R1111
2/18/2025 16:00,19.54229519,18.76749144,19.6298639,R1111
2/18/2025 16:30,16.96391918,16.28708536,16.71142933,R1111
2/18/2025 17:00,13.76654593,12.64315247,12.9611207,R1111
2/18/2025 17:30,11.99627897,10.04388643,9.652400033,R1111
2/18/2025 18:00,9.379892294,7.129331334,6.962226089,R1111
2/18/2025 18:30,9.029280957,6.980482841,6.676482944,R1111
2/18/2025 19:00,8.675988339,6.694722306,6.727864434,R1111
2/18/2025 19:30,8.453405227,6.361519451,6.471674299,R1111
2/18/2025 20:00,8.496598908,6.722082398,6.760949182,R1111
2/18/2025 20:30,8.277570437,6.879650087,7.006172248,R1111
2/18/2025 21:00,7.990775521,6.582457763,6.312654413,R1111
2/18/2025 21:30,7.711829034,7.057522124,6.765665358,R1111
2/18/2025 22:00,7.871093191,7.05725627,6.848825281,R1111
2/18/2025 22:30,8.055416175,6.873584161,6.879909036,R1111
2/18/2025 23:00,7.750235543,6.787992238,6.636704586,R1111
2/18/2025 23:30,7.937831599,6.821131288,6.748262568,R1111
2/19/2025 0:00,7.960699051,6.907207243,6.742258627,R1111
2/19/2025 0:30,7.880782529,6.786540624,6.73891335,R1111
2/19/2025 1:00,7.768536996,6.700275773,6.549520178,R1111
2/19/2025 1:30,7.816224522,6.633947392,6.751790638,R1111
2/19/2025 2:00,8.147051629,6.778506744,6.821462465,R1111
2/19/2025 2:30,8.122841718,6.993341897,6.895995876,R1111
2/19/2025 3:00,8.063772878,6.776662953,6.819218442,R1111
2/19/2025 3:30,8.05269931,7.007689724,6.653063058,R1111
2/19/2025 4:00,8.042932659,7.009386198,7.086816587,R1111
2/19/2025 4:30,8.041269893,6.939798766,6.622819394,R1111
2/19/2025 5:00,8.05119269,7.079857408,6.963529276,R1111
2/19/2025 5:30,8.340351369,7.191761329,7.406621982,R1111
2/19/2025 6:00,7.918394378,7.253421528,6.907114029,R1111
2/19/2025 6:30,8.132875652,7.28792509,7.158077573,R1111
2/19/2025 7:00,7.938102204,6.989683971,6.880069715,R1111
2/19/2025 7:30,12.28666309,13.26587696,12.64823673,R1111
2/19/2025 8:00,20.04542798,21.84669765,22.40416303,R1111
2/19/2025 8:30,18.09234613,18.71640483,18.63724837,R1111
2/19/2025 9:00,19.27699021,19.35994583,17.41084701,R1111
2/19/2025 9:30,19.42481071,22.63390925,22.10547084,R1111
2/19/2025 10:00,21.23530603,22.82802015,22.17653512,R1111
2/19/2025 10:30,22.04993383,23.62785763,22.2590383,R1111
2/19/2025 11:00,22.31981492,23.43185864,23.1531694,R1111
2/19/2025 11:30,21.55266915,23.49538262,22.35561103,R1111
2/19/2025 12:00,20.7211802,25.79225304,22.40717738,R1111
2/19/2025 12:30,22.65431495,22.62428966,22.30664686,R1111
2/19/2025 13:01,35.35790809,NA,NA,R1111
2/19/2025 13:30,22.2139381,22.21959693,21.76651052,R1111
2/19/2025 14:00,21.75355602,22.49876451,22.13216172,R1111
2/19/2025 14:30,22.62067105,23.0627345,22.90504741,R1111
2/19/2025 15:00,22.06241632,22.56827731,22.48106495,R1111
2/19/2025 15:30,20.80467682,21.35459727,21.15285265,R1111
2/19/2025 16:00,18.54472763,20.51244014,19.8129425,R1111
2/19/2025 16:30,18.27346209,18.37753739,17.54767088,R1111
2/19/2025 17:00,14.22003711,13.85286109,12.90256075,R1111
2/19/2025 17:30,11.11700615,11.02294433,10.0803311,R1111
2/19/2025 18:00,8.768074055,7.90233791,7.00025767,R1111
2/19/2025 18:30,9.053877086,7.178867321,6.251109244,R1111
2/19/2025 19:00,8.301780871,6.563652968,5.939086623,R1111
2/19/2025 19:30,8.558590239,6.442370091,5.8294177,R1111
2/19/2025 20:00,8.262237712,6.334394845,5.871207075,R1111
2/19/2025 20:30,8.155739054,6.23043157,5.747506121,R1111
2/19/2025 21:00,8.093611093,6.069277702,5.767344675,R1111
2/19/2025 21:30,7.863150835,6.031993976,5.718456981,R1111
2/19/2025 22:00,8.056577444,6.024153587,5.953143529,R1111
2/19/2025 22:30,8.300447346,5.872498832,5.802431456,R1111
2/19/2025 23:00,8.212484634,5.944824521,5.512153301,R1111
2/19/2025 23:30,8.307633173,5.829633507,5.468659975,R1111
2/20/2025 0:00,8.136562309,5.888172749,5.451639587,R1111
2/20/2025 0:30,6.220609039,3.187980162,3.239336604,R1111
2/20/2025 1:00,5.323850592,2.421256758,2.590552887,R1111
2/20/2025 1:30,4.986255538,1.778698522,2.287817605,R1111
2/20/2025 2:00,5.347859055,2.016209616,2.427181955,R1111
2/20/2025 2:30,4.991869446,1.504817282,1.651564004,R1111
2/20/2025 3:00,5.153651872,1.703433639,2.146708255,R1111
2/20/2025 3:30,5.524986871,2.055116416,2.093353321,R1111
2/20/2025 4:00,5.970838294,2.760509756,3.018100484,R1111
2/20/2025 4:30,6.654832719,3.28577953,3.527127782,R1111
2/20/2025 5:00,6.960439169,3.636358827,3.723507826,R1111
2/20/2025 5:30,4.345653912,3.828810412,4.225713896,R1111
2/20/2025 6:00,4.413790568,3.921116321,3.924147482,R1111
2/20/2025 6:30,4.723970562,4.154516102,4.492007623,R1111
2/20/2025 7:00,4.790297778,4.029499923,4.198093422,R1111
2/20/2025 7:30,5.164743842,4.457989498,4.366548277,R1111
2/20/2025 8:00,16.40739085,19.09487233,19.73414128,R1111
2/20/2025 8:30,16.45694378,18.18141333,18.33747632,R1111
2/20/2025 9:00,16.54286337,18.81301137,19.35846639,R1111
2/20/2025 9:30,16.73233547,19.19959895,19.82924274,R1111
2/20/2025 10:00,17.66577262,19.69933088,20.21662111,R1111
2/20/2025 10:30,18.14194098,20.28829776,20.82952274,R1111
2/20/2025 11:00,18.93255863,20.96344068,21.36432318,R1111
2/20/2025 11:30,18.71710951,21.12527891,21.29622513,R1111
2/20/2025 12:00,18.60197223,21.30393804,21.55981709,R1111
2/20/2025 12:30,18.55242793,21.1879821,21.5998867,R1111
2/20/2025 13:00,19.01837127,21.20754271,21.62757362,R1111
2/20/2025 13:30,18.47899195,21.08433501,20.78014266,R1111
2/20/2025 14:00,18.23344697,21.10006529,21.42809271,R1111
2/20/2025 14:30,17.91623531,20.97033526,21.16616403,R1111
2/20/2025 15:00,18.25153488,20.59682673,20.44243876,R1111
2/20/2025 15:30,17.70541891,20.01805197,19.78644407,R1111
2/20/2025 16:00,15.47627152,17.77561021,17.23725932,R1111
2/20/2025 16:30,13.42883765,14.88352872,14.23056224,R1111
2/20/2025 17:00,9.880727751,10.69601386,10.094173,R1111
2/20/2025 17:30,7.935538432,7.851632327,7.095923124,R1111
2/20/2025 18:00,6.599655382,5.653021484,5.349447789,R1111
2/20/2025 18:30,6.311416122,5.496255951,4.917912283,R1111
2/20/2025 19:00,5.986229425,5.062061104,5.038297901,R1111
2/20/2025 19:30,5.876094799,4.858696469,4.648790669,R1111
2/20/2025 20:00,5.395037777,4.680023459,4.399625485,R1111
2/20/2025 20:30,5.786516352,4.956624507,4.726286841,R1111
2/20/2025 21:00,5.559025075,4.831710798,4.62789925,R1111
2/20/2025 21:30,5.802641468,4.904761704,4.836218508,R1111
2/20/2025 22:00,5.821696839,4.738928284,4.784996987,R1111
2/20/2025 22:30,5.774265003,4.568087732,4.474678367,R1111
2/20/2025 23:00,5.787555021,4.691330296,4.635575618,R1111
2/20/2025 23:30,5.798209699,4.526930126,4.406992906,R1111
2/21/2025 0:00,5.98266971,4.734718917,4.688183311,R1111
2/21/2025 0:30,5.93989611,4.646624713,4.748378787,R1111
2/21/2025 1:00,6.018645778,4.76662688,4.76122841,R1111
2/21/2025 1:30,5.946410808,4.70205543,4.747391989,R1111
2/21/2025 2:00,6.150637001,4.754738241,4.483806677,R1111
2/21/2025 2:30,6.321465458,4.918177861,4.799986542,R1111
2/21/2025 3:00,6.209675801,4.884995681,4.596897979,R1111
2/21/2025 3:30,6.247655099,4.957764474,4.517586065,R1111
2/21/2025 4:00,6.273919278,4.917699958,4.887754713,R1111
2/21/2025 4:30,6.550011301,5.070596001,4.694841136,R1111
2/21/2025 5:00,6.259553699,5.008775257,4.668523203,R1111
2/21/2025 5:30,6.357234767,4.874489489,4.507399574,R1111
2/21/2025 6:00,6.503845114,5.007980253,4.610569569,R1111
2/21/2025 6:30,6.763429853,4.881102523,4.929024664,R1111
2/21/2025 7:00,5.571328442,3.275317172,3.30390338,R1111
2/21/2025 7:30,5.826615758,3.499882549,3.594308816,R1111
2/21/2025 8:00,11.35193625,11.40445975,11.09338138,R1111
2/21/2025 8:30,19.65003027,19.61071311,21.14745526,R1111
2/21/2025 9:00,17.60922815,18.12145088,19.03355146,R1111
2/21/2025 9:30,18.06094694,18.78539639,18.99709358,R1111
2/21/2025 10:00,19.78467316,19.41732577,19.90289688,R1111
2/21/2025 10:30,19.32293839,20.05129384,21.23760784,R1111
2/21/2025 11:00,19.78567452,20.64747987,21.43200597,R1111
2/21/2025 11:30,20.38273592,21.22532569,22.05666701,R1111
2/21/2025 12:00,19.31376091,22.63452107,22.48100829,R1111
2/21/2025 12:30,19.66014526,22.09080949,21.42840868,R1111
2/21/2025 13:00,19.67798634,22.18355233,22.74889779,R1111
2/21/2025 13:30,19.93431732,21.9107558,21.10650797,R1111
2/21/2025 14:00,19.92523679,22.09715734,21.67749152,R1111
2/21/2025 14:30,19.75894181,22.00031936,21.1893372,R1111
2/21/2025 15:00,18.98547182,21.40163955,20.67632655,R1111
2/21/2025 15:30,18.35935093,20.32679114,19.70033446,R1111
2/21/2025 16:00,16.25295921,17.98327906,17.09057224,R1111
2/21/2025 16:30,13.60929029,14.90037646,13.5587912,R1111
2/21/2025 17:00,10.98220634,11.20393211,10.49742951,R1111
2/21/2025 17:30,9.439112847,9.118406695,8.212396041,R1111
2/21/2025 18:00,7.684955982,6.858225394,5.476173823,R1111
2/21/2025 18:30,6.766375187,6.212727419,5.144485419,R1111
2/21/2025 19:00,6.616968565,5.947879522,5.071671378,R1111
2/21/2025 19:30,6.598302358,5.627927379,5.027392285,R1111
2/21/2025 20:00,6.570895089,5.31399185,4.728129388,R1111
2/21/2025 20:30,6.380282032,5.361202086,4.896464257,R1111
2/21/2025 21:00,6.816299095,5.260674036,5.182600055,R1111
2/21/2025 21:30,6.773473358,5.366430529,5.056059897,R1111
2/21/2025 22:00,6.873899627,5.356452786,4.816214406,R1111
2/21/2025 22:30,6.976660367,5.25336516,5.016810487,R1111
2/21/2025 23:00,6.735110246,5.279806711,4.903010353,R1111
2/21/2025 23:30,6.868333626,5.349431951,5.296297658,R1111
2/22/2025 0:00,6.564187329,5.082108525,5.21452252,R1111
2/22/2025 0:30,6.82609693,5.276727177,5.027017483,R1111
2/22/2025 1:00,7.253609,5.309178818,5.257114805,R1111
2/22/2025 1:30,6.934616571,5.365631526,5.192203762,R1111
2/22/2025 2:00,7.316722583,5.452695205,4.930822429,R1111
2/22/2025 2:30,7.137988602,5.375451523,4.70283589,R1111
2/22/2025 3:00,7.030416501,5.658413833,4.902666406,R1111
2/22/2025 3:30,7.035434109,5.403318446,4.837587296,R1111
2/22/2025 4:00,7.017872064,5.574646617,4.808442315,R1111
2/22/2025 4:30,7.09868461,5.439069513,4.758289566,R1111
2/22/2025 5:00,7.262970465,5.551687532,4.825223035,R1111
2/22/2025 5:30,7.214606013,5.655376004,4.791312768,R1111
2/22/2025 6:00,7.336802649,5.615322033,4.922747002,R1111
2/22/2025 6:30,7.910997855,5.685393691,4.970601692,R1111
2/22/2025 7:00,7.380382667,5.548198723,4.833090385,R1111
2/22/2025 7:30,10.87565003,10.6739318,9.646872124,R1111
2/22/2025 8:00,20.90182524,21.03694601,21.82401107,R1111
2/22/2025 8:30,18.91975209,19.45471476,18.76590385,R1111
2/22/2025 9:00,19.5524341,20.16216876,20.10749848,R1111
2/22/2025 9:30,19.25955978,20.641832,19.92842705,R1111
2/22/2025 10:00,20.79550167,21.27829061,20.53012954,R1111
2/22/2025 10:30,21.84992229,21.74881559,21.38889741,R1111
2/22/2025 11:00,21.50655746,22.04974501,21.61743002,R1111
2/22/2025 11:30,22.4522961,22.77276356,22.37146398,R1111
2/22/2025 12:00,22.65614188,22.80503778,22.57258096,R1111
2/22/2025 12:30,22.10242428,22.69841379,22.3961622,R1111
2/22/2025 13:00,22.36134266,22.43887549,22.17598196,R1111
2/22/2025 13:30,21.76196469,22.36675032,22.21697868,R1111
2/22/2025 14:00,22.00656139,22.32879097,22.44071144,R1111
2/22/2025 14:30,22.17189008,22.8439718,22.52223489,R1111
2/22/2025 15:00,21.84467895,22.35423483,22.33381756,R1111
2/22/2025 15:30,20.08840777,21.03561284,20.48821866,R1111
2/22/2025 16:00,17.88602189,18.79422563,17.1241999,R1111
2/22/2025 16:30,15.36805945,15.87696287,14.60100702,R1111
2/22/2025 17:00,12.15525322,11.86717788,10.61166117,R1111
2/22/2025 17:30,10.88831724,9.939547416,8.526729454,R1111
2/22/2025 18:00,9.15575387,6.95866679,6.365195176,R1111
2/22/2025 18:30,7.899355282,7.135911899,5.704976843,R1111
2/22/2025 19:00,7.272952709,6.58727338,5.17247784,R1111
2/22/2025 19:30,7.148469869,6.503496357,4.9096289,R1111
2/22/2025 20:00,7.126613877,6.283662672,4.953337459,R1111
2/22/2025 20:30,7.375327393,6.339357903,5.032422547,R1111
2/22/2025 21:00,7.199699291,6.20777494,4.926603067,R1111
2/22/2025 21:30,7.140193227,6.023912162,4.591356073,R1111
2/22/2025 22:00,7.166344025,5.851792465,4.587446065,R1111
2/22/2025 22:30,7.347261065,6.03434876,4.816569241,R1111
2/22/2025 23:00,7.412255681,5.800520433,4.652562427,R1111
2/22/2025 23:30,7.516911549,5.893701992,4.803603554,R1111
2/23/2025 0:00,7.552628776,5.952331332,4.862789182,R1111
2/23/2025 0:30,5.544435061,3.637248774,2.857886025,R1111
2/23/2025 1:00,5.084320743,2.756321151,1.830956593,R1111
2/23/2025 1:30,4.68085957,2.248970245,1.684148051,R1111
2/23/2025 2:00,4.796704628,2.11536846,1.438207231,R1111
2/23/2025 2:30,4.301768435,1.844633276,1.359554404,R1111
2/23/2025 3:00,4.433725091,1.822722094,1.540565739,R1111
2/23/2025 3:30,4.715398689,2.342179856,1.877120242,R1111
2/23/2025 4:00,4.945107193,2.878364571,2.05163376,R1111
2/23/2025 4:30,5.454078078,3.286265506,2.636905863,R1111
2/23/2025 5:00,5.671782038,3.690530013,2.944373836,R1111
2/23/2025 5:30,5.960772043,3.940763756,3.241350618,R1111
2/23/2025 6:00,6.146296026,4.147743768,3.462707047,R1111
2/23/2025 6:30,6.05790377,4.323839408,3.515583129,R1111
2/23/2025 7:00,4.909932672,5.843095411,3.677829434,R1111
2/23/2025 7:30,8.757652849,7.541221216,6.886540276,R1111
2/23/2025 8:00,18.02001577,17.97108228,17.93190476,R1111
2/23/2025 8:30,18.05341344,17.96010702,17.4658854,R1111
2/23/2025 9:00,17.38525434,18.03877954,17.71097569,R1111
2/23/2025 9:30,17.7724997,18.39996037,17.71850305,R1111
2/23/2025 10:00,18.73592211,19.38935804,19.03015792,R1111
2/23/2025 10:30,19.63469526,20.39857342,19.98492608,R1111
2/23/2025 11:00,20.23092723,21.02257463,20.57518531,R1111
2/23/2025 11:30,21.06474362,21.4592002,21.4571381,R1111
2/23/2025 12:00,20.28637597,21.76397523,20.98859284,R1111
2/23/2025 12:30,19.57604095,21.86976734,20.95233524,R1111
2/23/2025 13:00,19.36856738,21.75736623,20.66853782,R1111
2/23/2025 13:30,19.35600495,21.76495582,20.67928749,R1111
2/23/2025 14:00,19.5413288,21.7571761,20.51325462,R1111
2/23/2025 14:30,19.58399352,21.83119376,20.88332113,R1111
2/23/2025 15:00,19.07460156,21.31742298,20.05524095,R1111
2/23/2025 15:30,17.4527813,20.56657134,18.31337942,R1111
2/23/2025 16:00,14.90346715,17.57676786,15.38756851,R1111
2/23/2025 16:30,12.04915628,14.27486413,12.10428355,R1111
2/23/2025 17:00,8.985750136,9.814150987,8.168081814,R1111
2/23/2025 17:30,8.062624837,8.264124545,6.472502001,R1111
2/23/2025 18:00,6.819544177,6.214201686,4.62919709,R1111
2/23/2025 18:30,6.525878601,5.91725102,4.471359105,R1111
2/23/2025 19:00,6.085716479,5.308669243,4.045410699,R1111
2/23/2025 19:30,6.034275692,5.446165018,4.08659252,R1111
2/23/2025 20:00,5.98322221,5.396316995,4.138779994,R1111
2/23/2025 20:30,5.698492371,5.58345395,4.60518296,R1111
2/23/2025 21:00,6.099531887,5.356852901,4.328593797,R1111
2/23/2025 21:30,6.204740825,5.271666984,4.245682656,R1111
2/23/2025 22:00,6.190018168,5.33129649,4.350832141,R1111
2/23/2025 22:30,6.118690907,5.192130027,4.371743798,R1111
2/23/2025 23:00,6.254712984,5.422587239,4.446486461,R1111
2/23/2025 23:30,6.513509259,5.318627358,4.468822727,R1111
2/24/2025 0:00,6.369874055,5.255832405,4.600297172,R1111
2/24/2025 0:30,6.361064484,5.349120361,4.522971223,R1111
2/24/2025 1:00,5.401160813,6.6718119,4.500284753,R1111
2/24/2025 1:30,6.900854962,4.925407862,4.377383736,R1111
2/24/2025 2:00,7.210950594,4.807015731,4.606776739,R1111
2/24/2025 2:30,7.106394397,4.861948529,4.344347796,R1111
2/24/2025 3:00,7.401880343,4.991461397,4.440009059,R1111
2/24/2025 3:30,7.257975689,5.029699604,4.557658013,R1111
2/24/2025 4:00,7.475243174,4.995407997,4.469940521,R1111
2/24/2025 4:30,7.324718468,5.001646514,4.487080088,R1111
2/24/2025 5:00,7.311245751,4.807206058,4.477809789,R1111
2/24/2025 5:30,7.42087805,4.805929554,4.425798247,R1111
2/24/2025 6:00,7.337612969,5.032524513,4.544832885,R1111
2/24/2025 6:30,7.436973708,4.909138383,4.765059491,R1111
2/24/2025 7:00,7.38862862,4.78961032,4.415868735,R1111
2/24/2025 7:30,12.69291171,12.41749764,11.7638087,R1111
2/24/2025 8:00,19.99560588,19.76429873,19.83381693,R1111
2/24/2025 8:30,19.62665098,19.06088715,19.04424395,R1111
2/24/2025 9:00,19.55069485,19.7887303,19.35213728,R1111
2/24/2025 9:30,19.68587045,20.11237178,19.40155799,R1111
2/24/2025 10:00,20.54370318,20.59089297,19.87149421,R1111
2/24/2025 10:30,21.87399865,21.48368275,20.74702441,R1111
2/24/2025 11:00,22.42982363,21.79809053,21.43427544,R1111
2/24/2025 11:30,22.14680875,21.93737219,21.3865275,R1111
2/24/2025 12:00,21.7995527,21.61283033,20.93771587,R1111
2/24/2025 12:30,21.72815098,21.59293682,21.20031607,R1111
2/24/2025 13:00,21.63990273,21.66190059,20.8961238,R1111
2/24/2025 13:30,21.6892439,21.42809721,20.44115791,R1111
2/24/2025 14:00,21.46571061,21.60695791,20.62596681,R1111
2/24/2025 14:30,21.51368921,21.46959882,20.60460091,R1111
2/24/2025 15:00,21.21095674,20.77669066,19.64159213,R1111
2/24/2025 15:30,19.63982892,19.52143333,18.76188656,R1111
2/24/2025 16:00,16.91221555,16.96607492,15.99269367,R1111
2/24/2025 16:30,15.12925178,14.329282,13.08811633,R1111
2/24/2025 17:00,11.2590642,10.26470442,8.957684569,R1111
2/24/2025 17:30,10.199252,8.305765062,7.112985667,R1111
2/24/2025 18:00,8.699552498,6.126677005,4.928027085,R1111
2/24/2025 18:30,8.001912355,5.520546707,4.365885457,R1111
2/24/2025 19:00,7.632237108,5.610543554,4.418165018,R1111
2/24/2025 19:30,7.271646479,5.478834807,4.795893208,R1111
2/24/2025 20:00,7.53349165,5.307788752,4.732340627,R1111
2/24/2025 20:30,7.747911073,5.062805545,4.92075727,R1111
2/24/2025 21:00,7.517439984,5.186668296,4.720680481,R1111
2/24/2025 21:30,7.369768108,5.155740173,4.171813014,R1111
2/24/2025 22:00,7.490557093,5.159124516,4.338004428,R1111
2/24/2025 22:30,7.288694904,5.181382182,4.440980061,R1111
2/24/2025 23:00,7.325534375,5.202919438,4.490522101,R1111
2/24/2025 23:30,7.564059417,5.141598812,4.447093418,R1111
2/25/2025 0:00,7.428400933,5.026100239,4.255803703,R1111
2/25/2025 0:30,5.801484558,2.405983265,2.511165487,R1111
2/25/2025 1:00,5.729821264,1.828010082,2.182460296,R1111
2/25/2025 1:30,5.604478472,1.446600687,1.947636397,R1111
2/25/2025 2:00,3.798261886,1.272142056,1.694906601,R1111
2/25/2025 2:30,2.383066819,1.042157249,1.371683152,R1111
2/25/2025 3:00,2.244347274,0.938968749,1.181712851,R1111
2/25/2025 3:30,2.363902922,1.333173552,1.435395423,R1111
2/25/2025 4:00,3.075048209,2.158271128,2.174094731,R1111
2/25/2025 4:30,3.635682458,2.682222612,2.764877499,R1111
2/25/2025 5:00,4.158632475,3.071402349,3.081268961,R1111
2/25/2025 5:30,4.193905408,3.444456205,3.500473887,R1111
2/25/2025 6:00,4.349351174,3.470241405,3.388285194,R1111
2/25/2025 6:30,4.487473851,3.636691273,3.816309529,R1111
2/25/2025 7:00,4.724323793,3.675861791,3.601794921,R1111
2/25/2025 7:30,8.391422568,9.693832952,9.589062559,R1111
2/25/2025 8:00,14.98408281,17.82014046,17.86618622,R1111
2/25/2025 8:30,15.14394711,17.65049194,17.37839815,R1111
2/25/2025 9:00,15.09866476,17.70342671,17.97805216,R1111
2/25/2025 9:30,15.52861617,18.24979794,18.40421423,R1111
2/25/2025 10:00,15.72018449,19.17198597,19.05801353,R1111
2/25/2025 10:30,16.75955478,20.28115281,19.67892194,R1111
2/25/2025 11:00,16.49511853,20.66092577,20.34834898,R1111
2/25/2025 11:30,16.71088363,20.76800528,19.96500686,R1111
2/25/2025 12:00,16.42520074,20.74575111,19.5809012,R1111
2/25/2025 12:30,16.76243702,20.60288387,19.79348015,R1111
2/25/2025 13:00,16.41814447,20.63642185,19.70381322,R1111
2/25/2025 13:30,16.23871049,20.58611417,19.87249222,R1111
2/25/2025 14:00,16.37693026,20.50806129,19.91633263,R1111
2/25/2025 14:30,16.81697704,21.02608884,20.34023988,R1111
2/25/2025 15:00,15.74059367,19.98268007,18.6360719,R1111
2/25/2025 15:30,14.94958062,18.72131708,17.45031458,R1111
2/25/2025 16:00,13.15275242,16.10674911,14.77659661,R1111
2/25/2025 16:30,10.64489836,13.11859135,11.7348922,R1111
2/25/2025 17:00,7.52324474,8.55066761,7.438114687,R1111
2/25/2025 17:30,6.728028451,7.015401476,5.77151732,R1111
2/25/2025 18:00,5.39799151,5.272445936,4.182001414,R1111
2/25/2025 18:30,5.10436694,4.976739233,4.034743791,R1111
2/25/2025 19:00,5.264015745,4.916076794,4.198101114,R1111
2/25/2025 19:30,5.04597838,4.618861614,3.774293313,R1111
2/25/2025 20:00,5.101279062,4.567834582,3.7769787,R1111
2/25/2025 20:30,4.997306592,4.500602245,3.661853775,R1111
2/25/2025 21:00,4.927232267,4.706314782,4.26510947,R1111
2/25/2025 21:30,4.965921204,4.582434517,3.900010562,R1111
2/25/2025 22:00,5.13889688,4.526745251,4.023817202,R1111
2/25/2025 22:30,5.092560835,4.529455788,4.176368368,R1111
2/25/2025 23:00,5.308445977,4.390920545,4.094565411,R1111
2/25/2025 23:30,5.193965937,4.347522051,4.022560325,R1111
2/26/2025 0:00,5.195068204,4.405823019,3.835039343,R1111
2/26/2025 0:30,5.323312247,4.288509597,3.806380998,R1111
2/26/2025 1:00,5.187083866,4.475803831,3.988998981,R1111
2/26/2025 1:30,5.211130915,4.178012468,4.046822914,R1111
2/26/2025 2:00,4.981262746,4.393813671,4.237890754,R1111
2/26/2025 2:30,5.264728004,4.449648329,4.419478011,R1111
2/26/2025 3:00,5.317608121,4.549385348,4.177724031,R1111
2/26/2025 3:30,5.226967735,4.501069232,4.180980026,R1111
2/26/2025 4:00,5.372759067,4.53596333,4.31645114,R1111
2/26/2025 4:30,5.290992015,4.762507784,4.374004184,R1111
2/26/2025 5:00,5.382305269,4.660243305,4.325213293,R1111
2/26/2025 5:30,5.203289932,4.746052185,4.049461737,R1111
2/26/2025 6:00,5.322057143,4.772202594,4.602000726,R1111
2/26/2025 6:30,5.362613931,4.851937545,4.437465405,R1111
2/26/2025 7:00,5.363570972,4.782255129,4.462187989,R1111
2/26/2025 7:30,12.44637369,15.54845755,15.07669037,R1111
2/26/2025 8:00,16.43968746,20.16642164,20.66557133,R1111
2/26/2025 8:30,16.25167326,19.24670315,18.27551867,R1111
2/26/2025 9:00,16.05843779,19.53429086,19.10864629,R1111
2/26/2025 9:30,16.12337957,20.03033358,19.42437421,R1111
2/26/2025 10:00,16.9904683,20.32898933,19.87196369,R1111
2/26/2025 10:30,17.62225735,21.05989306,20.46157406,R1111
2/26/2025 11:00,17.47608931,21.15487717,20.48114348,R1111
2/26/2025 11:30,17.70907973,21.24913958,20.80130132,R1111
2/26/2025 12:00,17.84003378,21.25855729,20.00498333,R1111
2/26/2025 12:30,17.92177104,21.15392686,20.20473567,R1111
2/26/2025 13:00,17.99407192,21.24705248,19.94115523,R1111
2/26/2025 13:30,16.60691496,20.43001769,19.15587445,R1111
2/26/2025 14:00,17.23164001,20.89547394,19.69572999,R1111
2/26/2025 14:30,17.41439194,21.1128166,19.67846571,R1111
2/26/2025 15:00,16.96046928,20.65458715,19.12249925,R1111
2/26/2025 15:30,15.6353593,19.15354702,17.39152174,R1111
2/26/2025 16:00,13.72491533,16.76906469,14.99905985,R1111
2/26/2025 16:30,11.60239963,14.04651294,12.10994014,R1111
2/26/2025 17:00,8.46674325,9.520662904,8.073110542,R1111
2/26/2025 17:30,7.525711798,7.870450392,6.480748559,R1111
2/26/2025 18:00,5.170412633,7.586953033,4.804181208,R1111
2/26/2025 18:30,6.010793717,4.981953547,4.042507225,R1111
2/26/2025 19:00,5.698791113,4.429081948,3.701121007,R1111
2/26/2025 19:30,5.714132181,4.631466116,4.119951622,R1111
2/26/2025 20:00,5.731480014,4.633043762,4.410877629,R1111
2/26/2025 20:30,5.756241169,4.609209943,3.948560955,R1111
2/26/2025 21:00,5.705532287,4.602639068,4.313914375,R1111
2/26/2025 21:30,5.812336573,4.542624755,4.091264064,R1111
2/26/2025 22:00,5.750716023,4.534279265,4.119074281,R1111
2/26/2025 22:30,5.744688102,4.414963089,4.128488225,R1111
2/26/2025 23:00,5.913794239,4.499962823,4.204704155,R1111
2/26/2025 23:30,5.907597431,4.341662173,4.256054322,R1111
2/27/2025 0:00,5.985098462,4.507398285,3.955610467,R1111
2/27/2025 0:30,4.689153153,2.147793708,2.263705213,R1111
2/27/2025 1:00,4.120299564,1.464454316,1.887971064,R1111
2/27/2025 1:30,4.231506324,1.226598872,1.6441394,R1111
2/27/2025 2:00,4.125623504,0.848528172,1.307873274,R1111
2/27/2025 2:30,3.810955578,0.650742711,0.717821259,R1111
2/27/2025 3:00,3.621929077,0.797219254,1.189835011,R1111
2/27/2025 3:30,3.330285363,0.99965781,1.640985341,R1111
2/27/2025 4:00,3.44738513,1.599823946,2.075830629,R1111
2/27/2025 4:30,3.569629724,1.862466437,2.558254703,R1111
2/27/2025 5:00,3.772515886,2.329775682,3.163114416,R1111
2/27/2025 5:30,3.816946005,2.755355195,3.43411451,R1111
2/27/2025 6:00,3.993668031,2.860923876,3.535036473,R1111
2/27/2025 6:30,4.240279665,3.233760178,3.731313998,R1111
2/27/2025 7:00,4.322140901,3.421838644,3.981011168,R1111
2/27/2025 7:30,9.388979174,11.26598343,11.7709007,R1111
2/27/2025 8:00,15.21168316,18.20855294,19.36519408,R1111
2/27/2025 8:30,14.92871916,17.60856456,18.02093573,R1111
2/27/2025 9:00,15.00042066,18.06613927,18.69435964,R1111
2/27/2025 9:30,14.92452058,18.24160858,18.8898678,R1111
2/27/2025 10:00,15.15728274,19.13684951,19.56026566,R1111
2/27/2025 10:30,16.09864968,19.8244605,19.80186878,R1111
2/27/2025 11:00,16.46919915,20.21235477,20.1968159,R1111
2/27/2025 11:30,16.64688482,20.34174469,20.81708883,R1111
2/27/2025 12:00,16.25164224,20.57498895,20.82344563,R1111
2/27/2025 12:30,16.21809709,20.44321374,20.96027555,R1111
2/27/2025 13:00,16.82370601,20.12419069,20.53306843,R1111
2/27/2025 13:30,16.6273187,18.84875983,19.69779605,R1111
2/27/2025 14:00,15.85050453,20.54504789,20.67939096,R1111
2/27/2025 14:30,15.13441035,20.81090649,20.17206882,R1111
2/27/2025 15:00,15.68519886,20.16465948,19.63751864,R1111
2/27/2025 15:30,13.80001682,18.52622648,18.2994736,R1111
2/27/2025 16:00,12.18457692,15.93197049,14.9447571,R1111
2/27/2025 16:30,9.974874002,12.82439894,11.65682985,R1111
2/27/2025 17:00,7.093496549,8.35273015,7.982494964,R1111
2/27/2025 17:30,6.648589036,7.433427103,6.730178377,R1111
2/27/2025 18:00,5.453710128,5.769439843,5.333889874,R1111
2/27/2025 18:30,4.892852525,5.147497418,4.722098332,R1111
2/27/2025 19:00,4.709952011,4.686712903,4.111891017,R1111
2/27/2025 19:30,4.538403322,4.457161512,4.042700087,R1111
2/27/2025 20:00,4.513020413,4.673170268,4.208209212,R1111
2/27/2025 20:30,4.483028114,4.224003547,3.967159488,R1111
2/27/2025 21:00,4.572954525,4.266443043,4.249815012,R1111
2/27/2025 21:30,4.495872343,4.157614725,4.014076345,R1111
2/27/2025 22:00,4.581504748,4.118509851,3.99434895,R1111
2/27/2025 22:30,4.732451938,4.287885277,3.963881499,R1111
2/27/2025 23:00,4.719159522,4.289204413,4.134739284,R1111
2/27/2025 23:30,4.660142834,4.410194396,4.249887621,R1111
2/28/2025 0:00,4.667079647,4.363242877,4.029303407,R1111
2/28/2025 0:30,4.847002177,4.296577311,3.998651349,R1111
2/28/2025 1:00,4.974570645,4.454922541,4.079487447,R1111
2/28/2025 1:30,4.944364867,4.427269388,4.03471507,R1111
2/28/2025 2:00,4.887733861,4.318987313,4.032726211,R1111
2/28/2025 2:30,4.979254533,4.475290348,4.040798955,R1111
2/28/2025 3:00,4.969635465,4.370702086,4.243608699,R1111
2/28/2025 3:30,4.946809184,4.413269435,4.089757525,R1111
2/28/2025 4:00,5.062829272,4.503203909,4.290604973,R1111
2/28/2025 4:30,5.17039178,4.500595039,4.553965411,R1111
2/28/2025 5:00,5.233269116,4.487990006,4.536963256,R1111
2/28/2025 5:30,5.085628398,4.458433875,4.386126681,R1111
2/28/2025 6:00,5.205950523,4.374319395,4.364267848,R1111
2/28/2025 6:30,5.099687566,4.243794632,4.279962428,R1111
2/28/2025 7:00,5.138574988,4.255634091,4.227151797,R1111
2/28/2025 7:30,13.70254282,16.8079098,16.58033501,R1111
2/28/2025 8:00,16.49847815,19.87436722,21.01050937,R1111
2/28/2025 8:30,16.063976,18.77971931,18.26471491,R1111
2/28/2025 9:00,16.14503439,19.49642121,19.59132851,R1111
2/28/2025 9:30,15.95771802,20.06376229,19.71753656,R1111
2/28/2025 10:00,16.60109738,20.61697182,20.0420587,R1111
2/28/2025 10:30,17.01943682,21.03518847,21.0117169,R1111
2/28/2025 11:00,17.66870542,21.29825964,21.43593903,R1111
2/28/2025 11:30,17.71235984,21.70411184,21.4941011,R1111
2/28/2025 12:00,17.31680177,21.8439704,20.72130943,R1111
2/28/2025 12:30,17.59020318,22.14945239,21.22622055,R1111
2/28/2025 13:00,17.54987662,22.07948186,21.31717949,R1111
2/28/2025 13:30,17.28968806,21.69558463,20.87274267,R1111
2/28/2025 14:00,17.68276572,22.26677148,21.72036705,R1111
2/28/2025 14:30,17.26444485,21.96385874,20.74736077,R1111
2/28/2025 15:00,16.53408771,20.8440658,19.71776079,R1111
2/28/2025 15:30,15.75024936,19.88947087,18.82605096,R1111
2/28/2025 16:00,13.83345514,17.21333158,15.69317493,R1111
2/28/2025 16:30,12.28386778,15.20122951,13.50627772,R1111
2/28/2025 17:00,8.515680132,9.667235637,8.370841849,R1111
2/28/2025 17:30,7.834019465,8.430369183,7.00055035,R1111
2/28/2025 18:00,6.300368207,6.498689204,5.244430224,R1111
2/28/2025 18:30,5.62114582,5.500502716,4.307701138,R1111
2/28/2025 19:00,5.195164483,5.355407136,4.280866542,R1111
2/28/2025 19:30,5.301429409,5.379828255,4.11287855,R1111
2/28/2025 20:00,5.311639741,5.316124523,4.322822734,R1111
2/28/2025 20:30,5.287872412,5.138719133,4.331563467,R1111
2/28/2025 21:00,5.394809947,5.121357337,4.254485596,R1111
2/28/2025 21:30,5.351478259,5.011619407,4.127749534,R1111
2/28/2025 22:00,5.482955489,4.861338557,4.05719345,R1111
2/28/2025 22:30,5.533872963,5.01577927,4.181559692,R1111
2/28/2025 23:00,5.457814945,4.926921717,4.251561413,R1111
2/28/2025 23:30,5.527945353,5.076345616,4.501637766,R1111
3/1/2025 0:00,5.471571624,5.019767536,4.33941534,R1111
3/1/2025 0:30,5.457436809,4.840149776,4.709852654,R1111
3/1/2025 1:00,5.437552592,4.830577781,4.274664136,R1111
3/1/2025 1:30,5.520749436,5.035204566,4.495735462,R1111
3/1/2025 2:00,5.53528969,5.053801021,4.37162073,R1111
3/1/2025 2:30,5.570341298,5.058642483,4.475492632,R1111
3/1/2025 3:00,5.554702814,5.060878484,4.785714152,R1111
3/1/2025 3:30,5.482137002,4.934582093,4.458176673,R1111
3/1/2025 4:00,5.521211347,5.008910828,4.418019168,R1111
3/1/2025 4:30,5.504095153,5.087499632,4.284213699,R1111
3/1/2025 5:00,5.362948475,4.838905624,4.374009567,R1111
3/1/2025 5:30,5.533351136,5.187099666,4.624847733,R1111
3/1/2025 6:00,5.374024683,5.003594728,4.454616565,R1111
3/1/2025 6:30,5.460447675,5.135124868,4.421043069,R1111
3/1/2025 7:00,5.407298736,4.936842919,4.217648348,R1111
3/1/2025 7:30,11.27249433,13.84373145,12.68897216,R1111
3/1/2025 8:00,16.14445435,19.64517408,19.51457052,R1111
3/1/2025 8:30,15.73554692,18.99716832,17.79948628,R1111
3/1/2025 9:00,15.75243412,19.64140717,18.74221352,R1111
3/1/2025 9:30,16.10802899,19.87517187,19.14290342,R1111
3/1/2025 10:00,16.65356248,20.67660507,19.68696722,R1111
3/1/2025 10:30,17.11272349,21.38154289,19.95497964,R1111
3/1/2025 11:00,16.63872024,21.12379364,20.13323262,R1111
3/1/2025 11:30,18.23380899,21.968661,20.52895439,R1111
3/1/2025 12:00,17.54123538,22.12921797,20.61624204,R1111
3/1/2025 12:30,17.68994539,22.31809645,20.84312513,R1111
3/1/2025 13:00,17.23801751,21.11171296,19.80816371,R1111
3/1/2025 13:30,17.094337,21.07536879,19.43965943,R1111
3/1/2025 14:00,17.14566481,21.13583929,19.58142998,R1111
3/1/2025 14:30,15.68933425,24.15256474,20.3794871,R1111
3/1/2025 15:00,17.08240393,20.14689612,19.27616039,R1111
3/1/2025 15:30,15.93136713,19.04354364,18.17670948,R1111
3/1/2025 16:00,14.43289468,17.10161638,16.3994622,R1111
3/1/2025 16:30,12.5206981,13.69114958,12.35147611,R1111
3/1/2025 17:00,8.935638865,9.291048089,8.081999889,R1111
3/1/2025 17:30,7.915398102,7.957116205,6.596018404,R1111
3/1/2025 18:00,6.694002607,6.19645138,4.889154369,R1111
3/1/2025 18:30,6.313312403,5.641932374,4.710769753,R1111
3/1/2025 19:00,5.98644656,5.493830179,4.527858779,R1111
3/1/2025 19:30,5.650005588,5.072006942,4.220851719,R1111
3/1/2025 20:00,5.694219507,4.85430771,4.169261774,R1111
3/1/2025 20:30,5.882593953,5.090555819,4.440936753,R1111
3/1/2025 21:00,5.759586569,4.900876328,4.135463856,R1111
3/1/2025 21:30,5.957192986,4.88312767,4.14434542,R1111
3/1/2025 22:00,5.811024293,4.740819494,4.209438422,R1111
3/1/2025 22:30,5.745979167,4.523348121,3.996827947,R1111
3/1/2025 23:00,5.868449884,4.72408929,4.015326692,R1111
3/1/2025 23:30,5.939918057,4.769255612,4.426733712,R1111
3/2/2025 0:00,5.986114623,4.720019805,4.130929489,R1111
3/2/2025 0:30,2.803476481,1.997620496,1.881624108,R1111
3/2/2025 1:00,4.098636438,1.507871298,1.331228303,R1111
3/2/2025 1:30,3.815804245,1.089335286,1.064463057,R1111
3/2/2025 2:00,3.662321567,0.81061907,0.581900945,R1111
3/2/2025 2:30,3.87684514,0.492402311,0.176639949,R1111
3/2/2025 3:00,3.83205294,0.759281474,0.607720249,R1111
3/2/2025 3:30,3.959123018,1.141974437,0.955656201,R1111
3/2/2025 4:00,4.263298533,1.508284955,1.142809551,R1111
3/2/2025 4:30,4.478258925,2.195517618,1.692302237,R1111
3/2/2025 5:00,4.21892003,2.403114155,2.071021288,R1111
3/2/2025 5:30,4.48938398,2.95594595,2.687777105,R1111
3/2/2025 6:00,4.384649635,3.083663139,2.605358127,R1111
3/2/2025 6:30,4.541936253,3.074963214,2.671451102,R1111
3/2/2025 7:00,4.525924708,3.380517881,3.158169733,R1111
3/2/2025 7:30,8.404265589,10.01115866,9.213025163,R1111
3/2/2025 8:00,13.43087759,16.64247314,15.92632723,R1111
3/2/2025 8:30,14.12613005,17.12011233,16.43433755,R1111
3/2/2025 9:00,13.68086879,16.90453368,16.26812804,R1111
3/2/2025 9:30,14.05772298,17.60396512,16.69854076,R1111
3/2/2025 10:00,14.92403796,19.04618727,18.41460905,R1111
3/2/2025 10:30,15.27905792,19.96514624,18.92775693,R1111
3/2/2025 11:00,13.9348645,18.58746388,17.23337351,R1111
3/2/2025 11:30,17.25278319,21.57674498,21.30403911,R1111
3/2/2025 12:00,14.41671123,18.73152844,17.62248731,R1111
3/2/2025 12:30,16.28799458,20.90006453,20.01158201,R1111
3/2/2025 13:00,16.41978587,20.22481402,19.01374069,R1111
3/2/2025 13:30,15.46719938,19.97887005,18.98370138,R1111
3/2/2025 14:00,15.65770276,20.36542809,19.2777411,R1111
3/2/2025 14:30,14.54026903,22.51499964,19.15409195,R1111
3/2/2025 15:00,15.74828035,19.68253621,19.84353758,R1111
3/2/2025 15:30,14.64628685,17.72219339,17.07812087,R1111
3/2/2025 16:00,12.27726054,15.26922113,14.14727234,R1111
3/2/2025 16:30,10.46028698,12.38847275,10.98774253,R1111
3/2/2025 17:00,9.370001129,11.49080489,10.48548348,R1111
3/2/2025 17:30,7.613241986,8.112523435,6.97137284,R1111
3/2/2025 18:00,6.306868177,6.260683525,4.936484014,R1111
3/2/2025 18:30,6.074900415,6.189080961,5.220141742,R1111
3/2/2025 19:00,5.653658249,6.02400714,4.981817263,R1111
3/2/2025 19:30,5.613348438,5.738116,5.067309269,R1111
3/2/2025 20:00,5.703718974,5.897509067,5.018544242,R1111
3/2/2025 20:30,5.500087093,5.733302228,4.842396648,R1111
3/2/2025 21:00,5.635084498,5.711347838,4.830103194,R1111
3/2/2025 21:30,5.34351121,5.303043015,4.426035607,R1111
3/2/2025 22:00,5.330944879,5.263565109,4.641149047,R1111
3/2/2025 22:30,5.478200971,5.301731325,4.500726302,R1111
3/2/2025 23:00,5.45077236,5.397441742,4.614725933,R1111
3/2/2025 23:30,5.567572989,5.406770509,4.346918942,R1111
3/3/2025 0:00,5.544076404,5.44723607,4.588661917,R1111
3/3/2025 0:30,5.620912049,5.18459057,4.603827924,R1111
3/3/2025 1:00,5.538913531,5.167208145,4.577937251,R1111
3/3/2025 1:30,5.560202024,5.494684202,4.443528163,R1111
3/3/2025 2:00,5.685401241,5.614844654,4.850054385,R1111
3/3/2025 2:30,5.829399729,5.63096113,4.606866992,R1111
3/3/2025 3:00,5.853122231,5.480533944,4.61412836,R1111
3/3/2025 3:30,5.743464344,5.22500768,4.524375442,R1111
3/3/2025 4:00,5.824799548,5.33045311,4.588109905,R1111
3/3/2025 4:30,5.911733568,5.209883249,4.353222561,R1111
3/3/2025 5:00,6.045826256,5.266847268,4.60161139,R1111
3/3/2025 5:30,5.866856806,5.00988616,4.559382224,R1111
3/3/2025 6:00,5.819379697,4.860240536,4.299546486,R1111
3/3/2025 6:30,5.927189837,4.861171765,4.285304696,R1111
3/3/2025 7:00,5.787206659,4.806264461,4.137563297,R1111
3/3/2025 7:30,13.75398192,16.00049104,15.07647955,R1111
3/3/2025 8:00,9.624739254,10.46389792,9.531330394,R1111
3/3/2025 8:30,15.13477472,16.97189771,16.24549521,R1111
3/3/2025 9:00,15.41767983,17.86340393,17.52929594,R1111
3/3/2025 9:30,13.72690457,16.24475689,15.43960418,R1111
3/3/2025 10:00,13.75278871,16.29383687,15.43352581,R1111
3/3/2025 10:30,15.33308021,17.95522434,17.40598807,R1111
3/3/2025 11:00,16.58037097,19.41197778,19.26379172,R1111
3/3/2025 11:30,16.75443992,19.71163598,19.49709002,R1111
3/3/2025 12:00,17.12976871,19.96031684,19.49411718,R1111
3/3/2025 12:30,17.14294988,20.63200686,20.46176195,R1111
3/3/2025 13:00,18.10586896,21.13559985,21.14960148,R1111
3/3/2025 13:30,18.05953649,21.24017707,21.18744171,R1111
3/3/2025 14:00,17.1458109,19.98270527,18.85404939,R1111
3/3/2025 14:30,17.49854496,20.48473149,20.20332325,R1111
3/3/2025 15:00,18.0618356,21.03691671,20.49382154,R1111
3/3/2025 15:30,17.4648747,20.41249635,19.6595821,R1111
3/3/2025 16:00,16.20161497,18.97286289,17.73064425,R1111
3/3/2025 16:30,13.77539197,15.78324561,14.24392298,R1111
3/3/2025 17:00,10.07927653,11.24245392,9.609960308,R1111
3/3/2025 17:30,8.740115019,9.412703541,7.643396446,R1111
3/3/2025 18:00,7.470956177,7.208793882,5.802818766,R1111
3/3/2025 18:30,6.739875563,6.665060033,5.165566396,R1111
3/3/2025 19:00,6.232564742,5.904657348,4.851890881,R1111
3/3/2025 19:30,5.919463618,5.511192657,4.465948114,R1111
3/3/2025 20:00,6.088438903,5.589548847,4.420026813,R1111
3/3/2025 20:30,5.351553895,5.142667139,4.058991256,R1111
3/3/2025 21:00,4.805463799,5.088960983,4.0049716,R1111
3/3/2025 21:30,5.989369714,4.931614123,3.895412262,R1111
3/3/2025 22:00,5.335840173,5.002976764,4.178767023,R1111
3/3/2025 22:30,5.705010026,5.261587866,4.29742688,R1111
3/3/2025 23:00,6.075149177,5.269474533,4.373215384,R1111
3/3/2025 23:30,5.981399583,5.241437164,4.448589484,R1111
3/4/2025 0:00,6.055117145,5.327847107,4.31129676,R1111
3/4/2025 0:30,4.457681846,2.504266577,1.740444792,R1111
3/4/2025 1:00,3.987487162,2.099351667,1.525462853,R1111
3/4/2025 1:30,3.064983597,1.219389518,0.803649499,R1111
3/4/2025 2:00,2.958426482,1.556595804,1.08071382,R1111
3/4/2025 2:30,2.368276269,1.246338396,0.713474772,R1111
3/4/2025 3:00,2.379008843,0.999897822,0.63433876,R1111
3/4/2025 3:30,2.462443098,1.662027979,1.129698335,R1111
3/4/2025 4:00,2.314700089,2.146344726,1.538038583,R1111
3/4/2025 4:30,2.786673271,2.747617793,2.157436189,R1111
3/4/2025 5:00,2.898519195,3.110488814,2.535571708,R1111
3/4/2025 5:30,3.032386884,3.129825713,2.522839289,R1111
3/4/2025 6:00,3.184740054,3.195641305,2.676752425,R1111
3/4/2025 6:30,3.190961061,3.614627691,2.842208001,R1111
3/4/2025 7:00,3.302056333,3.732028407,2.865769448,R1111
3/4/2025 7:30,7.393150917,10.90981686,9.790385708,R1111
3/4/2025 8:00,10.56966868,15.4996481,14.66759397,R1111
3/4/2025 8:30,11.29338372,16.04272028,14.71649454,R1111
3/4/2025 9:00,11.1956902,16.08535425,14.96570129,R1111
3/4/2025 9:30,12.04236628,17.25794715,16.33185921,R1111
3/4/2025 10:00,13.39790673,18.84929103,17.83609148,R1111
3/4/2025 10:30,14.38994064,20.26689332,19.50610815,R1111
3/4/2025 11:00,14.92463243,20.88013023,19.89409679,R1111
3/4/2025 11:30,15.53387758,20.682976,19.80682606,R1111
3/4/2025 12:00,14.79184881,20.99391101,19.93272781,R1111
3/4/2025 12:30,15.1303947,20.98955658,20.01763543,R1111
3/4/2025 13:00,15.19643355,21.10262176,19.81416508,R1111
3/4/2025 13:30,14.98110376,21.02781125,19.52472006,R1111
3/4/2025 14:00,14.96526076,21.04595521,19.93675718,R1111
3/4/2025 14:30,15.39923329,21.52796783,20.45036655,R1111
3/4/2025 15:00,14.63336933,20.56534892,18.94858436,R1111
3/4/2025 15:30,13.20503336,18.72231101,17.2268438,R1111
3/4/2025 16:00,10.65575908,16.28376616,14.20902807,R1111
3/4/2025 16:30,9.239259471,12.8797807,10.97320584,R1111
3/4/2025 17:00,6.736087211,9.45317186,8.007995608,R1111
3/4/2025 17:30,6.276405068,8.399990537,6.701751478,R1111
3/4/2025 18:00,5.30086679,6.928087024,5.561494932,R1111
3/4/2025 18:30,4.987174198,6.651501972,5.401449835,R1111
3/4/2025 19:00,4.410806159,6.191140899,5.01391072,R1111
3/4/2025 19:30,4.737445888,5.964813182,4.68511841,R1111
3/4/2025 20:00,4.500221089,5.898765532,4.678658844,R1111
3/4/2025 20:30,4.296144472,5.448283888,4.370069348,R1111
3/4/2025 21:00,4.399130421,5.585835837,4.493379069,R1111
3/4/2025 21:30,4.349157541,5.487164547,4.528722619,R1111
3/4/2025 22:00,4.4463275,5.192006658,4.128408286,R1111
3/4/2025 22:30,4.39461,5.204566601,4.284569349,R1111
3/4/2025 23:00,4.346387771,4.980568868,4.435439923,R1111
3/4/2025 23:30,4.58754404,5.022463081,4.074205811,R1111
3/5/2025 0:00,4.402935467,5.118405948,4.136536616,R1111
3/5/2025 0:30,4.516079533,4.977560674,3.784916399,R1111
3/5/2025 1:00,4.608367292,4.943569875,3.941930414,R1111
3/5/2025 1:30,4.450031965,4.951226724,4.038461682,R1111
3/5/2025 2:00,4.593149489,4.87523966,3.879692503,R1111
3/5/2025 2:30,4.699987783,5.026438015,4.197559527,R1111
3/5/2025 3:00,4.658879165,4.906048679,4.076946262,R1111
3/5/2025 3:30,4.404336691,4.860563171,3.94339869,R1111
3/5/2025 4:00,4.670108881,4.920773317,4.228239082,R1111
3/5/2025 4:30,4.64309078,4.853235409,3.969714617,R1111
3/5/2025 5:00,4.802996091,5.055907409,4.14982838,R1111
3/5/2025 5:30,4.743134557,5.037930342,4.064006747,R1111
3/5/2025 6:00,4.774004427,4.980644579,3.937349996,R1111
3/5/2025 6:30,4.755079399,5.063059185,4.231243654,R1111
3/5/2025 7:00,4.721894607,4.911572826,3.912354139,R1111
3/5/2025 7:30,12.0946142,16.11803468,15.69662932,R1111
3/5/2025 8:00,14.33444108,18.2470215,17.98867741,R1111
3/5/2025 8:30,14.15657676,17.4139098,16.73823422,R1111
3/5/2025 9:00,14.07027259,18.00091706,17.42061896,R1111
3/5/2025 9:30,14.34773402,18.52288985,17.40210256,R1111
3/5/2025 10:00,16.17816949,20.56047168,20.1799474,R1111
3/5/2025 10:30,16.59080091,21.2034152,20.88638212,R1111
3/5/2025 11:00,16.92580708,21.39261211,20.73476377,R1111
3/5/2025 11:30,17.16181013,21.31618112,20.35282375,R1111
3/5/2025 12:00,17.31490458,21.64059189,20.79208932,R1111
3/5/2025 12:30,17.19243183,21.25035873,20.52982134,R1111
3/5/2025 13:00,17.40236883,21.85879073,20.49203652,R1111
3/5/2025 13:30,17.0673981,21.98106764,20.63722737,R1111
3/5/2025 14:00,15.89238528,21.88292777,20.42235095,R1111
3/5/2025 14:30,18.31337275,20.9448959,21.09631045,R1111
3/5/2025 15:00,16.10564503,21.58805297,19.7087629,R1111
3/5/2025 15:30,15.52194298,20.32613351,18.54292454,R1111
3/5/2025 16:00,12.59577419,21.62424722,16.44277973,R1111
3/5/2025 16:30,11.8160591,15.14745471,13.30309261,R1111
3/5/2025 17:00,8.622824838,10.17895377,8.47640225,R1111
3/5/2025 17:30,7.55990676,8.465603139,6.720303445,R1111
3/5/2025 18:00,5.895525202,6.591940394,4.923227781,R1111
3/5/2025 18:30,5.9007289,6.679854581,5.111647176,R1111
3/5/2025 19:00,5.979152972,6.616537981,4.819805871,R1111
3/5/2025 19:30,5.948799463,6.598425265,4.80795708,R1111
3/5/2025 20:00,5.873699225,6.637113016,4.990507832,R1111
3/5/2025 20:30,5.746126853,6.243520595,4.949835626,R1111
3/5/2025 21:00,5.867197381,6.595356288,5.342447184,R1111
3/5/2025 21:30,5.760273489,6.353859033,5.005724555,R1111
3/5/2025 22:00,5.985258473,6.382841419,5.186090787,R1111
3/5/2025 22:30,5.93957375,6.528255266,5.194361895,R1111
3/5/2025 23:00,6.119116176,6.627865824,5.263803941,R1111
3/5/2025 23:30,5.828454294,6.56782261,5.186166394,R1111
3/6/2025 0:00,5.905091963,6.656140733,5.3700086,R1111
3/6/2025 0:30,3.406672524,3.413633478,2.052443933,R1111
3/6/2025 1:00,2.436405775,2.753477373,1.456292308,R1111
3/6/2025 1:30,2.845148615,1.947314598,0.950753031,R1111
3/6/2025 2:00,2.771419393,1.616670893,0.813383927,R1111
3/6/2025 2:30,2.502765386,1.306064364,0.264731569,R1111
3/6/2025 3:00,2.959921368,1.66683814,0.580513594,R1111
3/6/2025 3:30,3.637322384,2.917592365,1.871317718,R1111
3/6/2025 4:00,4.432615748,3.989357757,2.774120203,R1111
3/6/2025 4:30,4.632831294,4.355634557,3.2747046,R1111
3/6/2025 5:00,5.069601776,4.790416465,3.34461709,R1111
3/6/2025 5:30,5.052042494,4.673521273,3.537271222,R1111
3/6/2025 6:00,5.120910748,5.166574087,3.645943773,R1111
3/6/2025 6:30,5.340042002,5.38173608,3.920895932,R1111
3/6/2025 7:00,5.300776932,5.511193007,3.92168506,R1111
3/6/2025 7:30,5.579731489,6.088367019,4.414829983,R1111
3/6/2025 8:00,5.980190539,6.639271168,4.928426196,R1111
3/6/2025 8:30,7.287047387,8.359114195,6.550292253,R1111
3/6/2025 9:00,6.644401361,7.325015102,5.621756685,R1111
3/6/2025 9:30,6.110608639,6.782618038,5.371276969,R1111
3/6/2025 10:00,6.712560646,7.54850967,5.90134173,R1111
3/6/2025 10:30,9.457064514,11.88622073,10.37481309,R1111
3/6/2025 11:00,8.890657235,11.04462667,9.385784135,R1111
3/6/2025 11:30,9.351952285,11.72353017,10.16463507,R1111
3/6/2025 12:00,13.01041455,16.45735595,15.5449534,R1111
3/6/2025 12:30,13.76913371,17.42466275,16.825853,R1111
3/6/2025 13:00,15.19025566,19.10179489,18.31050367,R1111
3/6/2025 13:30,15.91400762,19.77232689,19.27340657,R1111
3/6/2025 14:00,16.25345843,19.9055598,19.6398541,R1111
3/6/2025 14:30,17.05597261,21.19207963,20.69659973,R1111
3/6/2025 15:00,17.30482936,20.85001665,20.58874886,R1111
3/6/2025 15:30,16.45836474,20.21258075,19.11424855,R1111
3/6/2025 16:00,15.15453491,18.98432027,17.76875829,R1111
3/6/2025 16:30,12.88228208,16.1729284,14.38909453,R1111
3/6/2025 17:00,9.133738858,11.31023941,9.92443903,R1111
3/6/2025 17:30,8.397607221,9.849413775,7.991881629,R1111
3/6/2025 18:00,6.636317563,7.262460377,5.572743306,R1111
3/6/2025 18:30,6.092187522,6.852317569,5.098365676,R1111
3/6/2025 19:00,5.760423709,6.365903951,4.681266536,R1111
3/6/2025 19:30,5.501908383,5.967094949,4.468789438,R1111
3/6/2025 20:00,5.500741678,5.982979344,4.323981956,R1111
3/6/2025 20:30,5.354855828,5.849751072,4.349673364,R1111
3/6/2025 21:00,5.366044213,5.863104855,4.377994717,R1111
3/6/2025 21:30,5.382156225,5.789296,4.274129744,R1111
3/6/2025 22:00,5.505384352,5.817764204,4.033112538,R1111
3/6/2025 22:30,5.457848453,5.763845835,4.080398272,R1111
3/6/2025 23:00,5.345138293,5.845899174,4.072983233,R1111
3/6/2025 23:30,5.145694729,5.779961397,4.027654474,R1111
3/7/2025 0:00,5.300935568,5.669920659,4.029011127,R1111
3/7/2025 0:30,5.037658531,5.412830015,3.753883623,R1111
3/7/2025 1:00,5.060103553,5.314513038,3.826147055,R1111
3/7/2025 1:30,5.05715652,5.180863661,3.852128579,R1111
3/7/2025 2:00,5.011334408,5.217500904,4.106393791,R1111
3/7/2025 2:30,4.639099626,5.537048948,4.141763092,R1111
3/7/2025 3:00,5.5097066,5.277222043,4.043607051,R1111
3/7/2025 3:30,5.451298869,5.426042937,4.140066574,R1111
3/7/2025 4:00,5.438145618,5.397573162,4.137056904,R1111
3/7/2025 4:30,5.470116023,5.207788033,3.671601773,R1111
3/7/2025 5:00,5.532066819,5.370649061,3.92270512,R1111
3/7/2025 5:30,5.364119242,5.546004401,4.378999184,R1111
3/7/2025 6:00,5.684996773,5.736758863,4.47192947,R1111
3/7/2025 6:30,5.709022647,5.91693203,4.821189454,R1111
3/7/2025 7:00,5.463948013,5.233781421,4.273626871,R1111
3/7/2025 7:30,7.698601939,7.767740883,6.344238003,R1111
3/7/2025 8:00,6.055762904,5.881975504,4.521680478,R1111
3/7/2025 8:30,7.195300209,7.260688804,5.791821325,R1111
3/7/2025 9:00,7.468698893,7.875572685,6.100167708,R1111
3/7/2025 9:30,6.726279271,6.504897349,4.728192314,R1111
3/7/2025 10:00,6.916081552,6.63048476,5.003345708,R1111
3/7/2025 10:30,7.888539917,7.640083351,5.406257718,R1111
3/7/2025 11:00,10.81227266,10.77145237,8.452570451,R1111
3/7/2025 11:30,12.92748085,14.52548029,12.33926949,R1111
3/7/2025 12:00,14.65091005,15.57644297,13.96771691,R1111
3/7/2025 12:30,15.89564786,16.88119197,14.52001845,R1111
3/7/2025 13:00,14.3913185,17.68530829,16.39141084,R1111
3/7/2025 13:30,14.43171611,17.89882507,16.34369272,R1111
3/7/2025 14:00,15.37667959,19.16495335,17.89758394,R1111
3/7/2025 14:30,15.84010568,19.6005895,17.70396853,R1111
3/7/2025 15:00,13.98781636,17.69700729,15.97514724,R1111
3/7/2025 15:30,11.1902421,13.34953836,11.50064706,R1111
3/7/2025 16:00,9.507530601,10.77891249,8.886289558,R1111
3/7/2025 16:30,8.203892616,9.731222033,8.024821814,R1111
3/7/2025 17:00,6.163083175,6.360007367,4.65555627,R1111
3/7/2025 17:30,5.954957469,5.932097556,4.182500909,R1111
3/7/2025 18:00,5.299621123,4.859029765,2.921834052,R1111
3/7/2025 18:30,5.532136215,5.350728446,3.383685164,R1111
3/7/2025 19:00,5.446059504,5.045258983,3.224417843,R1111
3/7/2025 19:30,5.536655739,5.266545174,3.339174638,R1111
3/7/2025 20:00,5.159267971,4.878870546,3.0668176,R1111
3/7/2025 20:30,5.052258661,4.523579222,2.876558003,R1111
3/7/2025 21:00,5.242197861,4.579418672,2.984253239,R1111
3/7/2025 21:30,5.121560125,4.479176952,2.982809565,R1111
3/7/2025 22:00,5.324300305,4.624622917,2.965852089,R1111
3/7/2025 22:30,5.265173048,4.703127261,3.034658831,R1111
3/7/2025 23:00,5.533500526,4.860102918,3.288130348,R1111
3/7/2025 23:30,5.434872673,4.664629708,2.986952108,R1111
3/8/2025 0:00,5.564068398,4.800443734,2.854050733,R1111
3/8/2025 0:30,5.582184023,4.832352545,3.169651947,R1111
3/8/2025 1:00,5.519189567,4.979209716,3.041667852,R1111
3/8/2025 1:30,5.615643527,5.597844502,3.558598547,R1111
3/8/2025 2:00,5.976335653,6.077016185,4.245888553,R1111
3/8/2025 2:30,5.942558215,6.178963525,4.072100767,R1111
3/8/2025 3:00,5.991265591,6.228656129,4.267034808,R1111
3/8/2025 3:30,6.120585987,6.535415378,4.155354795,R1111
3/8/2025 4:00,5.997264983,6.295431658,4.045225007,R1111
3/8/2025 4:30,6.18680617,6.638203434,4.411984271,R1111
3/8/2025 5:00,5.891404133,6.593262927,4.208558378,R1111
3/8/2025 5:30,6.229802388,6.880885505,4.45804117,R1111
3/8/2025 6:00,6.168513654,7.061146319,5.142473435,R1111
3/8/2025 6:30,6.484944742,7.512784254,5.388192966,R1111
3/8/2025 7:00,6.367151269,7.297121282,4.983256394,R1111
3/8/2025 7:30,7.128321869,8.639367263,6.256768903,R1111
3/8/2025 8:00,14.60018708,18.79110373,17.16967965,R1111
3/8/2025 8:30,13.1132166,16.2953531,14.10208963,R1111
3/8/2025 9:00,13.45143217,16.64221982,14.50183169,R1111
3/8/2025 9:30,14.4877927,17.17327446,15.33770279,R1111
3/8/2025 10:00,16.14090146,18.45676144,16.40023136,R1111
3/8/2025 10:30,17.22155342,19.43496739,17.48988256,R1111
3/8/2025 11:00,17.9151107,20.1633635,18.36597044,R1111
3/8/2025 11:30,18.07642202,20.5575083,18.83396895,R1111
3/8/2025 12:00,18.34749358,21.92186357,20.07827988,R1111
3/8/2025 12:30,18.57749689,22.23531124,20.85056886,R1111
3/8/2025 13:00,19.02236838,21.64550209,19.17907021,R1111
3/8/2025 13:30,18.19500459,21.57636968,19.27970562,R1111
3/8/2025 14:00,18.88637404,21.48956753,19.85975963,R1111
3/8/2025 14:30,18.56178614,22.06978095,20.68861,R1111
3/8/2025 15:00,17.06351615,19.67613443,17.46756065,R1111
3/8/2025 15:30,14.43469952,17.93324125,15.61400363,R1111
3/8/2025 16:00,14.22550165,17.28705549,15.13570688,R1111
3/8/2025 16:30,12.35987252,14.25508332,12.07279409,R1111
3/8/2025 17:00,7.985085356,9.596726502,7.289086177,R1111
3/8/2025 17:30,6.674622143,8.428944917,5.875297475,R1111
3/8/2025 18:00,7.215069599,7.372510937,5.013009989,R1111
3/8/2025 18:30,5.721575987,7.36282684,4.652653609,R1111
3/8/2025 19:00,6.497383735,6.7411485,4.628044127,R1111
3/8/2025 19:30,6.484824699,6.721061299,4.387345498,R1111
3/8/2025 20:00,5.085887323,6.509221962,4.296699615,R1111
3/8/2025 20:30,5.63026703,6.459066265,3.907053919,R1111
3/8/2025 21:00,5.655044046,6.234116249,3.877590095,R1111
3/8/2025 21:30,5.67205254,6.140118364,3.771160111,R1111
3/8/2025 22:00,6.038614566,6.227969168,3.763733,R1111
3/8/2025 22:30,5.617612436,5.978111929,3.419876042,R1111
3/8/2025 23:00,5.778834,5.967139137,3.462408072,R1111
3/8/2025 23:30,5.878442085,5.746833384,3.474155291,R1111
3/9/2025 0:00,5.660106207,5.56611193,3.496906859,R1111
3/9/2025 0:30,4.18801006,2.864663243,0.337788106,R1111
3/9/2025 1:00,4.281816103,2.606399884,0.139116884,R1111
3/9/2025 1:30,3.59435466,1.835353212,-0.49746403,R1111
3/9/2025 2:00,4.10192493,1.818424087,-0.146358561,R1111
3/9/2025 2:30,3.683549004,1.266473074,-1.23327609,R1111
3/9/2025 3:00,3.736295633,1.693585922,-0.544166146,R1111
3/9/2025 3:30,4.872541312,3.174340721,0.958546718,R1111
3/9/2025 4:00,5.502784596,4.401795994,1.741239097,R1111
3/9/2025 4:30,5.782480427,4.847934325,2.37775492,R1111
3/9/2025 5:00,6.223219162,5.553489976,3.192892883,R1111
3/9/2025 5:30,6.430593055,5.821857235,3.573703048,R1111
3/9/2025 6:00,6.375861816,5.827716651,3.613691216,R1111
3/9/2025 6:30,6.605176039,6.194499517,4.18287697,R1111
3/9/2025 7:00,6.682414587,6.315918275,4.022741858,R1111
3/9/2025 7:30,14.8641455,17.61424964,15.58463227,R1111
3/9/2025 8:00,14.39196669,16.97981875,15.01237128,R1111
3/9/2025 8:30,15.2449613,17.28035559,15.01987145,R1111
3/9/2025 9:00,15.39787166,18.06178144,16.00551152,R1111
3/9/2025 9:30,16.78177439,19.18980401,17.21720003,R1111
3/9/2025 10:00,17.5671797,20.24610991,18.3134339,R1111
3/9/2025 10:30,18.21102656,20.67527442,18.53786263,R1111
3/9/2025 11:00,18.47272627,20.99119988,18.66874339,R1111
3/9/2025 11:30,18.83238358,21.28664284,18.85188013,R1111
3/9/2025 12:00,18.86647692,21.26839276,19.15540522,R1111
3/9/2025 12:30,18.90265566,21.24938699,19.27511962,R1111
3/9/2025 13:00,18.52832588,21.26301696,19.37766714,R1111
3/9/2025 13:30,18.66894509,21.0179296,19.2312056,R1111
3/9/2025 14:00,18.6573838,20.98396526,18.81104266,R1111
3/9/2025 14:30,18.78666343,21.66603625,19.88714183,R1111
3/9/2025 15:00,18.07471297,20.67202047,18.54592585,R1111
3/9/2025 15:30,16.42210032,18.94019418,16.79971669,R1111
3/9/2025 16:00,14.39375763,16.49193511,13.885202,R1111
3/9/2025 16:30,11.85155697,13.66371901,10.94711819,R1111
3/9/2025 17:00,8.631270853,9.454697372,6.659751867,R1111
3/9/2025 17:30,8.008513102,8.293635433,5.372047698,R1111
3/9/2025 18:00,7.079951789,7.17604349,4.208818384,R1111
3/9/2025 18:30,6.842355909,6.894908113,4.080415469,R1111
3/9/2025 19:00,6.351387606,6.552786453,3.818411032,R1111
3/9/2025 19:30,6.455306012,6.4816129,3.704668191,R1111
3/9/2025 20:00,6.546846854,6.341544568,3.613688543,R1111
3/9/2025 20:30,6.262663483,6.236995763,3.489777274,R1111
3/9/2025 21:00,6.535048558,6.261576535,3.417780371,R1111
3/9/2025 21:30,6.349996677,6.10049143,3.380634767,R1111
3/9/2025 22:00,6.497370033,6.113489368,3.091306258,R1111
3/9/2025 22:30,6.689915155,6.005450612,2.815596111,R1111
3/9/2025 23:00,6.583648863,5.917486016,3.178116732,R1111
3/9/2025 23:30,6.526754273,5.911082561,3.011679124,R1111
3/10/2025 0:00,6.397258806,5.909999283,2.944931456,R1111
3/10/2025 0:30,6.574955708,6.100862994,3.311139905,R1111
3/10/2025 1:00,6.725015458,5.796555033,3.200600404,R1111
3/10/2025 1:30,6.697575869,5.98937953,2.960310521,R1111
3/10/2025 2:00,6.790429983,5.768950421,2.908115831,R1111
3/10/2025 2:30,6.940226275,6.188006553,3.112499205,R1111
3/10/2025 3:00,6.763789691,6.010624542,3.376671212,R1111
3/10/2025 3:30,7.021470794,6.159442055,3.608374629,R1111
3/10/2025 4:00,6.984750087,6.054260143,3.100781115,R1111
3/10/2025 4:30,6.970725271,5.909931569,3.268649127,R1111
3/10/2025 5:00,7.089941959,6.114019281,3.285167072,R1111
3/10/2025 5:30,6.885230505,6.020017731,3.188932203,R1111
3/10/2025 6:00,7.174309534,6.286177348,3.549271149,R1111
3/10/2025 6:30,7.344990637,6.225049101,3.570845758,R1111
3/10/2025 7:00,7.334135645,6.288095432,3.486599493,R1111
3/10/2025 7:30,15.89495421,16.97900946,15.12974017,R1111
3/10/2025 8:00,15.9571156,16.35294925,14.34879196,R1111
3/10/2025 8:30,17.11543631,17.43412633,15.38667687,R1111
3/10/2025 9:00,17.2166036,18.36371274,16.57450635,R1111
3/10/2025 9:30,18.54624535,19.21758375,17.2769432,R1111
3/10/2025 10:00,19.64585858,19.96126414,18.04756463,R1111
3/10/2025 10:30,20.1846067,20.40643523,18.17082574,R1111
3/10/2025 11:00,20.51324644,20.69286315,18.25126336,R1111
3/10/2025 11:30,20.20430203,20.42972321,17.8986317,R1111
3/10/2025 12:00,19.60328348,20.12249669,17.58816733,R1111
3/10/2025 12:30,19.39433806,20.07011158,17.38474765,R1111
3/10/2025 13:00,19.29062,20.12476806,17.46255718,R1111
3/10/2025 13:30,18.7024098,19.95492095,17.58213228,R1111
3/10/2025 14:00,19.51936368,20.16237991,17.48183816,R1111
3/10/2025 14:30,19.85370316,20.65931942,17.92173071,R1111
3/10/2025 15:00,18.78141903,19.96747831,17.49239449,R1111
3/10/2025 15:30,17.84811868,18.62155194,15.99442286,R1111
3/10/2025 16:00,15.84650936,16.76714495,13.48664232,R1111
3/10/2025 16:30,13.67109373,14.17605706,10.72581881,R1111
3/10/2025 17:00,10.2138858,10.17118408,6.954901127,R1111
3/10/2025 17:30,8.978665086,8.716249124,4.963367148,R1111
3/10/2025 18:00,8.017770449,7.571052075,3.731154846,R1111
3/10/2025 18:30,7.527354384,7.046364761,3.16320635,R1111
3/10/2025 19:00,7.077807248,6.556377866,3.05415675,R1111
3/10/2025 19:30,7.078498431,6.640707574,3.393775261,R1111
3/10/2025 20:00,7.075006445,6.5087255,3.625195535,R1111
3/10/2025 20:30,6.843646293,6.737261333,3.387372532,R1111
3/10/2025 21:00,6.983362378,6.465598871,3.291407319,R1111
3/10/2025 21:30,7.126856941,6.457600319,3.06204971,R1111
3/10/2025 22:00,7.137258196,6.382695973,2.924396267,R1111
3/10/2025 22:30,6.997879834,6.218733968,2.905141239,R1111
3/10/2025 23:00,6.478608532,6.382880672,3.185072489,R1111
3/10/2025 23:30,6.817660704,6.196078727,2.842329722,R1111
3/11/2025 0:00,6.022986962,6.330032004,3.312248504,R1111
3/11/2025 0:30,4.457361955,3.229980624,-0.304634348,R1111
3/11/2025 1:00,4.158660872,2.521137715,-1.121682827,R1111
3/11/2025 1:30,3.577464655,1.726618353,-1.745110453,R1111
3/11/2025 2:00,4.106755423,1.934689139,-1.889744826,R1111
3/11/2025 2:30,3.712621988,1.47018614,-2.169267017,R1111
3/11/2025 3:00,4.325796495,1.671461521,-2.116218831,R1111
3/11/2025 3:30,4.624755801,2.241477624,-0.740861944,R1111
3/11/2025 4:00,5.105469473,3.113119632,-0.296229217,R1111
3/11/2025 4:30,5.562805225,4.056571659,0.997249152,R1111
3/11/2025 5:00,5.098335362,4.413025396,1.737315759,R1111
3/11/2025 5:30,4.747473258,4.532917129,1.703925964,R1111
3/11/2025 6:00,5.967684672,4.671662762,1.769420791,R1111
3/11/2025 6:30,6.278083187,4.7826875,1.923180209,R1111
3/11/2025 7:00,6.755255243,4.990250738,2.02083471,R1111
3/11/2025 7:30,14.27041055,15.0093032,12.39073107,R1111
3/11/2025 8:00,13.76976099,14.34587933,11.47534803,R1111
3/11/2025 8:30,16.98948085,16.76755991,14.33644155,R1111
3/11/2025 9:00,16.92423998,17.5261974,14.96354916,R1111
3/11/2025 9:30,17.29195851,18.30307753,15.61852735,R1111
3/11/2025 10:00,19.87106619,19.88263647,17.53722029,R1111
3/11/2025 10:30,20.09720593,20.33659852,18.03991562,R1111
3/11/2025 11:00,19.59446952,20.37086597,18.09040942,R1111
3/11/2025 11:30,18.6273636,20.22361454,17.47159171,R1111
3/11/2025 12:00,19.42362307,20.45661802,17.59652101,R1111
3/11/2025 12:30,19.92884133,20.55566164,18.28458358,R1111
3/11/2025 13:00,20.35958982,20.22601303,17.57134381,R1111
3/11/2025 13:30,20.87376469,20.4355854,17.74939558,R1111
3/11/2025 14:00,19.5384444,20.93929375,18.21858101,R1111
3/11/2025 14:30,18.86667608,21.62155988,19.07506544,R1111
3/11/2025 15:00,18.73038571,20.82987471,18.39416001,R1111
3/11/2025 15:30,17.6172645,19.23637216,16.46266818,R1111
3/11/2025 16:00,16.13749466,17.12248632,13.73943912,R1111
3/11/2025 16:30,12.88180269,14.33426583,10.77445545,R1111
3/11/2025 17:00,10.34651155,10.13165551,6.354986496,R1111
3/11/2025 17:30,9.156411865,8.524593952,4.689438416,R1111
3/11/2025 18:00,8.110826674,7.36254484,3.576114999,R1111
3/11/2025 18:30,7.668977989,6.583935646,2.965061156,R1111
3/11/2025 19:00,7.402569524,6.185632891,2.522226036,R1111
3/11/2025 19:30,7.422719733,6.098396201,2.254200051,R1111
3/11/2025 20:00,7.626170585,6.066944614,2.168992743,R1111
3/11/2025 20:30,7.398351911,5.932331124,2.186036606,R1111
3/11/2025 21:00,7.642361561,5.736289837,1.724296377,R1111
3/11/2025 21:30,7.243296409,5.642796636,1.865765285,R1111
3/11/2025 22:00,7.59085241,5.627087693,1.494458817,R1111
3/11/2025 22:30,7.103297206,5.57110567,1.716826793,R1111
3/11/2025 23:00,7.574257455,5.52055705,1.65461056,R1111
3/11/2025 23:30,7.848877138,5.663219404,1.893697263,R1111
3/12/2025 0:00,7.707132749,5.669431713,2.162653536,R1111
3/12/2025 0:30,7.373735436,5.439241886,1.796357631,R1111
3/12/2025 1:00,8.110201608,5.636152047,1.943597433,R1111
3/12/2025 1:30,6.789680167,5.499826723,1.613500977,R1111
3/12/2025 2:00,7.643604227,5.195986233,1.37728018,R1111
3/12/2025 2:30,7.619640497,5.233132014,1.16977339,R1111
3/12/2025 3:00,7.523179794,5.106040391,1.398156271,R1111
3/12/2025 3:30,7.445502187,5.16696331,1.135211699,R1111
3/12/2025 4:00,7.534540321,4.953142114,1.024602659,R1111
3/12/2025 4:30,6.961671332,4.820689311,0.785136697,R1111
3/12/2025 5:00,6.816583147,4.820874172,0.551755701,R1111
3/12/2025 5:30,8.035315077,4.873402231,0.968043728,R1111
3/12/2025 6:00,7.178429638,5.001950406,1.140723997,R1111
3/12/2025 6:30,7.826996531,4.86699984,1.211343958,R1111
3/12/2025 7:00,8.035628036,4.685547427,0.930106823,R1111
3/12/2025 7:30,10.10641783,7.532327954,3.711371345,R1111
3/12/2025 8:00,17.42684818,16.24631071,13.55027892,R1111
3/12/2025 8:30,14.6116204,12.56365729,8.906037689,R1111
3/12/2025 9:00,12.71128885,11.10758628,7.000091795,R1111
3/12/2025 9:30,16.30073232,14.62458274,10.913781,R1111
3/12/2025 10:00,21.58230451,19.24081462,16.38332039,R1111
3/12/2025 10:30,19.48377441,17.73731124,14.34263248,R1111
3/12/2025 11:00,21.7751002,19.73156436,16.77561608,R1111
3/12/2025 11:30,21.19583962,18.92481847,15.74266911,R1111
3/12/2025 12:00,22.61646606,19.69628265,16.57181677,R1111
3/12/2025 12:30,22.64937587,19.62655949,16.52787753,R1111
3/12/2025 13:00,22.25605161,19.39061869,16.11225984,R1111
3/12/2025 13:30,23.31555483,19.90093071,16.84226502,R1111
3/12/2025 14:00,22.57184437,19.50133505,16.42404542,R1111
3/12/2025 14:30,21.70919085,20.75901795,17.39916216,R1111
3/12/2025 15:00,23.07083468,19.71266587,16.76880588,R1111
3/12/2025 15:30,20.17092228,18.94942105,15.4173723,R1111
3/12/2025 16:00,18.80203914,16.76804804,12.99870579,R1111
3/12/2025 16:30,16.14286995,14.13763585,10.1519515,R1111
3/12/2025 17:00,10.1405639,10.05345812,5.927456866,R1111
3/12/2025 17:30,10.20495938,8.603552058,4.470403638,R1111
3/12/2025 18:00,8.67653116,7.287073293,2.729193806,R1111
3/12/2025 18:30,7.7316985,6.470458445,2.073210771,R1111
3/12/2025 19:00,7.818630919,6.091196445,2.153226281,R1111
3/12/2025 19:30,9.419195395,6.139865876,2.267285164,R1111
3/12/2025 20:00,8.690671991,5.954577845,1.901287037,R1111
3/12/2025 20:30,8.738541812,5.919995161,1.705907277,R1111
3/12/2025 21:00,8.492467027,6.022511314,2.020055056,R1111
3/12/2025 21:30,9.453656153,5.922717428,1.803550415,R1111
3/12/2025 22:00,9.690220794,5.768121719,1.616805024,R1111
3/12/2025 22:30,7.883527148,6.175302323,1.781266683,R1111
3/12/2025 23:00,7.758397502,6.283936265,1.863791372,R1111
3/12/2025 23:30,7.68323682,5.999201243,1.678405666,R1111
3/13/2025 0:00,8.167132513,5.908842571,1.502779877,R1111
3/13/2025 0:30,4.053922778,3.067400923,-2.083895607,R1111
3/13/2025 1:00,4.096650486,2.526751478,-2.202488473,R1111
3/13/2025 1:30,6.586592489,2.057088906,-1.764145486,R1111
3/13/2025 2:00,6.061275074,1.674136368,-2.541223344,R1111
3/13/2025 2:30,6.418846438,1.078571934,-2.361205221,R1111
3/13/2025 3:00,7.073210557,1.287037393,-2.421365023,R1111
3/13/2025 3:30,5.060002574,2.319460787,-1.768383301,R1111
3/13/2025 4:00,6.913824068,2.920106351,-1.405991008,R1111
3/13/2025 4:30,7.2469424,3.369492273,-1.080566852,R1111
3/13/2025 5:00,6.699360213,3.840638183,-0.253689949,R1111
3/13/2025 5:30,7.309675965,4.261760569,0.241636597,R1111
3/13/2025 6:00,8.332763888,4.297008466,0.091016889,R1111
3/13/2025 6:30,8.263435714,4.399292104,0.139764381,R1111
3/13/2025 7:00,8.935846664,4.317108889,0.001735221,R1111
3/13/2025 7:30,17.41617307,13.95086672,10.15758917,R1111
3/13/2025 8:00,20.30755902,15.23100505,11.21873475,R1111
3/13/2025 8:30,16.6714415,16.52482302,12.44849939,R1111
3/13/2025 9:00,17.5403134,16.96428158,13.13197703,R1111
3/13/2025 9:30,19.57805404,18.77089265,14.89077514,R1111
3/13/2025 10:00,21.77249597,20.58678737,16.62172365,R1111
3/13/2025 10:30,24.01084538,20.98246956,17.34975659,R1111
3/13/2025 11:00,24.26937293,21.20660907,16.95351447,R1111
3/13/2025 11:30,27.3631477,20.66224445,17.16335029,R1111
3/13/2025 12:00,30.13186678,20.23553404,17.2584278,R1111
3/13/2025 12:30,23.58051713,21.64223455,17.30619413,R1111
3/13/2025 13:00,23.85579125,24.27314627,17.08372231,R1111
3/13/2025 13:30,26.13509311,21.17960759,17.27335464,R1111
3/13/2025 14:00,28.06846025,21.41790797,17.64060632,R1111
3/13/2025 14:30,28.81912462,20.27259744,16.73187289,R1111
3/13/2025 15:00,27.69494605,21.19249244,17.95751589,R1111
3/13/2025 15:30,27.58839664,19.70422055,16.50653455,R1111
3/13/2025 16:00,21.88565174,15.56850772,11.61070649,R1111
3/13/2025 16:30,14.44326211,9.530087489,5.420815704,R1111
3/13/2025 17:00,13.44284167,7.782050531,3.594995792,R1111
3/13/2025 17:30,12.83018404,7.18936469,3.051388675,R1111
3/13/2025 18:00,11.3475044,5.600727972,1.368993631,R1111
3/13/2025 18:30,11.61684982,5.945339999,1.924536374,R1111
3/13/2025 19:00,10.88641263,5.022551768,0.565569543,R1111
3/13/2025 19:30,10.48350801,4.459802254,0.265737487,R1111
3/13/2025 20:00,10.6681441,3.889014131,-0.925311733,R1111
3/13/2025 20:30,11.06139391,3.959888647,-0.321089121,R1111
3/13/2025 21:00,9.290963694,3.62243632,-0.587956219,R1111
3/13/2025 21:30,11.30353089,3.838183633,-0.032380783,R1111
3/13/2025 22:00,10.28858529,3.991640354,0.041850134,R1111
3/13/2025 22:30,11.25018207,4.005787349,0.488400561,R1111
3/13/2025 23:00,11.12114861,4.106507521,0.218112299,R1111
3/13/2025 23:30,11.23794182,4.177619357,-0.094989616,R1111
3/14/2025 0:00,10.9596052,4.476966955,-0.178031686,R1111
3/14/2025 0:30,9.35827648,4.433436601,-0.298314362,R1111
3/14/2025 1:00,8.997731112,4.207512086,-0.27291004,R1111
3/14/2025 1:30,8.363786006,4.27812106,-0.096988559,R1111
3/14/2025 2:00,10.04484277,4.243008191,-0.506830463,R1111
3/14/2025 2:30,11.46185954,4.310298586,-0.143752214,R1111
3/14/2025 3:00,11.50188387,4.104071563,-0.152779597,R1111
3/14/2025 3:30,11.55853519,4.525783381,0.122405053,R1111
3/14/2025 4:00,11.88397573,4.603447385,-0.22332552,R1111
3/14/2025 4:30,11.44118677,4.635128428,-0.07253682,R1111
3/14/2025 5:00,12.25655171,4.551963791,0.109266359,R1111
3/14/2025 5:30,8.447057393,5.013558143,0.137445428,R1111
3/14/2025 6:00,7.445061865,5.069622857,0.404474376,R1111
3/14/2025 6:30,11.39450896,4.889775311,0.520773121,R1111
3/14/2025 7:00,10.3915253,5.04455357,0.707135908,R1111
3/14/2025 7:30,13.61464045,6.338973135,2.166255018,R1111
3/14/2025 8:00,13.38521157,5.823296045,2.015298959,R1111
3/14/2025 8:30,16.43327307,8.459082426,4.828553711,R1111
3/14/2025 9:00,18.35459852,8.634075587,4.282125305,R1111
3/14/2025 9:30,13.0385058,10.53572943,5.794548329,R1111
3/14/2025 10:00,22.84123744,13.97169881,10.02330806,R1111
3/14/2025 10:30,28.86801233,16.88598077,13.64052543,R1111
3/14/2025 11:00,31.1404564,18.74540233,15.92390061,R1111
3/14/2025 11:30,35.98204094,19.51726897,15.8345643,R1111
3/14/2025 12:00,38.23855295,20.70135515,17.30013152,R1111
3/14/2025 12:30,45.55170818,21.61507951,18.39306365,R1111
3/14/2025 13:00,49.95946484,22.90986967,18.90609132,R1111
3/14/2025 13:30,29.93756569,24.88236183,19.48737518,R1111
3/14/2025 14:00,50.71035651,24.08711887,20.21768928,R1111
3/14/2025 14:30,43.3960565,24.23997097,20.81639884,R1111
3/14/2025 15:00,NA,22.61002002,19.56875643,R1111
3/14/2025 15:30,31.97362365,25.11883621,19.5984617,R1111
3/14/2025 16:00,29.35907801,22.53793308,18.56754848,R1111
3/14/2025 16:30,24.64208669,20.28308798,16.28434216,R1111
3/14/2025 17:00,15.67698523,11.7291008,7.593172086,R1111
3/14/2025 17:30,14.03940211,8.307361755,3.783518119,R1111
3/14/2025 18:00,14.2831327,6.406711395,2.389924905,R1111
3/14/2025 18:30,10.78163855,5.765363709,1.572937334,R1111
3/14/2025 19:00,10.42785264,5.315364401,1.034459766,R1111
3/14/2025 19:30,13.56025575,4.749779847,0.092083087,R1111
3/14/2025 20:00,10.72431632,5.286973871,0.253323855,R1111
3/14/2025 20:30,13.0200646,5.173584999,0.593438055,R1111
3/14/2025 21:00,13.73800233,5.420459774,0.578999177,R1111
3/14/2025 21:30,10.12788518,5.376040407,0.190136639,R1111
3/14/2025 22:00,11.63702523,5.187988524,1.046390193,R1111
3/14/2025 22:30,11.78464643,5.142602147,0.484491313,R1111
3/14/2025 23:00,11.35215943,5.112810405,0.557565527,R1111
3/14/2025 23:30,12.42424831,4.637984662,-0.31114641,R1111
3/15/2025 0:00,12.37697367,4.745301383,0.122723916,R1111
3/15/2025 0:30,11.59540562,4.926955562,0.038862624,R1111
3/15/2025 1:00,12.54159833,4.730908142,0.181624669,R1111
3/15/2025 1:30,11.04186038,5.101715342,0.106601496,R1111
3/15/2025 2:00,11.88718474,5.047016773,0.648309247,R1111
3/15/2025 2:30,12.68940292,5.083752027,0.100860714,R1111
3/15/2025 3:00,12.83391992,5.260085475,0.621798866,R1111
3/15/2025 3:30,13.05789423,5.25460856,0.350258837,R1111
3/15/2025 4:00,12.88587731,5.03813889,0.083681254,R1111
3/15/2025 4:30,12.60242616,4.520344178,-0.222538529,R1111
3/15/2025 5:00,12.18111136,4.889842299,0.252334867,R1111
3/15/2025 5:30,12.52708099,4.75434687,-0.209478027,R1111
3/15/2025 6:00,12.78858283,4.716315654,-0.448891046,R1111
3/15/2025 6:30,12.87321528,5.17001376,0.055571734,R1111
3/15/2025 7:00,12.31653979,5.199333429,0.283061981,R1111
3/15/2025 7:30,12.44796935,5.373111867,0.246873877,R1111
3/15/2025 8:00,13.18795092,4.924326907,-0.025607157,R1111
3/15/2025 8:30,12.84805896,5.513003636,0.977884789,R1111
3/15/2025 9:00,14.4254827,7.4551658,2.558140153,R1111
3/15/2025 9:30,17.55081197,9.501060965,4.732393805,R1111
3/15/2025 10:00,22.15109541,15.57490188,11.00878716,R1111
3/15/2025 10:30,21.88818313,15.46986077,10.57403535,R1111
3/15/2025 11:00,25.66714731,17.90630766,13.09156849,R1111
3/15/2025 11:30,27.12787819,18.62583482,13.24732556,R1111
3/15/2025 12:00,25.56536551,17.40480203,12.88295861,R1111
3/15/2025 12:30,34.11278206,21.96292575,16.97165701,R1111
3/15/2025 13:00,35.306251,22.30326133,17.73976636,R1111
3/15/2025 13:30,32.6449276,22.41063808,17.91904272,R1111
3/15/2025 14:00,31.70840972,21.52706212,17.1381692,R1111
3/15/2025 14:30,29.82913424,27.8682376,19.55036967,R1111
3/15/2025 15:00,38.78796316,22.03986586,17.96148513,R1111
3/15/2025 15:30,37.94552426,20.62498602,17.19156324,R1111
3/15/2025 16:00,30.94103217,19.26616632,15.33116775,R1111
3/15/2025 16:30,27.1925107,16.27316381,12.45922739,R1111
3/15/2025 17:00,17.85528323,12.56820196,8.334969572,R1111
3/15/2025 17:30,16.35059075,9.560512742,4.797833936,R1111
3/15/2025 18:00,14.76332163,7.830510678,3.016711163,R1111
3/15/2025 18:30,14.69943788,7.143695409,2.177442246,R1111
3/15/2025 19:00,13.57298227,6.422862949,1.668776549,R1111
3/15/2025 19:30,12.54532095,6.396904421,2.037668379,R1111
3/15/2025 20:00,14.0082063,5.91255943,1.654925304,R1111
3/15/2025 20:30,13.91188717,5.927403546,1.92277631,R1111
3/15/2025 21:00,13.79639864,5.90225061,1.053093943,R1111
3/15/2025 21:30,14.04109205,5.727847152,0.88602131,R1111
3/15/2025 22:00,14.10238515,5.718893231,1.195407507,R1111
3/15/2025 22:30,13.61372741,5.494358258,0.97480556,R1111
3/15/2025 23:00,12.81433744,5.55032621,0.973969438,R1111
3/15/2025 23:30,13.55622034,5.572127289,0.829620379,R1111
3/16/2025 0:00,12.61585996,5.290636065,0.317952094,R1111
3/16/2025 0:30,11.3694326,2.681338265,-2.579128124,R1111
3/16/2025 1:00,10.61680097,2.049736637,-2.860278085,R1111
3/16/2025 1:30,11.1376273,1.398853174,-3.461480441,R1111
3/16/2025 2:00,11.2344318,1.322165375,-3.660089218,R1111
3/16/2025 2:30,10.37699568,0.800263192,-3.835823543,R1111
3/16/2025 3:00,10.67842802,1.021662482,-3.886190241,R1111
3/16/2025 3:30,10.95834462,1.849320654,-2.753569859,R1111
3/16/2025 4:00,12.42985906,2.630114049,-2.290247329,R1111
3/16/2025 4:30,12.88235872,2.738483763,-2.170039666,R1111
3/16/2025 5:00,11.66780527,3.286086163,-1.598369598,R1111
3/16/2025 5:30,12.09846781,3.436104233,-2.360717536,R1111
3/16/2025 6:00,13.4246563,3.81011927,-0.973861841,R1111
3/16/2025 6:30,13.63388504,3.771587781,-1.379866429,R1111
3/16/2025 7:00,14.54720336,4.821295043,0.705726334,R1111
3/16/2025 7:30,24.87249468,13.67709891,10.24669511,R1111
3/16/2025 8:00,26.42581626,14.5255633,10.97337726,R1111
3/16/2025 8:30,29.22432407,15.90267847,12.20985727,R1111
3/16/2025 9:00,26.78372809,16.18076288,12.91458865,R1111
3/16/2025 9:30,29.99275097,18.3339282,14.89760377,R1111
3/16/2025 10:00,34.21098659,20.14265527,16.78871217,R1111
3/16/2025 10:30,38.48399473,21.02995621,17.57727104,R1111
3/16/2025 11:00,37.55965756,20.83901279,16.86714239,R1111
3/16/2025 11:30,38.51034624,20.74998824,16.28416078,R1111
3/16/2025 12:00,42.15916069,21.02360781,16.65779151,R1111
3/16/2025 12:30,35.13793525,23.44374146,20.15672318,R1111
3/16/2025 13:00,61.75530476,20.93026531,15.79864182,R1111
3/16/2025 13:30,53.11906063,20.28254765,15.05524649,R1111
3/16/2025 14:00,30.30949636,20.92157188,15.77138954,R1111
3/16/2025 14:30,32.25531021,21.92719213,16.51773914,R1111
3/16/2025 15:00,34.35533216,21.03410174,16.37713212,R1111
3/16/2025 15:30,29.71735756,20.13527413,15.06131394,R1111
3/16/2025 16:00,28.2200004,18.7318808,14.77389668,R1111
3/16/2025 16:30,22.00064959,16.30443443,11.60079569,R1111
3/16/2025 17:00,17.10006607,11.05337575,10.31890409,R1111
3/16/2025 17:30,15.02794095,9.516709871,4.299033909,R1111
3/16/2025 18:00,13.56573052,8.048992808,7.840983291,R1111
3/16/2025 18:30,12.98058288,7.475458333,5.875384579,R1111
3/16/2025 19:00,12.11644268,6.678687749,1.545480404,R1111
3/16/2025 19:30,11.58551957,6.784119667,1.869812189,R1111
3/16/2025 20:00,11.50970211,6.58491138,2.130732216,R1111
3/16/2025 20:30,11.17933723,6.26201883,1.904440997,R1111
3/16/2025 21:00,12.32118222,6.196402844,7.192278794,R1111
3/16/2025 21:30,12.09634162,6.215009724,7.276261046,R1111
3/16/2025 22:00,11.95076294,5.959362503,6.049786314,R1111
3/16/2025 22:30,12.40878785,6.089800127,5.982721727,R1111
3/16/2025 23:00,12.10340184,5.960308255,6.571274143,R1111
3/16/2025 23:30,11.79426157,5.955707658,3.062650051,R1111
3/17/2025 0:00,12.8375778,6.122281315,6.833722506,R1111
3/17/2025 0:30,11.40755929,6.006687652,6.860938781,R1111
3/17/2025 1:00,11.55564862,5.955319148,4.470228208,R1111
3/17/2025 1:30,13.41968429,5.76401966,7.152317652,R1111
3/17/2025 2:00,14.53412548,5.914017224,4.378458891,R1111
3/17/2025 2:30,17.91676903,5.832440127,6.961410169,R1111
3/17/2025 3:00,12.25077109,6.115349595,6.702591423,R1111
3/17/2025 3:30,12.68361552,6.123068518,6.720061481,R1111
3/17/2025 4:00,11.37489359,5.96299319,4.611025889,R1111
3/17/2025 4:30,12.50074658,6.001697378,6.972595576,R1111
3/17/2025 5:00,12.12645665,5.957603245,0.935465676,R1111
3/17/2025 5:30,11.8525644,5.906013275,6.921304386,R1111
3/17/2025 6:00,13.67745981,6.009477689,6.786743803,R1111
3/17/2025 6:30,13.90303472,6.140179661,0.45930393,R1111
3/17/2025 7:00,14.8072464,9.657701496,3.579040205,R1111
3/17/2025 7:30,21.51387499,14.41118676,5.307841039,R1111
3/17/2025 8:00,22.66058148,15.09971799,8.546236045,R1111
3/17/2025 8:30,25.1428964,16.55680527,10.3025562,R1111
3/17/2025 9:00,27.73302626,19.30467255,13.39899392,R1111
3/17/2025 9:30,26.8977615,19.5189477,13.49930066,R1111
3/17/2025 10:00,33.54123203,21.07513734,14.70827529,R1111
3/17/2025 10:30,29.54616722,21.11819079,15.3777932,R1111
3/17/2025 11:00,30.03180249,21.04209528,15.87144917,R1111
3/17/2025 11:30,30.80257009,20.8131172,16.11992904,R1111
3/17/2025 12:00,33.3329107,21.10401978,16.18097411,R1111
3/17/2025 12:30,32.65681364,21.53946271,15.3984828,R1111
3/17/2025 13:00,30.60057461,21.85834034,17.12967067,R1111
3/17/2025 13:30,31.57076572,21.74610113,16.15606243,R1111
3/17/2025 14:00,32.41048756,22.13755413,17.49074453,R1111
3/17/2025 14:30,30.848133,23.37154213,18.57772467,R1111
3/17/2025 15:00,38.08930242,22.55241344,17.44673202,R1111
3/17/2025 15:30,32.11368281,22.16222238,17.48458856,R1111
3/17/2025 16:00,31.31061059,21.24515165,16.15189128,R1111
3/17/2025 16:30,28.39998715,18.94159995,13.63748397,R1111
3/17/2025 17:00,18.87954449,13.62631821,8.185210309,R1111
3/17/2025 17:30,15.11010811,11.31142585,5.887054078,R1111
3/17/2025 18:00,13.03015124,8.890883958,3.509955491,R1111
3/17/2025 18:30,12.36027994,7.959501041,3.317744552,R1111
3/17/2025 19:00,10.2149501,7.120868511,1.670351397,R1111
3/17/2025 19:30,10.71770017,7.010962506,1.989770987,R1111
3/17/2025 20:00,10.76427498,6.944833017,1.813933624,R1111
3/17/2025 20:30,11.10984206,6.601766443,0.613890358,R1111
3/17/2025 21:00,10.29000037,6.897276069,0.895368632,R1111
3/17/2025 21:30,10.77687951,6.708194307,1.515750255,R1111
3/17/2025 22:00,11.08481373,6.687814388,1.243080412,R1111
3/17/2025 22:30,11.34697779,6.568138316,1.237552092,R1111
3/17/2025 23:00,11.4531008,6.599974141,0.900060809,R1111
3/17/2025 23:30,10.86598387,6.607212861,1.21523139,R1111
3/18/2025 0:00,10.61994747,6.788121006,0.704078212,R1111
3/18/2025 0:30,7.362165753,3.598008361,-2.827325918,R1111
3/18/2025 1:00,7.547297324,3.130197051,-3.006712451,R1111
3/18/2025 1:30,7.330037628,2.525277117,-4.430044841,R1111
3/18/2025 2:00,7.245637967,2.092482027,NA,R1111
3/18/2025 2:30,6.281018543,2.058714241,-4.977541466,R1111
3/18/2025 3:00,7.052120966,1.527841183,-4.967192321,R1111
3/18/2025 3:30,7.183639019,2.344531332,NA,R1111
3/18/2025 4:00,9.320243099,3.269269611,-3.893501868,R1111
3/18/2025 4:30,8.839612758,3.807250297,-3.198970426,R1111
3/18/2025 5:00,9.503143757,4.262167434,-2.824519944,R1111
3/18/2025 5:30,7.95344675,4.721114315,-2.043148884,R1111
3/18/2025 6:00,9.06756344,4.685912526,-2.244369193,R1111
3/18/2025 6:30,9.15107306,4.608651865,-2.348702347,R1111
3/18/2025 7:00,10.44599206,7.278876803,-0.154274182,R1111
3/18/2025 7:30,19.62572485,16.46745991,11.43787733,R1111
3/18/2025 8:00,19.10722954,16.04970673,10.78798773,R1111
3/18/2025 8:30,21.12738925,17.83079665,12.67533976,R1111
3/18/2025 9:00,21.59187746,16.41017728,10.65834246,R1111
3/18/2025 9:30,22.98817443,21.70502138,16.39931221,R1111
3/18/2025 10:00,24.66289262,22.82472603,18.56481244,R1111
3/18/2025 10:30,25.70107672,22.69601529,17.43545507,R1111
3/18/2025 11:00,25.14747103,22.50035908,17.52335847,R1111
3/18/2025 11:30,24.38780517,22.25217432,17.91856146,R1111
3/18/2025 12:00,24.87327731,22.0292196,16.71843362,R1111
3/18/2025 12:30,24.90514404,22.23664299,17.73010826,R1111
3/18/2025 13:00,23.57081345,22.35923593,17.03881139,R1111
3/18/2025 13:30,23.86113626,22.32502839,16.90439037,R1111
3/18/2025 14:00,25.73050803,22.41095053,17.39408463,R1111
3/18/2025 14:30,26.05510117,23.50689018,18.88303777,R1111
3/18/2025 15:00,23.37903666,22.64786795,17.04604709,R1111
3/18/2025 15:30,22.5147745,21.79162384,16.32516984,R1111
3/18/2025 16:00,20.94923115,20.23280236,14.76100983,R1111
3/18/2025 16:30,17.23889695,17.44623776,11.33673492,R1111
3/18/2025 17:00,12.67589734,12.30260635,6.84929499,R1111
3/18/2025 17:30,10.85484741,10.72312839,4.778793072,R1111
3/18/2025 18:00,9.618173226,8.864135037,2.569571853,R1111
3/18/2025 18:30,7.961268332,7.03867149,3.200834756,R1111
3/18/2025 19:00,7.330898724,6.666952794,1.325795994,R1111
3/18/2025 19:30,6.858932349,6.16515847,6.970829841,R1111
3/18/2025 20:00,6.74744261,5.98146375,3.704410049,R1111
3/18/2025 20:30,6.884817013,6.080649921,7.004332607,R1111
3/18/2025 21:00,6.358815951,5.785997385,7.236230666,R1111
3/18/2025 21:30,5.542810725,5.800054929,7.162255172,R1111
3/18/2025 22:00,7.592967156,5.829333369,-1.008723144,R1111
3/18/2025 22:30,7.740102168,5.766922623,-0.428462174,R1111
3/18/2025 23:00,7.565547426,5.518376691,5.844690259,R1111
3/18/2025 23:30,7.021181881,5.135309662,6.529010896,R1111
3/19/2025 0:00,7.394181969,5.366862718,6.767039533,R1111
3/19/2025 0:30,7.64054089,5.340584465,6.729982023,R1111
3/19/2025 1:00,7.810488725,5.361743034,6.773387257,R1111
3/19/2025 1:30,7.70703479,5.339351271,6.763524637,R1111
3/19/2025 2:00,7.3295613,5.408768237,6.792013287,R1111
3/19/2025 2:30,7.15485438,5.413187579,6.935809816,R1111
3/19/2025 3:00,7.07098943,5.377834594,6.633677953,R1111
3/19/2025 3:30,6.58429744,5.483315453,6.706212397,R1111
3/19/2025 4:00,6.986845334,5.561888716,7.26205514,R1111
3/19/2025 4:30,7.508090099,5.477547233,7.049467208,R1111
3/19/2025 5:00,6.576814617,5.51103492,6.86187049,R1111
3/19/2025 5:30,6.852835553,5.869781427,-0.605733863,R1111
3/19/2025 6:00,6.46281307,5.425754939,6.765816236,R1111
3/19/2025 6:30,6.730234422,5.4016063,7.440716322,R1111
3/19/2025 7:00,10.24280226,10.96390415,12.15687724,R1111
3/19/2025 7:30,16.73566395,18.43052714,20.05861551,R1111
3/19/2025 8:00,16.40812334,17.73266112,19.13612739,R1111
3/19/2025 8:30,16.76223286,18.44760706,13.63394169,R1111
3/19/2025 9:00,15.45174166,18.32390931,14.94130553,R1111
3/19/2025 9:30,15.51987212,16.63992403,17.39700088,R1111
3/19/2025 10:00,16.15581995,17.74711666,17.21068042,R1111
3/19/2025 10:30,16.17126332,18.94152468,13.74953762,R1111
3/19/2025 11:00,16.4454361,19.43975129,16.07595715,R1111
3/19/2025 11:30,16.470008,20.39471663,15.87767304,R1111
3/19/2025 12:00,16.44473729,20.78319035,19.87309816,R1111
3/19/2025 12:30,16.46316382,21.12662045,21.06205142,R1111
3/19/2025 13:00,16.60867596,21.21995052,21.70014242,R1111
3/19/2025 13:30,16.08015349,21.42209215,21.45768246,R1111
3/19/2025 14:00,16.25239903,21.94610704,18.1445761,R1111
3/19/2025 14:30,16.23730961,21.53310997,21.69850099,R1111
3/19/2025 15:00,19.7292476,25.62888328,24.95253098,R1111
3/19/2025 15:30,19.35546835,27.58502987,24.90577529,R1111
3/19/2025 16:00,17.56754599,24.31348424,21.26939198,R1111
3/19/2025 16:30,15.42771131,21.1951267,17.30138975,R1111
3/19/2025 17:00,11.02118464,15.62895647,16.14582291,R1111
3/19/2025 17:30,9.398074862,12.8907564,12.42501274,R1111
3/19/2025 18:00,6.744533184,10.03868246,10.07305114,R1111
3/19/2025 18:30,5.818697557,8.930373829,3.641506211,R1111
3/19/2025 19:00,4.831845575,7.832885736,6.888737738,R1111
3/19/2025 19:30,4.42756249,7.14755302,8.095551265,R1111
3/19/2025 20:00,4.129161637,6.894338811,7.520861796,R1111
3/19/2025 20:30,4.706946834,7.251305466,1.162513618,R1111
3/19/2025 21:00,4.21966669,6.992736422,8.010348827,R1111
3/19/2025 21:30,3.978563309,6.47494074,7.997602719,R1111
3/19/2025 22:00,3.521648663,6.368784821,7.542628293,R1111
3/19/2025 22:30,3.587530805,6.371026758,7.417227236,R1111
3/19/2025 23:00,3.586154608,6.387275697,7.512149493,R1111
3/19/2025 23:30,3.442200184,6.174016336,7.277086904,R1111
3/20/2025 0:00,3.903809416,6.618747819,0.204825115,R1111
3/20/2025 0:30,1.424930313,3.155309183,4.647377622,R1111
3/20/2025 1:00,1.441752186,2.4118142,-1.299249012,R1111
3/20/2025 1:30,0.494273941,1.388140758,2.373493039,R1111
3/20/2025 2:00,0.569827896,1.627138682,3.908577433,R1111
3/20/2025 2:30,0.161068977,1.403034446,4.610733945,R1111
3/20/2025 3:00,-0.035416639,1.190839645,3.18843311,R1111
3/20/2025 3:30,-0.028916222,1.778578308,4.022972497,R1111
3/20/2025 4:00,0.625465006,2.898715607,5.007976099,R1111
3/20/2025 4:30,2.039064854,3.780392385,-4.533320046,R1111
3/20/2025 5:00,1.130146478,4.113927988,6.503112558,R1111
3/20/2025 5:30,1.399572623,4.113506966,6.112602546,R1111
3/20/2025 6:00,1.72459891,4.568209419,6.69952151,R1111
3/20/2025 6:30,1.71405523,4.785412476,6.736330776,R1111
3/20/2025 7:00,4.413993641,9.683279376,11.40415347,R1111
3/20/2025 7:30,10.4245718,16.41717537,17.49540871,R1111
3/20/2025 8:00,10.65309288,16.62171367,18.06007274,R1111
3/20/2025 8:30,11.66494706,17.41851173,18.7603534,R1111
3/20/2025 9:00,12.35815101,18.80969358,15.62151912,R1111
3/20/2025 9:30,13.37081314,20.21309773,21.53420031,R1111
3/20/2025 10:00,14.23308695,21.45016737,23.10854552,R1111
3/20/2025 10:30,14.46719034,21.65962495,22.90943558,R1111
3/20/2025 11:00,14.53092672,21.35652703,22.39330953,R1111
3/20/2025 11:30,14.67778621,21.454851,22.89968884,R1111
3/20/2025 12:00,14.30017279,21.38834244,22.564442,R1111
3/20/2025 12:30,14.40393978,21.52621801,22.87739868,R1111
3/20/2025 13:00,14.55516113,21.52156017,22.83758705,R1111
3/20/2025 13:30,14.59410595,21.76919432,23.09142529,R1111
3/20/2025 14:00,15.04470009,21.80755202,22.75384227,R1111
3/20/2025 14:30,15.36497202,22.15349994,23.0218644,R1111
3/20/2025 15:00,14.82860525,21.76354522,22.62651819,R1111
3/20/2025 15:30,14.08811085,21.25020591,21.8314768,R1111
3/20/2025 16:00,13.26056438,19.8797177,20.31193111,R1111
3/20/2025 16:30,11.34775203,17.66045039,18.03883002,R1111
3/20/2025 17:00,7.648677262,12.81315348,13.51391244,R1111
3/20/2025 17:30,6.489500298,10.92354894,11.95500083,R1111
3/20/2025 18:00,4.641589245,8.634962761,8.942709887,R1111
3/20/2025 18:30,3.91724572,7.81965894,8.584289032,R1111
3/20/2025 19:00,3.646979907,7.155252699,8.125873006,R1111
3/20/2025 19:30,3.333066518,6.905962506,7.49874541,R1111
3/20/2025 20:00,3.009701219,6.964979749,8.083992018,R1111
3/20/2025 20:30,2.90772821,6.47589135,7.608397007,R1111
3/20/2025 21:00,2.749162495,6.469760155,7.954768648,R1111
3/20/2025 21:30,2.533299106,6.389033345,7.732275513,R1111
3/20/2025 22:00,2.77165919,6.467697586,7.350774439,R1111
3/20/2025 22:30,2.441005931,6.348190812,7.713785405,R1111
3/20/2025 23:00,2.558610028,6.258808097,7.543789184,R1111
3/20/2025 23:30,2.135742488,6.012685348,7.064521624,R1111
3/21/2025 0:00,2.336470959,5.670475761,7.125910749,R1111
3/21/2025 0:30,2.353927531,5.799415685,7.234768392,R1111
3/21/2025 1:00,2.285801386,5.789258558,7.384082273,R1111
3/21/2025 1:30,2.001402438,5.525150617,7.145286604,R1111
3/21/2025 2:00,2.25552371,5.789736387,7.140196254,R1111
3/21/2025 2:30,1.991705617,5.645614213,7.207373713,R1111
3/21/2025 3:00,2.198363104,5.639345093,7.271114109,R1111
3/21/2025 3:30,2.206878469,5.628849724,7.207546845,R1111
3/21/2025 4:00,2.243193281,5.641046134,7.386276178,R1111
3/21/2025 4:30,1.995149234,5.702584806,7.23765163,R1111
3/21/2025 5:00,2.110591849,5.745404435,7.400699135,R1111
3/21/2025 5:30,2.041035784,5.548894422,7.730703418,R1111
3/21/2025 6:00,2.036842299,5.749970775,8.359726019,R1111
3/21/2025 6:30,2.078983831,5.71046912,7.756376543,R1111
3/21/2025 7:00,7.962895946,14.65429755,16.07532282,R1111
3/21/2025 7:30,11.28091472,17.67863002,15.48803884,R1111
3/21/2025 8:00,10.84624937,16.95639009,17.8348536,R1111
3/21/2025 8:30,12.08814263,18.18447725,19.32260229,R1111
3/21/2025 9:00,12.84706202,19.60419448,20.34892417,R1111
3/21/2025 9:30,14.00951556,20.58344685,21.50477339,R1111
3/21/2025 10:00,14.50520978,21.29424589,22.2350303,R1111
3/21/2025 10:30,15.14016867,21.91517333,22.78213124,R1111
3/21/2025 11:00,14.55235468,21.6687345,22.91893365,R1111
3/21/2025 11:30,14.95366295,21.87593686,22.85431944,R1111
3/21/2025 12:00,15.17090813,21.76162429,22.84625802,R1111
3/21/2025 12:30,15.5204378,21.85814221,21.67500344,R1111
3/21/2025 13:00,15.46173235,22.24303016,17.3651453,R1111
3/21/2025 13:30,15.27815982,21.89856087,13.41308214,R1111
3/21/2025 14:00,15.82689432,21.91679288,14.42326136,R1111
3/21/2025 14:30,16.37631243,22.86450369,16.50852661,R1111
3/21/2025 15:00,15.69386954,22.66222242,16.96972537,R1111
3/21/2025 15:30,15.04833745,21.78543014,16.77008579,R1111
3/21/2025 16:00,14.61207776,20.6257772,15.81707953,R1111
3/21/2025 16:30,12.70446409,18.56191747,14.2986107,R1111
3/21/2025 17:00,10.01741182,14.86742679,10.76669376,R1111
3/21/2025 17:30,7.961647193,11.84355559,8.092826625,R1111
3/21/2025 18:00,5.53738469,8.515657165,4.556110936,R1111
3/21/2025 18:30,4.616318423,7.739573736,3.651412236,R1111
3/21/2025 19:00,3.931827588,6.808320364,2.743995051,R1111
3/21/2025 19:30,3.823923594,6.548946323,2.033127597,R1111
3/21/2025 20:00,3.608732942,6.348126192,2.180510269,R1111
3/21/2025 20:30,3.969665654,6.538859178,2.455163787,R1111
3/21/2025 21:00,3.891653144,6.432421141,2.005337877,R1111
3/21/2025 21:30,3.848488236,6.504985316,1.670814738,R1111
3/21/2025 22:00,3.705451555,6.159663734,0.794732542,R1111
3/21/2025 22:30,3.48872826,6.193283047,1.294256961,R1111
3/21/2025 23:00,3.631522991,6.065066023,0.291044671,R1111
3/21/2025 23:30,3.660072231,6.142222249,0.828972679,R1111
3/22/2025 0:00,3.645096848,6.174012812,1.099929799,R1111
3/22/2025 0:30,3.658008952,6.369061333,-0.505684656,R1111
3/22/2025 1:00,3.557801684,6.339016502,-1.035244798,R1111
3/22/2025 1:30,3.843887484,6.582133162,0.715696364,R1111
3/22/2025 2:00,3.59180038,6.373693269,0.755269598,R1111
3/22/2025 2:30,3.522054314,6.355684852,0.993188517,R1111
3/22/2025 3:00,3.734482955,6.464549897,0.532382369,R1111
3/22/2025 3:30,3.651202026,6.678839798,0.88572831,R1111
3/22/2025 4:00,3.51664249,6.601912305,-0.085623689,R1111
3/22/2025 4:30,3.592317125,6.624356482,0.772007338,R1111
3/22/2025 5:00,3.680062122,6.833643378,1.265512007,R1111
3/22/2025 5:30,3.64730237,6.923742528,1.219535532,R1111
3/22/2025 6:00,3.844522267,6.842700809,0.869158044,R1111
3/22/2025 6:30,3.391276089,6.627810748,0.852680159,R1111
3/22/2025 7:00,9.568684193,16.2253705,10.86355105,R1111
3/22/2025 7:30,11.25931838,17.50982049,12.55388204,R1111
3/22/2025 8:00,11.70990919,17.30401164,11.73597341,R1111
3/22/2025 8:30,13.23724379,19.42018419,14.61181044,R1111
3/22/2025 9:00,14.12920472,20.78224951,16.24074282,R1111
3/22/2025 9:30,14.58828386,21.47600801,16.61183121,R1111
3/22/2025 10:00,15.12441433,22.04729057,17.26739827,R1111
3/22/2025 10:30,15.73665404,22.25375557,17.50819366,R1111
3/22/2025 11:00,15.26663346,22.0070413,17.02965857,R1111
3/22/2025 11:30,15.66294793,22.3472861,16.39191599,R1111
3/22/2025 12:00,15.15996697,22.07986761,16.08513612,R1111
3/22/2025 12:30,15.37134365,22.45894022,17.89350645,R1111
3/22/2025 13:00,15.22565491,22.106185,16.14228934,R1111
3/22/2025 13:30,15.75365289,22.37837679,16.6401039,R1111
3/22/2025 14:00,15.4914565,22.7184168,18.29340338,R1111
3/22/2025 14:30,15.87684948,22.86218747,17.83928865,R1111
3/22/2025 15:00,15.52625095,22.28734,17.86642662,R1111
3/22/2025 15:30,15.26765268,22.24503376,17.35469193,R1111
3/22/2025 16:00,14.12909154,21.06582083,16.677688,R1111
3/22/2025 16:30,12.58555683,18.88689564,14.35642704,R1111
3/22/2025 17:00,9.233302265,14.3902841,9.949832638,R1111
3/22/2025 17:30,7.838949272,12.41981938,7.259054315,R1111
3/22/2025 18:00,6.057179142,9.774708573,5.62590341,R1111
3/22/2025 18:30,5.018922959,8.493939236,4.600847193,R1111
3/22/2025 19:00,4.232777252,7.530139059,3.71592254,R1111
3/22/2025 19:30,3.940799747,6.968779139,3.365971743,R1111
3/22/2025 20:00,3.901148953,6.775133251,3.185811909,R1111
3/22/2025 20:30,3.468710499,6.411185032,1.83938209,R1111
3/22/2025 21:00,3.502776936,6.40185864,1.779639762,R1111
3/22/2025 21:30,3.271389071,6.141282265,1.428087311,R1111
3/22/2025 22:00,3.367397771,6.205753288,1.321823274,R1111
3/22/2025 22:30,3.160882437,5.886577257,0.545386033,R1111
3/22/2025 23:00,3.347373112,5.934468375,0.364193684,R1111
3/22/2025 23:30,3.401119632,5.883504625,0.189419511,R1111
3/23/2025 0:00,3.368554609,5.766152385,0.02839039,R1111
3/23/2025 0:30,1.887369075,3.350894621,-1.868532939,R1111
3/23/2025 1:00,1.090189925,2.714588045,-3.225032999,R1111
3/23/2025 1:30,1.018554975,2.171311759,-3.253852412,R1111
3/23/2025 2:00,0.954252474,2.024180863,-3.956065607,R1111
3/23/2025 2:30,0.804150775,1.693123044,-4.090196014,R1111
3/23/2025 3:00,0.87023005,1.99723611,-4.15540955,R1111
3/23/2025 3:30,1.266630461,2.739886018,-3.209800008,R1111
3/23/2025 4:00,1.984832469,3.5922742,-2.434256095,R1111
3/23/2025 4:30,2.208884698,4.103513282,-2.715124857,R1111
3/23/2025 5:00,2.420707105,4.332046884,-3.486048773,R1111
3/23/2025 5:30,2.678904391,4.619150841,-3.008161931,R1111
3/23/2025 6:00,3.011769023,5.137517848,-1.58221994,R1111
3/23/2025 6:30,2.791937044,4.931442477,-2.259094649,R1111
3/23/2025 7:00,7.593380066,12.36730952,4.970607497,R1111
3/23/2025 7:30,10.15610268,15.52354835,8.28492082,R1111
3/23/2025 8:00,10.98463258,16.49981862,10.6424583,R1111
3/23/2025 8:30,12.80048815,18.4418363,12.89000465,R1111
3/23/2025 9:00,13.42355146,19.73884062,14.25931155,R1111
3/23/2025 9:30,14.65205956,20.92299551,15.05010669,R1111
3/23/2025 10:00,15.0872353,21.93971137,16.50760705,R1111
3/23/2025 10:30,15.63186746,22.47038378,17.13924965,R1111
3/23/2025 11:00,15.77077528,22.77250372,16.5548878,R1111
3/23/2025 11:30,16.28928536,23.33684778,18.6434877,R1111
3/23/2025 12:00,15.69211324,22.73712591,17.02806538,R1111
3/23/2025 12:30,15.99719067,23.28560932,17.38249735,R1111
3/23/2025 13:00,15.57041504,22.7274166,17.52121227,R1111
3/23/2025 13:30,15.91422795,22.70433331,16.91207406,R1111
3/23/2025 14:00,15.97535396,23.15444879,17.05714184,R1111
3/23/2025 14:30,16.13229809,23.25397445,17.4453278,R1111
3/23/2025 15:00,15.63639837,22.88342165,17.56836687,R1111
3/23/2025 15:30,14.63218599,21.76906262,16.5262353,R1111
3/23/2025 16:00,13.49822089,19.84995291,14.47048173,R1111
3/23/2025 16:30,11.0472648,16.74726342,11.38302455,R1111
3/23/2025 17:00,9.040322464,13.91117671,8.352811555,R1111
3/23/2025 17:30,7.293831625,11.55316081,5.646171371,R1111
3/23/2025 18:00,4.450673655,7.651095987,2.135829579,R1111
3/23/2025 18:30,3.889190971,7.171215626,1.205505923,R1111
3/23/2025 19:00,3.379988492,6.383920721,1.000625747,R1111
3/23/2025 19:30,3.05433765,6.003004808,0.041902857,R1111
3/23/2025 20:00,2.716443697,5.560098788,-1.14397852,R1111
3/23/2025 20:30,2.722043499,5.647966801,-0.358832103,R1111
3/23/2025 21:00,2.566538186,5.28283636,-0.62097723,R1111
3/23/2025 21:30,2.703426474,5.546530512,-0.775038701,R1111
3/23/2025 22:00,2.593640832,5.36614614,-2.237604441,R1111
3/23/2025 22:30,2.722461495,5.504226515,-1.208262546,R1111
3/23/2025 23:00,2.719730509,5.486221672,-0.886917282,R1111
3/23/2025 23:30,2.930394326,5.751060721,-1.455585583,R1111
3/24/2025 0:00,2.871917983,5.775953699,-1.96772017,R1111
3/24/2025 0:30,2.825552597,5.885527068,-1.927496399,R1111
3/24/2025 1:00,2.71255304,5.676006309,-1.624216046,R1111
3/24/2025 1:30,2.731428565,5.9287407,-1.473969992,R1111
3/24/2025 2:00,2.928226196,5.857217771,-1.653582545,R1111
3/24/2025 2:30,2.86498566,6.103800404,-1.039122811,R1111
3/24/2025 3:00,3.005932485,6.170949481,-0.847310458,R1111
3/24/2025 3:30,3.087088764,6.133748647,-0.496369891,R1111
3/24/2025 4:00,3.047413302,5.820935225,-1.277870529,R1111
3/24/2025 4:30,3.178449666,6.002555981,-1.430646724,R1111
3/24/2025 5:00,3.223164477,6.206358123,-0.836951935,R1111
3/24/2025 5:30,3.159286994,6.066912406,0.031722792,R1111
3/24/2025 6:00,3.388395472,6.014786685,0.443881889,R1111
3/24/2025 6:30,3.192787075,6.102866815,0.112369902,R1111
3/24/2025 7:00,9.65908025,15.83976186,9.557585063,R1111
3/24/2025 7:30,11.25995726,17.15956485,11.54204496,R1111
3/24/2025 8:00,11.48611001,17.26234082,11.42211584,R1111
3/24/2025 8:30,12.69698335,18.9847677,14.09846274,R1111
3/24/2025 9:00,13.52254579,20.16128818,15.62911941,R1111
3/24/2025 9:30,14.51082835,21.24582086,15.99894461,R1111
3/24/2025 10:00,15.327763,22.06466272,17.18998017,R1111
3/24/2025 10:30,15.55839725,22.32970567,18.35586394,R1111
3/24/2025 11:00,15.53888317,22.50304482,16.98901404,R1111
3/24/2025 11:30,15.57460563,22.48069892,17.34087952,R1111
3/24/2025 12:00,15.98669421,23.06785506,18.06554507,R1111
3/24/2025 12:30,15.55742303,22.49904774,17.4747954,R1111
3/24/2025 13:00,15.73909352,22.62205486,17.96788145,R1111
3/24/2025 13:30,15.39314951,22.40425385,17.69868774,R1111
3/24/2025 14:00,15.40265124,22.58817166,17.42304306,R1111
3/24/2025 14:30,15.73263236,23.05273545,18.03393549,R1111
3/24/2025 15:00,15.44542312,22.66496841,17.96615587,R1111
3/24/2025 15:30,14.80481075,21.99400128,17.56384066,R1111
3/24/2025 16:00,13.27393584,20.08219421,14.85300518,R1111
3/24/2025 16:30,11.42260933,17.77285199,12.18187901,R1111
3/24/2025 17:00,8.78670064,13.79596971,8.619904907,R1111
3/24/2025 17:30,7.681454928,12.24835696,6.819858046,R1111
3/24/2025 18:00,5.631073003,9.450270641,4.430804932,R1111
3/24/2025 18:30,4.931915568,8.39466111,2.996524255,R1111
3/24/2025 19:00,4.007733127,7.276329726,3.07545303,R1111
3/24/2025 19:30,3.59959222,6.786454672,2.592549169,R1111
3/24/2025 20:00,3.58001307,6.487424507,1.303363235,R1111
3/24/2025 20:30,3.467060398,6.245326777,1.811311063,R1111
3/24/2025 21:00,3.498389211,6.149922677,1.174157817,R1111
3/24/2025 21:30,3.343364397,6.008706156,1.202975476,R1111
3/24/2025 22:00,3.362677961,5.995828437,1.028811972,R1111
3/24/2025 22:30,3.187140451,5.902540176,0.930258798,R1111
3/24/2025 23:00,3.333673054,5.915931123,1.260984475,R1111
3/24/2025 23:30,3.355399659,5.876541684,-0.373410335,R1111
3/25/2025 0:00,3.323967601,6.07113094,0.641256005,R1111
3/25/2025 0:30,1.529601315,3.747753407,-2.742850487,R1111
3/25/2025 1:00,1.065545452,2.819466801,-3.935032435,R1111
3/25/2025 1:30,0.715198078,2.713142795,-4.149815328,R1111
3/25/2025 2:00,0.536559952,2.052724384,-4.994788743,R1111
3/25/2025 2:30,0.392585771,2.037139447,-3.820477029,R1111
3/25/2025 3:00,0.566770528,1.962981356,-3.618221525,R1111
3/25/2025 3:30,1.01215569,2.901516231,-2.760185133,R1111
3/25/2025 4:00,1.647931449,3.922918896,-0.792440484,R1111
3/25/2025 4:30,2.252439312,4.533231018,-0.709982092,R1111
3/25/2025 5:00,2.272128743,4.805230404,-2.358686322,R1111
3/25/2025 5:30,2.44519679,5.006871945,-1.372025432,R1111
3/25/2025 6:00,2.459474282,5.053724755,-0.866870148,R1111
3/25/2025 6:30,2.667809469,5.155903681,-2.311647932,R1111
3/25/2025 7:00,8.285532608,13.61136691,7.646803601,R1111
3/25/2025 7:30,10.16339423,15.71682794,10.54940616,R1111
3/25/2025 8:00,10.45197865,16.34419593,11.52054762,R1111
3/25/2025 8:30,12.35980411,18.31600996,13.11204515,R1111
3/25/2025 9:00,13.05576501,19.98791964,15.35504413,R1111
3/25/2025 9:30,14.19863843,21.04942789,15.49339544,R1111
3/25/2025 10:00,14.79594859,22.31863665,17.64003765,R1111
3/25/2025 10:30,15.33575563,22.51213721,17.93143166,R1111
3/25/2025 11:00,15.14257521,22.32601833,17.52095807,R1111
3/25/2025 11:30,15.36086491,22.31865751,17.23203254,R1111
3/25/2025 12:00,15.35511625,22.79270065,17.39163269,R1111
3/25/2025 12:30,15.51921462,22.54403629,17.49195186,R1111
3/25/2025 13:00,15.54843425,22.91866621,17.6048842,R1111
3/25/2025 13:30,15.51280602,22.49584526,17.57071857,R1111
3/25/2025 14:00,15.86633242,22.80957006,17.07311363,R1111
3/25/2025 14:30,15.35424097,22.99626859,16.51338185,R1111
3/25/2025 15:00,15.27496605,22.39668311,17.02122925,R1111
3/25/2025 15:30,15.70772283,22.24444887,16.28892302,R1111
3/25/2025 16:00,13.40409059,20.06045775,14.77014001,R1111
3/25/2025 16:30,11.11375727,16.97329798,11.29744886,R1111
3/25/2025 17:00,8.017342817,12.91905196,7.988485916,R1111
3/25/2025 17:30,6.77330406,11.09073507,6.068641943,R1111
3/25/2025 18:00,4.575203694,8.276336371,3.245508824,R1111
3/25/2025 18:30,4.017116143,7.692665956,2.727050604,R1111
3/25/2025 19:00,3.450384429,6.701225138,1.935141622,R1111
3/25/2025 19:30,3.254881222,6.39211299,1.825672423,R1111
3/25/2025 20:00,2.963351815,6.116933437,1.177723449,R1111
3/25/2025 20:30,2.801410103,5.798343935,1.009717787,R1111
3/25/2025 21:00,2.867648383,5.770547191,0.735020061,R1111
3/25/2025 21:30,2.839508002,5.705807587,0.292730396,R1111
3/25/2025 22:00,2.852542787,5.837480336,-1.068578013,R1111
3/25/2025 22:30,2.906815823,6.02660907,-0.412119783,R1111
3/25/2025 23:00,3.138142878,6.00437626,-0.93373886,R1111
3/25/2025 23:30,3.20158838,6.0817928,0.098759951,R1111
3/26/2025 0:00,2.911232019,5.91039106,0.1479338,R1111
3/26/2025 0:30,3.099575153,5.852273453,-0.631448807,R1111
3/26/2025 1:00,3.053803942,5.843305985,0.184689739,R1111
3/26/2025 1:30,2.919984009,5.83737423,0.046037069,R1111
3/26/2025 2:00,3.002784303,5.793096179,-1.016257738,R1111
3/26/2025 2:30,3.138434569,5.901230733,0.089658519,R1111
3/26/2025 3:00,2.822646387,5.596293606,-0.735342866,R1111
3/26/2025 3:30,3.069895121,6.15838883,0.523143221,R1111
3/26/2025 4:00,3.078748418,5.855107513,0.525905416,R1111
3/26/2025 4:30,3.222327667,5.962827057,-0.204751441,R1111
3/26/2025 5:00,3.334464872,5.93808708,0.40667299,R1111
3/26/2025 5:30,3.096748213,5.84244825,-1.084663042,R1111
3/26/2025 6:00,3.211962555,5.880154288,0.084888484,R1111
3/26/2025 6:30,3.002135836,5.951027061,0.138512085,R1111
3/26/2025 7:00,4.809029667,8.595777224,3.147484633,R1111
3/26/2025 7:30,6.017915273,9.856315843,4.230343384,R1111
3/26/2025 8:00,8.541650955,13.55156627,7.240847577,R1111
3/26/2025 8:30,11.44700294,17.01795788,11.75433952,R1111
3/26/2025 9:00,12.79065337,19.17150814,14.41438307,R1111
3/26/2025 9:30,14.41317294,21.03647749,15.65062681,R1111
3/26/2025 10:00,14.53664521,20.81133465,15.84621183,R1111
3/26/2025 10:30,15.34892548,21.71122652,17.33809002,R1111
3/26/2025 11:00,15.65797768,22.14243733,17.71290243,R1111
3/26/2025 11:30,15.71419406,22.58122412,17.11532925,R1111
3/26/2025 12:00,16.19025286,22.90727213,18.03456708,R1111
3/26/2025 12:30,16.05550783,22.55924648,18.06247236,R1111
3/26/2025 13:00,16.09597088,22.85541464,18.06230192,R1111
3/26/2025 13:30,17.06553616,23.64628337,16.21478613,R1111
3/26/2025 14:00,16.81039875,23.83793018,17.10442855,R1111
3/26/2025 14:30,16.39505727,23.20766228,17.18270955,R1111
3/26/2025 15:00,15.73705553,22.41298009,17.36486363,R1111
3/26/2025 15:30,15.18419464,21.79196014,16.27942517,R1111
3/26/2025 16:00,14.36086043,21.00979587,16.19298438,R1111
3/26/2025 16:30,13.32215198,19.85390658,14.58603892,R1111
3/26/2025 17:00,10.89222917,16.35051522,12.14372925,R1111
3/26/2025 17:30,7.541485662,11.68547332,6.307779941,R1111
3/26/2025 18:00,6.083757951,9.75633084,4.704055372,R1111
3/26/2025 18:30,5.001867243,8.50527761,4.487787272,R1111
3/26/2025 19:00,4.116960561,7.341513287,3.221152474,R1111
3/26/2025 19:30,3.788937232,6.888017449,1.645128162,R1111
3/26/2025 20:00,3.40063634,6.143973795,1.125475402,R1111
3/26/2025 20:30,3.449126484,6.310089447,2.174234878,R1111
3/26/2025 21:00,3.424402149,6.234930003,1.995562699,R1111
3/26/2025 21:30,3.367041603,6.089369604,0.325006544,R1111
3/26/2025 22:00,3.260468586,6.037287412,1.379435834,R1111
3/26/2025 22:30,3.0252491,5.844602163,-0.865814646,R1111
3/26/2025 23:00,3.076575275,6.070082955,-0.401659118,R1111
3/26/2025 23:30,3.014766515,5.851271206,0.784494052,R1111
3/27/2025 0:00,3.189317394,6.125919704,0.282043075,R1111
3/27/2025 0:30,1.201830239,3.201214166,-3.900537462,R1111
3/27/2025 1:00,0.749410906,2.588462163,-3.529997177,R1111
3/27/2025 1:30,0.47802794,1.866745034,NA,R1111
3/27/2025 2:00,0.707572261,1.982795141,-3.88242958,R1111
3/27/2025 2:30,0.248056899,1.634112144,NA,R1111
3/27/2025 3:00,0.490391095,1.812592857,-4.883819327,R1111
3/27/2025 3:30,0.951613248,2.34925059,NA,R1111
3/27/2025 4:00,1.485105296,3.363545546,-3.591763083,R1111
3/27/2025 4:30,1.977501297,4.093802489,-2.986723081,R1111
3/27/2025 5:00,2.099495809,4.405244705,-2.533277977,R1111
3/27/2025 5:30,2.432176796,4.776641126,-1.548828141,R1111
3/27/2025 6:00,2.394261272,5.133867956,-1.053432262,R1111
3/27/2025 6:30,2.536530808,5.068916891,-2.313062516,R1111
3/27/2025 7:00,7.686747584,13.13023063,5.856314732,R1111
3/27/2025 7:30,9.633474317,15.05397192,8.525849269,R1111
3/27/2025 8:00,10.11329854,15.45019903,9.21580663,R1111
3/27/2025 8:30,11.92765464,17.95345804,11.70709692,R1111
3/27/2025 9:00,12.5810612,19.20125594,12.59603476,R1111
3/27/2025 9:30,13.91087218,20.26264408,13.50343895,R1111
3/27/2025 10:00,14.65519112,20.58927811,12.92470366,R1111
3/27/2025 10:30,14.48903303,20.25026184,13.2407261,R1111
3/27/2025 11:00,14.19127283,20.42045348,13.48003848,R1111
3/27/2025 11:30,14.55211245,20.33131391,12.66000399,R1111
3/27/2025 12:00,14.95376687,20.60863788,12.38797785,R1111
3/27/2025 12:30,15.48494311,22.63430414,17.50566613,R1111
3/27/2025 13:00,15.44434362,22.23445209,17.13800463,R1111
3/27/2025 13:30,15.58911916,22.47738405,16.16117923,R1111
3/27/2025 14:00,15.66278884,22.63503109,17.54423114,R1111
3/27/2025 14:30,15.90815824,23.02383865,18.06865815,R1111
3/27/2025 15:00,15.27014655,22.28121984,17.573348,R1111
3/27/2025 15:30,14.49322232,21.48596106,16.72886918,R1111
3/27/2025 16:00,12.78190223,19.52214108,14.70924416,R1111
3/27/2025 16:30,10.9489679,16.96551464,12.23522441,R1111
3/27/2025 17:00,8.068288383,12.8405309,7.974948027,R1111
3/27/2025 17:30,8.073648377,12.67507324,7.754958366,R1111
3/27/2025 18:00,4.911583992,8.531251182,3.553830978,R1111
3/27/2025 18:30,3.840088308,7.232250168,2.249641407,R1111
3/27/2025 19:00,3.225084662,6.33727519,1.87865111,R1111
3/27/2025 19:30,2.860282131,5.875261093,1.390932865,R1111
3/27/2025 20:00,2.636336342,5.683617221,0.438603943,R1111
3/27/2025 20:30,2.570194369,5.730569114,0.357882936,R1111
3/27/2025 21:00,2.667401179,5.898987413,0.824459906,R1111
3/27/2025 21:30,2.719796119,5.990842985,0.88270015,R1111
3/27/2025 22:00,2.68911658,5.998866594,0.578263703,R1111
3/27/2025 22:30,2.727485968,5.911604054,-0.413806719,R1111
3/27/2025 23:00,2.721914681,5.883591158,-0.088010619,R1111
3/27/2025 23:30,2.707839717,5.784470887,-0.81514333,R1111
3/28/2025 0:00,2.601526445,5.734478375,-0.654683448,R1111
3/28/2025 0:30,2.706247663,5.788235025,-0.367082516,R1111
3/28/2025 1:00,2.764750377,5.895940873,-0.306289445,R1111
3/28/2025 1:30,2.757586678,5.683451939,-0.443273683,R1111
3/28/2025 2:00,2.699261953,5.602707122,-0.637521545,R1111
3/28/2025 2:30,2.903338952,5.628950777,-1.002240792,R1111
3/28/2025 3:00,2.870847981,5.74456823,-0.637546775,R1111
3/28/2025 3:30,2.955263444,5.909398837,-0.127500322,R1111
3/28/2025 4:00,3.027726954,5.806809926,-0.397395528,R1111
3/28/2025 4:30,2.993674464,5.835154744,-0.26407271,R1111
3/28/2025 5:00,2.918775884,5.699965972,-0.189532415,R1111
3/28/2025 5:30,2.969728065,5.794977021,-0.296505299,R1111
3/28/2025 6:00,2.998925351,5.637637281,-0.345216245,R1111
3/28/2025 6:30,3.055326949,5.763253863,0.251137647,R1111
3/28/2025 7:00,10.74203073,16.91520309,11.65332666,R1111
3/28/2025 7:30,11.00653745,16.75885839,10.99599007,R1111
3/28/2025 8:00,11.53283088,17.07885264,11.81495859,R1111
3/28/2025 8:30,13.52441387,20.32648511,15.95575302,R1111
3/28/2025 9:00,14.50630308,21.90290554,17.53124005,R1111
3/28/2025 9:30,15.75476151,23.06726737,18.67728697,R1111
3/28/2025 10:00,16.15496239,23.0540191,17.91327199,R1111
3/28/2025 10:30,16.18009839,23.33446134,18.34389539,R1111
3/28/2025 11:00,16.45090274,23.30373849,18.51939135,R1111
3/28/2025 11:30,16.22919544,23.58733592,17.87780205,R1111
3/28/2025 12:00,16.32441404,23.21559347,18.19765491,R1111
3/28/2025 12:30,16.67688011,23.50694952,18.27005619,R1111
3/28/2025 13:00,16.63780213,23.40310181,18.02967206,R1111
3/28/2025 13:30,16.14353219,22.96740917,18.07169853,R1111
3/28/2025 14:00,16.52606993,23.10471358,17.50621657,R1111
3/28/2025 14:30,16.50769863,23.33572383,17.9188025,R1111
3/28/2025 15:00,15.16726121,21.80106901,16.40702474,R1111
3/28/2025 15:30,14.92402354,21.67221681,16.29599736,R1111
3/28/2025 16:00,13.60568325,19.90620195,14.6668276,R1111
3/28/2025 16:30,11.3597266,17.39326184,12.15401685,R1111
3/28/2025 17:00,8.365840332,12.69981348,6.876956142,R1111
3/28/2025 17:30,6.58685248,10.16292906,4.891078664,R1111
3/28/2025 18:00,4.837053591,7.721267624,2.879806335,R1111
3/28/2025 18:30,3.97051171,6.939263311,2.254078484,R1111
3/28/2025 19:00,3.58041959,6.345275699,1.993085835,R1111
3/28/2025 19:30,3.339835712,6.217348143,1.463405904,R1111
3/28/2025 20:00,3.261619659,6.07501423,0.624843982,R1111
3/28/2025 20:30,3.15683299,6.004333047,1.033335041,R1111
3/28/2025 21:00,3.203590624,5.92888157,1.146324982,R1111
3/28/2025 21:30,2.921391978,5.508887972,0.377922864,R1111
3/28/2025 22:00,3.103542813,5.614625298,0.049325642,R1111
3/28/2025 22:30,2.956678886,5.735959285,0.476420972,R1111
3/28/2025 23:00,3.189186957,5.675166949,0.429790385,R1111
3/28/2025 23:30,3.157760596,5.557900697,0.046538489,R1111
3/29/2025 0:00,3.215675916,5.769220001,0.327847619,R1111
3/29/2025 0:30,3.271755691,5.706760656,0.022732307,R1111
3/29/2025 1:00,3.149162267,5.499074358,0.038418956,R1111
3/29/2025 1:30,3.182515876,5.725521979,0.703969354,R1111
3/29/2025 2:00,3.13727268,5.578063237,-0.039486861,R1111
3/29/2025 2:30,3.213185754,5.71478766,0.472000253,R1111
3/29/2025 3:00,2.96937489,5.422573416,-0.321809746,R1111
3/29/2025 3:30,3.3066276,5.890453084,0.418048642,R1111
3/29/2025 4:00,3.225009949,5.695092625,0.068979085,R1111
3/29/2025 4:30,3.384540782,6.037159365,0.451956503,R1111
3/29/2025 5:00,3.237239199,5.857275967,0.366005406,R1111
3/29/2025 5:30,3.192555988,5.727227479,0.232633585,R1111
3/29/2025 6:00,3.254898335,5.8364908,0.002084113,R1111
3/29/2025 6:30,3.396665959,6.056113124,0.412808593,R1111
3/29/2025 7:00,5.351799368,9.052914526,3.89534212,R1111
3/29/2025 7:30,5.769028543,9.76468126,4.043450873,R1111
3/29/2025 8:00,13.73596592,19.80723984,14.93697538,R1111
3/29/2025 8:30,14.39394905,20.51571067,15.86326865,R1111
3/29/2025 9:00,15.18804327,21.76574325,17.782468,R1111
3/29/2025 9:30,15.9818409,22.71660375,17.94665467,R1111
3/29/2025 10:00,16.33302729,23.1154618,18.9648173,R1111
3/29/2025 10:30,16.56408734,23.32475698,19.11069847,R1111
3/29/2025 11:00,16.67976011,23.18598345,18.43163224,R1111
3/29/2025 11:30,16.56513198,23.23050081,18.10409239,R1111
3/29/2025 12:00,16.4807281,23.18038537,18.39717925,R1111
3/29/2025 12:30,16.44591231,23.0400927,18.21655471,R1111
3/29/2025 13:00,16.47561143,23.02534906,17.90119094,R1111
3/29/2025 13:30,16.39542148,22.89002978,17.32551869,R1111
3/29/2025 14:00,16.36022078,22.95432076,18.03881637,R1111
3/29/2025 14:30,16.5207438,23.195766,17.91140602,R1111
3/29/2025 15:00,16.24516417,22.74442971,17.91607926,R1111
3/29/2025 15:30,15.6362419,22.30312973,17.71071921,R1111
3/29/2025 16:00,14.56716353,21.01812216,16.00284179,R1111
3/29/2025 16:30,12.70099429,18.72411233,13.96804236,R1111
3/29/2025 17:00,9.993929785,14.82368913,9.853561674,R1111
3/29/2025 17:30,7.939106487,11.88099149,6.662246413,R1111
3/29/2025 18:00,5.92610139,9.099620387,4.057965708,R1111
3/29/2025 18:30,4.956451583,8.043700017,3.548394823,R1111
3/29/2025 19:00,4.240044417,6.989886297,2.613979833,R1111
3/29/2025 19:30,3.993227222,6.816523445,2.784495499,R1111
3/29/2025 20:00,3.561651659,6.35753818,1.812329778,R1111
3/29/2025 20:30,3.484414192,6.349921182,1.437948662,R1111
3/29/2025 21:00,3.287767513,6.064436291,1.212576829,R1111
3/29/2025 21:30,3.110994334,5.755878361,0.875270428,R1111
3/29/2025 22:00,3.256133692,5.906689999,0.556851885,R1111
3/29/2025 22:30,2.960967096,5.548513693,0.480343907,R1111
3/29/2025 23:00,3.254344636,5.999541344,1.056186457,R1111
3/29/2025 23:30,3.323840163,6.078487664,1.039045395,R1111
3/30/2025 0:00,3.303210011,5.9618431,0.586636062,R1111
3/30/2025 0:30,1.622086875,3.472741974,-1.939786926,R1111
3/30/2025 1:00,1.051171989,2.759763326,-3.172433431,R1111
3/30/2025 1:30,0.872717211,2.27249096,-3.743350682,R1111
3/30/2025 2:00,0.740221904,2.066309329,-3.507752115,R1111
3/30/2025 2:30,0.457360159,1.71074391,-4.294907785,R1111
3/30/2025 3:00,0.833424333,1.950910081,-4.085710992,R1111
3/30/2025 3:30,1.256272671,2.737226469,-3.597147493,R1111
3/30/2025 4:00,1.847797406,3.598639844,-3.397248603,R1111
3/30/2025 4:30,1.936667745,3.981988345,-2.842493164,R1111
3/30/2025 5:00,2.257964324,4.302219088,-3.22780698,R1111
3/30/2025 5:30,2.28906418,4.645657618,-2.264246397,R1111
3/30/2025 6:00,2.165280236,4.541435759,-2.637811415,R1111
3/30/2025 6:30,2.521135359,4.745157549,-1.917157157,R1111
3/30/2025 7:00,7.545346164,12.22750058,6.067324468,R1111
3/30/2025 7:30,9.326676063,14.37082053,8.512916691,R1111
3/30/2025 8:00,10.76507594,16.01522131,10.4543273,R1111
3/30/2025 8:30,12.79331069,18.26660291,13.08893134,R1111
3/30/2025 9:00,14.89195221,20.94803816,15.69369312,R1111
3/30/2025 9:30,15.99092212,22.36435583,17.37910351,R1111
3/30/2025 10:00,16.49696698,22.6136724,16.58970355,R1111
3/30/2025 10:30,16.68391478,22.57608339,16.04738592,R1111
3/30/2025 11:00,16.87492523,22.92765455,16.57177621,R1111
3/30/2025 11:30,16.75137783,23.21357683,16.74091727,R1111
3/30/2025 12:00,17.08314473,23.37581456,16.5359531,R1111
3/30/2025 12:30,17.15468974,23.43208871,16.69070988,R1111
3/30/2025 13:00,17.15130621,23.38465324,17.14391415,R1111
3/30/2025 13:30,17.18773758,23.41087206,17.14308588,R1111
3/30/2025 14:00,17.25481469,23.31749778,17.06505511,R1111
3/30/2025 14:30,17.12249313,23.29403073,16.61256194,R1111
3/30/2025 15:00,16.50508499,22.71845874,16.61225734,R1111
3/30/2025 15:30,15.92923364,22.04426903,15.86552427,R1111
3/30/2025 16:00,14.089297,19.80806256,14.18157727,R1111
3/30/2025 16:30,11.67975725,16.61912003,10.45621287,R1111
3/30/2025 17:00,8.578364974,12.47750212,6.080026314,R1111
3/30/2025 17:30,7.259404079,10.61030651,4.028041356,R1111
3/30/2025 18:00,5.373341309,7.977981627,2.328539448,R1111
3/30/2025 18:30,4.332801425,6.763319413,0.805750973,R1111
3/30/2025 19:00,3.905866489,6.227593235,1.106044182,R1111
3/30/2025 19:30,3.650861808,5.922829823,-0.853619476,R1111
3/30/2025 20:00,3.672545703,6.136484643,0.704756912,R1111
3/30/2025 20:30,3.400024902,5.664711519,-0.368419835,R1111
3/30/2025 21:00,3.3397214,5.621119996,-1.194058703,R1111
3/30/2025 21:30,3.539635034,5.831664991,-0.093500634,R1111
3/30/2025 22:00,3.404495225,5.467352602,-0.835606058,R1111
3/30/2025 22:30,3.355149783,5.456971145,-0.44459148,R1111
3/30/2025 23:00,3.421586531,5.68665788,-0.377634112,R1111
3/30/2025 23:30,3.511117066,5.513278615,-0.309258773,R1111
3/31/2025 0:00,3.415783874,5.704765539,-0.440947927,R1111
3/31/2025 0:30,3.567007093,5.818853449,-0.020444691,R1111
3/31/2025 1:00,3.582349617,5.808270449,0.559884842,R1111
3/31/2025 1:30,3.455622565,5.725646321,0.295005057,R1111
3/31/2025 2:00,3.761325796,5.931134445,0.164546861,R1111
3/31/2025 2:30,3.77869861,5.982270054,0.515197255,R1111
3/31/2025 3:00,3.802042639,6.054321848,0.222051802,R1111
3/31/2025 3:30,3.784787428,5.994700609,1.047812287,R1111
3/31/2025 4:00,3.587430275,5.840634513,0.539431721,R1111
3/31/2025 4:30,3.752492156,5.930096612,0.853166035,R1111
3/31/2025 5:00,3.890599187,5.903408231,0.436515751,R1111
3/31/2025 5:30,3.592840067,5.810251508,0.266418662,R1111
3/31/2025 6:00,3.611951226,5.813994027,1.036029653,R1111
3/31/2025 6:30,3.760577021,5.931127494,0.535441787,R1111
3/31/2025 7:00,11.57461402,17.00613856,12.12160274,R1111
3/31/2025 7:30,11.63816091,16.77264554,11.71111231,R1111
3/31/2025 8:00,12.27290017,17.30185375,12.92410458,R1111
3/31/2025 8:30,14.5487998,20.44722775,16.35389941,R1111
3/31/2025 9:00,15.11908997,21.46007407,17.4721901,R1111
3/31/2025 9:30,16.42738139,23.00080419,19.12457526,R1111
3/31/2025 10:00,17.16050835,23.2297494,19.18989391,R1111
3/31/2025 10:30,16.90602758,23.09482075,19.33745642,R1111
3/31/2025 11:00,16.60670374,22.66801514,17.98090552,R1111
3/31/2025 11:30,16.83922222,22.78953718,15.86184694,R1111
3/31/2025 12:00,17.35406665,23.84482902,17.57511476,R1111
3/31/2025 12:30,17.0042792,23.70033498,19.21231552,R1111
3/31/2025 13:00,16.9850628,23.21761354,18.76792542,R1111
3/31/2025 13:30,16.73706089,23.20537368,18.79527389,R1111
3/31/2025 14:00,16.13470452,21.85260214,16.47668079,R1111
3/31/2025 14:30,16.40744344,22.69452737,18.54798198,R1111
3/31/2025 15:00,16.42620881,23.04903098,18.87721695,R1111
3/31/2025 15:30,15.9762441,22.26609515,18.36398818,R1111
3/31/2025 16:00,14.00137807,19.68013522,16.22052361,R1111
3/31/2025 16:30,12.97731655,18.52254918,12.66346906,R1111
3/31/2025 17:00,10.27445064,14.97264583,10.88789167,R1111
3/31/2025 17:30,7.865395104,11.63403594,7.82322108,R1111
3/31/2025 18:00,6.083481103,9.111518827,5.33405724,R1111
3/31/2025 18:30,4.958739846,7.571340226,3.905669515,R1111
3/31/2025 19:00,4.622773147,6.627250988,3.562998824,R1111
3/31/2025 19:30,4.374896084,6.374437755,3.37093875,R1111
3/31/2025 20:00,3.970531863,6.010440025,2.931996892,R1111
3/31/2025 20:30,4.164579535,5.914112848,2.643328176,R1111
3/31/2025 21:00,4.149728972,5.953744216,2.864427107,R1111
3/31/2025 21:30,4.080221939,5.999672075,2.650483829,R1111
3/31/2025 22:00,4.102727796,5.872268696,2.480764442,R1111
3/31/2025 22:30,4.286679466,6.156961927,2.748795282,R1111
3/31/2025 23:00,4.117321572,5.772356781,1.740944934,R1111
3/31/2025 23:30,3.71075406,5.454961742,-0.807617679,R1111
4/1/2025 0:00,3.386776908,5.461482816,-1.133636495,R1111
4/1/2025 0:30,2.003636952,3.444164065,-3.037156515,R1111
4/1/2025 1:00,1.583069859,2.836541001,-1.324241166,R1111
4/1/2025 1:30,1.521831081,2.322273179,-2.318676879,R1111
4/1/2025 2:00,1.13659211,2.084256,-3.598466514,R1111
4/1/2025 2:30,1.036042233,1.715438661,-3.107402468,R1111
4/1/2025 3:00,1.1076155,1.931532797,-3.119674185,R1111
4/1/2025 3:30,1.275196836,2.363503785,-2.698170856,R1111
4/1/2025 4:00,1.816654887,3.190192677,-1.762173122,R1111
4/1/2025 4:30,1.999110053,3.74401399,-2.040142007,R1111
4/1/2025 5:00,2.247786991,4.121864768,-1.873149573,R1111
4/1/2025 5:30,2.396791626,4.407187518,-1.854084621,R1111
4/1/2025 6:00,2.307814132,4.235549068,-1.73105275,R1111
4/1/2025 6:30,2.541203039,4.664933632,-1.359118254,R1111
4/1/2025 7:00,4.43744555,7.508142776,1.637085532,R1111
4/1/2025 7:30,6.35626087,10.26293718,3.913285063,R1111
4/1/2025 8:00,8.65713288,13.71164303,7.825226777,R1111
4/1/2025 8:30,11.31509919,16.43385012,10.38293232,R1111
4/1/2025 9:00,12.79265086,18.49465897,13.26572079,R1111
4/1/2025 9:30,14.36209653,21.13539335,14.87491809,R1111
4/1/2025 10:00,15.46805201,22.30411837,15.73025464,R1111
4/1/2025 10:30,15.78883684,22.24586748,17.30660455,R1111
4/1/2025 11:00,15.92649623,22.54546014,16.45361044,R1111
4/1/2025 11:30,16.23229797,23.34795731,17.87903559,R1111
4/1/2025 12:00,15.78019306,22.50548318,15.65081043,R1111
4/1/2025 12:30,16.81723327,23.41698347,17.87843007,R1111
4/1/2025 13:00,16.03744358,22.9436488,17.45030135,R1111
4/1/2025 13:30,16.83748103,24.28919746,18.37587664,R1111
4/1/2025 14:00,17.17950916,24.81550535,18.7485926,R1111
4/1/2025 14:30,16.58610994,24.19305022,17.49119188,R1111
4/1/2025 15:00,16.24292805,23.13498942,17.04461257,R1111
4/1/2025 15:30,15.35418717,22.14954411,16.27008216,R1111
4/1/2025 16:00,14.23518142,21.06404531,15.45182394,R1111
4/1/2025 16:30,12.35982224,18.46864888,12.55109223,R1111
4/1/2025 17:00,8.811727826,13.82018576,7.582183247,R1111
4/1/2025 17:30,6.593085833,10.83368424,4.885541421,R1111
4/1/2025 18:00,4.483689107,7.719415348,1.729631747,R1111
4/1/2025 18:30,3.842491992,6.92899013,1.053184771,R1111
4/1/2025 19:00,3.390722023,6.108872914,0.183885848,R1111
4/1/2025 19:30,3.434415754,6.117611639,0.249821168,R1111
4/1/2025 20:00,3.014295299,5.948589079,0.025890847,R1111
4/1/2025 20:30,3.129833878,5.564970656,-0.285302946,R1111
4/1/2025 21:00,3.034428592,5.330616702,-0.904867981,R1111
4/1/2025 21:30,3.28140798,5.466136799,0.215355276,R1111
4/1/2025 22:00,3.289363809,5.506094359,-0.428381113,R1111
4/1/2025 22:30,3.289905856,5.397749358,-0.602919378,R1111
4/1/2025 23:00,3.297453185,5.472731179,-0.643338947,R1111
4/1/2025 23:30,3.424240238,5.560936124,-0.931642733,R1111
4/2/2025 0:00,3.397301656,5.611976425,-0.602621225,R1111
4/2/2025 0:30,3.470189156,5.479505741,-2.334441099,R1111
4/2/2025 1:00,3.368653786,5.385650255,-2.610001627,R1111
4/2/2025 1:30,3.638048599,5.62054417,-1.120054157,R1111
4/2/2025 2:00,3.349671799,5.452592773,-2.39434507,R1111
4/2/2025 2:30,3.642454296,5.691696004,-1.886661683,R1111
4/2/2025 3:00,3.611539156,5.595413036,-2.170342329,R1111
4/2/2025 3:30,3.655211791,5.734569469,-1.916753294,R1111
4/2/2025 4:00,3.542228508,5.553656394,-1.704792279,R1111
4/2/2025 4:30,3.700281483,5.860937505,-0.495809778,R1111
4/2/2025 5:00,3.80815335,5.834779257,-0.303187675,R1111
4/2/2025 5:30,3.819029397,5.818966648,-0.566754663,R1111
4/2/2025 6:00,3.838003804,5.928026949,-0.651376039,R1111
4/2/2025 6:30,3.806142403,5.729758118,-0.314877739,R1111
4/2/2025 7:00,10.4369156,15.30248373,8.725861571,R1111
4/2/2025 7:30,13.66365179,19.47916263,13.91213905,R1111
4/2/2025 8:00,14.34804548,20.27277734,14.36312371,R1111
4/2/2025 8:30,14.8945766,21.53119211,16.8871594,R1111
4/2/2025 9:00,15.46456776,21.95825972,17.44118697,R1111
4/2/2025 9:30,16.50082847,22.66458671,17.91590873,R1111
4/2/2025 10:00,15.53264164,21.16626678,16.64888906,R1111
4/2/2025 10:30,16.01292704,20.97858273,16.36115577,R1111
4/2/2025 11:00,16.38554938,21.35649037,16.06664331,R1111
4/2/2025 11:30,16.70083147,21.96824547,17.15246911,R1111
4/2/2025 12:00,16.4752977,21.65793202,16.75194929,R1111
4/2/2025 12:30,16.40334852,21.98369428,16.71491278,R1111
4/2/2025 13:00,16.23478384,22.09599508,16.5128162,R1111
4/2/2025 13:30,16.41742225,23.23487528,18.93248789,R1111
4/2/2025 14:00,15.58555492,21.95815869,17.01683517,R1111
4/2/2025 14:30,16.14590223,22.77751822,18.27861148,R1111
4/2/2025 15:00,15.61571173,21.97253045,17.35835706,R1111
4/2/2025 15:30,14.30366096,20.77179407,16.43382866,R1111
4/2/2025 16:00,13.24115183,19.19713014,14.6743462,R1111
4/2/2025 16:30,12.99581301,19.04320089,14.39165052,R1111
4/2/2025 17:00,9.134439445,13.73279292,8.748992735,R1111
4/2/2025 17:30,5.91520872,8.81293793,3.67622274,R1111
4/2/2025 18:00,4.395307782,6.764775122,1.851383877,R1111
4/2/2025 18:30,3.548253043,5.726797771,0.67034311,R1111
4/2/2025 19:00,2.792680829,4.817396455,-0.164139819,R1111
4/2/2025 19:30,2.460771139,4.221702697,-0.978286437,R1111
4/2/2025 20:00,2.325863326,3.99618801,-1.009722837,R1111
4/2/2025 20:30,2.324056564,3.625877628,-1.702288951,R1111
4/2/2025 21:00,2.097192427,3.661844288,-1.510832003,R1111
4/2/2025 21:30,2.480544733,4.147255218,-1.240240892,R1111
4/2/2025 22:00,2.534067675,4.210972168,-0.993484996,R1111
4/2/2025 22:30,2.889004705,4.859606322,-0.186322536,R1111
4/2/2025 23:00,3.353667753,5.302737242,-0.163463342,R1111
4/2/2025 23:30,3.248844421,5.300649842,0.341854915,R1111
4/3/2025 0:00,3.295829603,5.424507883,0.281084114,R1111
4/3/2025 0:30,1.646372598,3.259365546,-1.601999861,R1111
4/3/2025 1:00,0.992566524,2.421300828,-2.842878684,R1111
4/3/2025 1:30,0.913961235,2.131542827,-3.215730521,R1111
4/3/2025 2:00,0.539135854,1.862286569,-3.164395504,R1111
4/3/2025 2:30,0.607178495,1.604013645,-3.587059766,R1111
4/3/2025 3:00,-0.52523768,1.246564905,6.469483584,R1111
4/3/2025 3:30,-1.42053234,1.883557224,6.722056912,R1111
4/3/2025 4:00,-0.23730731,2.839692791,6.275451282,R1111
4/3/2025 4:30,0.511972881,3.717827663,6.077090005,R1111
4/3/2025 5:00,0.744604669,4.167426815,8.140355677,R1111
4/3/2025 5:30,0.626421595,4.108651389,7.195208342,R1111
4/3/2025 6:00,1.297046481,4.327944248,5.910082321,R1111
4/3/2025 6:30,1.129353616,4.428527292,7.649058554,R1111
4/3/2025 7:00,6.96815447,12.83991295,16.33919087,R1111
4/3/2025 7:30,7.555898249,13.12835766,15.0232622,R1111
4/3/2025 8:00,8.960578944,14.71908266,16.5370235,R1111
4/3/2025 8:30,10.7559038,17.12034594,19.3418731,R1111
4/3/2025 9:00,12.0163177,19.36152674,21.46948332,R1111
4/3/2025 9:30,13.54785336,21.05370751,23.01398909,R1111
4/3/2025 10:00,14.96194506,22.56561272,20.93983826,R1111
4/3/2025 10:30,14.83544776,22.55982702,23.33075247,R1111
4/3/2025 11:00,14.83964648,22.47752777,24.56761993,R1111
4/3/2025 11:30,15.13099978,22.36727003,24.22411559,R1111
4/3/2025 12:00,15.20002737,22.1997453,24.49264928,R1111
4/3/2025 12:30,15.03362434,22.16075276,24.65603439,R1111
4/3/2025 13:00,14.88870118,22.24682307,25.13480392,R1111
4/3/2025 13:30,14.90328568,22.27327128,24.22348897,R1111
4/3/2025 14:00,14.878562,22.44998277,24.04694159,R1111
4/3/2025 14:30,14.74056773,22.31307185,24.36693142,R1111
4/3/2025 15:00,14.44978497,22.18081209,23.90137733,R1111
4/3/2025 15:30,13.17944014,20.37592699,21.69069736,R1111
4/3/2025 16:00,11.63394698,18.65031347,19.7366501,R1111
4/3/2025 16:30,9.66797041,15.82334998,17.51818087,R1111
4/3/2025 17:00,5.72344689,10.3835041,12.18922385,R1111
4/3/2025 17:30,4.553657639,8.628182023,10.01686895,R1111
4/3/2025 18:00,2.781963257,6.148301885,7.446418545,R1111
4/3/2025 18:30,2.271241631,5.613172523,7.934234184,R1111
4/3/2025 19:00,1.905169374,5.491889719,7.730845726,R1111
4/3/2025 19:30,1.950712459,5.719148453,7.905993953,R1111
4/3/2025 20:00,1.870088966,5.76446031,7.817891241,R1111
4/3/2025 20:30,2.017253566,5.693530133,7.438499023,R1111
4/3/2025 21:00,1.824372522,5.43696943,8.914403154,R1111
4/3/2025 21:30,2.31484493,5.524116086,5.412818051,R1111
4/3/2025 22:00,1.684045498,5.231735933,8.180174921,R1111
4/3/2025 22:30,1.71102842,5.417763176,7.853327302,R1111
4/3/2025 23:00,1.690027785,5.327055448,8.075941224,R1111
4/3/2025 23:30,1.837205615,5.540326844,9.241209204,R1111
4/4/2025 0:00,1.732053461,5.545073088,8.768605746,R1111
4/4/2025 0:30,1.73736957,5.490652629,7.977028128,R1111
4/4/2025 1:00,1.662462026,5.245146457,7.663951257,R1111
4/4/2025 1:30,1.673001577,5.187369796,7.76058765,R1111
4/4/2025 2:00,1.983337298,5.208467373,7.567941694,R1111
4/4/2025 2:30,1.984468461,5.293485431,8.408547211,R1111
4/4/2025 3:00,1.982313415,5.228617561,7.646804214,R1111
4/4/2025 3:30,2.005292274,5.203039695,7.415332851,R1111
4/4/2025 4:00,1.771617999,5.354036963,7.83988064,R1111
4/4/2025 4:30,1.811465223,5.094146089,7.46240387,R1111
4/4/2025 5:00,1.780367724,5.150153202,8.061587878,R1111
4/4/2025 5:30,1.77943491,5.323785157,8.092765014,R1111
4/4/2025 6:00,1.912039056,5.323462386,7.577184304,R1111
4/4/2025 6:30,2.12437786,5.664679007,8.285135272,R1111
4/4/2025 7:00,3.399685649,7.815260029,10.24471995,R1111
4/4/2025 7:30,9.122645425,15.68885627,15.83573722,R1111
4/4/2025 8:00,11.86456996,18.73026273,20.8038106,R1111
4/4/2025 8:30,13.00566909,19.34457535,18.20490897,R1111
4/4/2025 9:00,13.43304871,20.36953675,21.66249557,R1111
4/4/2025 9:30,14.36732763,21.70353537,23.59023562,R1111
4/4/2025 10:00,15.67953563,22.37010923,20.06294807,R1111
4/4/2025 10:30,15.41871052,22.4077974,24.66771926,R1111
4/4/2025 11:00,15.0677335,21.8774188,23.37979888,R1111
4/4/2025 11:30,14.35722578,21.54845139,23.16543402,R1111
4/4/2025 12:00,14.13176514,21.6445191,23.14135151,R1111
4/4/2025 12:30,14.35332071,21.61282117,22.36250972,R1111
4/4/2025 13:00,12.12849619,19.10009608,20.57897786,R1111
4/4/2025 13:30,12.2737556,19.68416142,21.35218335,R1111
4/4/2025 14:00,15.5155377,23.62087414,26.40925785,R1111
4/4/2025 14:30,14.52821422,22.01836713,23.92679151,R1111
4/4/2025 15:00,14.68390167,21.62914361,18.6787292,R1111
4/4/2025 15:30,12.91923035,19.20794783,15.21534259,R1111
4/4/2025 16:00,12.41457161,18.1969181,13.51483258,R1111
4/4/2025 16:30,11.17852047,17.02417468,13.89597826,R1111
4/4/2025 17:00,5.515667666,9.03196271,5.586629062,R1111
4/4/2025 17:30,3.892597193,7.504683472,9.131798681,R1111
4/4/2025 18:00,3.959240924,6.697595108,3.436627405,R1111
4/4/2025 18:30,3.087665019,6.571278361,8.436360067,R1111
4/4/2025 19:00,2.457880371,6.019475368,7.879849099,R1111
4/4/2025 19:30,2.226067661,5.672184614,7.575658673,R1111
4/4/2025 20:00,2.259636915,5.642070587,7.853575294,R1111
4/4/2025 20:30,2.330118199,5.693647501,7.183406527,R1111
4/4/2025 21:00,2.7678798,5.871671366,4.837560542,R1111
4/4/2025 21:30,2.317824677,5.348032422,6.093195291,R1111
4/4/2025 22:00,2.099830664,5.255927468,6.611202715,R1111
4/4/2025 22:30,2.993224206,4.883113945,-1.371289237,R1111
4/4/2025 23:00,2.907194194,4.826921318,-0.999274028,R1111
4/4/2025 23:30,3.030517286,4.840193596,-0.411996799,R1111
4/5/2025 0:00,3.230622402,4.967154688,0.660741525,R1111
4/5/2025 0:30,3.056916788,5.078853846,0.573850064,R1111
4/5/2025 1:00,3.163518923,5.036271555,0.418923148,R1111
4/5/2025 1:30,3.293947886,5.239809718,1.243403266,R1111
4/5/2025 2:00,3.180720174,4.953367523,0.610888015,R1111
4/5/2025 2:30,3.456565804,5.497921281,1.539732968,R1111
4/5/2025 3:00,3.247272242,5.412844322,1.565582377,R1111
4/5/2025 3:30,3.578459497,5.728421984,2.110909326,R1111
4/5/2025 4:00,3.277488011,5.27916323,1.552984249,R1111
4/5/2025 4:30,3.463633905,5.658304689,3.096806198,R1111
4/5/2025 5:00,3.436510622,5.58001712,2.202167438,R1111
4/5/2025 5:30,3.523885154,5.747274582,3.057971033,R1111
4/5/2025 6:00,3.463096847,5.740337179,2.356799575,R1111
4/5/2025 6:30,4.016393232,6.467120322,2.602550819,R1111
4/5/2025 7:00,11.98536614,17.26431934,13.21601394,R1111
4/5/2025 7:30,11.03145483,16.00545909,12.7452565,R1111
4/5/2025 8:00,11.81116165,16.98978615,13.91607385,R1111
4/5/2025 8:30,12.4550638,17.87900373,14.27839664,R1111
4/5/2025 9:00,13.43171131,19.12250265,15.30516548,R1111
4/5/2025 9:30,14.275748,20.04596922,16.67537295,R1111
4/5/2025 10:00,14.88952226,20.54428685,17.00023481,R1111
4/5/2025 10:30,15.17056338,21.19650955,17.79762099,R1111
4/5/2025 11:00,15.27641583,21.3404128,17.98119496,R1111
4/5/2025 11:30,15.71519034,22.13347343,18.65873898,R1111
4/5/2025 12:00,14.96659374,21.84686825,18.52060208,R1111
4/5/2025 12:30,17.77205852,26.85140073,24.53408448,R1111
4/5/2025 13:00,17.30459142,25.82553818,23.56030514,R1111
4/5/2025 13:30,16.2482261,23.96406502,21.10496334,R1111
4/5/2025 14:00,15.67336371,22.72255415,20.09244029,R1111
4/5/2025 14:30,15.48851033,21.88652196,19.72525412,R1111
4/5/2025 15:00,12.90097221,18.99166997,16.08120054,R1111
4/5/2025 15:30,12.08044005,18.13386501,15.051712,R1111
4/5/2025 16:00,10.69781595,16.01635835,12.53137745,R1111
4/5/2025 16:30,9.048429619,13.71078538,9.917907203,R1111
4/5/2025 17:00,7.243574835,11.66417825,8.162988012,R1111
4/5/2025 17:30,5.576814619,9.444532305,5.843011414,R1111
4/5/2025 18:00,3.992363253,6.910948547,3.701896726,R1111
4/5/2025 18:30,4.133535639,7.191109168,3.983900584,R1111
4/5/2025 19:00,3.626093382,6.375833858,3.426845235,R1111
4/5/2025 19:30,3.618636531,6.362612576,3.52981406,R1111
4/5/2025 20:00,3.643963798,6.304259598,3.357613998,R1111
4/5/2025 20:30,3.456617891,5.817104463,3.165754792,R1111
4/5/2025 21:00,3.517893086,6.15443563,3.222596647,R1111
4/5/2025 21:30,3.31513716,5.996208142,3.048934323,R1111
4/5/2025 22:00,3.106910197,5.961047541,3.396153403,R1111
4/5/2025 22:30,3.054391749,5.806741974,2.747239396,R1111
4/5/2025 23:00,2.982008099,5.719666056,2.854383081,R1111
4/5/2025 23:30,3.090793823,5.832974624,2.116604662,R1111
4/6/2025 0:00,2.893742904,5.491857785,2.243980564,R1111
4/6/2025 0:30,1.300694856,3.286982552,0.694776505,R1111
4/6/2025 1:00,0.960541862,2.84606132,0.305498342,R1111
4/6/2025 1:30,0.58449027,2.106764725,-1.024055192,R1111
4/6/2025 2:00,0.405014892,2.169786177,-1.20181175,R1111
4/6/2025 2:30,0.376376783,1.702225063,-1.525927326,R1111
4/6/2025 3:00,0.428472701,1.701829441,-2.15363097,R1111
4/6/2025 3:30,0.841090381,2.661619789,-1.457326564,R1111
4/6/2025 4:00,1.417415239,3.49080977,-0.826882291,R1111
4/6/2025 4:30,1.823408389,4.237310024,-0.016694092,R1111
4/6/2025 5:00,2.016201478,4.535922203,0.102824402,R1111
4/6/2025 5:30,2.015228981,4.564179135,0.180107018,R1111
4/6/2025 6:00,2.145695814,4.929206827,1.020553628,R1111
4/6/2025 6:30,2.297493973,5.309480911,1.042435146,R1111
4/6/2025 7:00,9.371154408,15.22672282,11.5049778,R1111
4/6/2025 7:30,8.925953114,14.34072608,10.71827523,R1111
4/6/2025 8:00,10.00113909,15.6138141,12.05124561,R1111
4/6/2025 8:30,11.87481915,18.28460264,14.85784316,R1111
4/6/2025 9:00,13.18374043,20.39405713,17.05673588,R1111
4/6/2025 9:30,14.4662267,21.8200966,18.43594388,R1111
4/6/2025 10:00,15.22149496,22.15633871,19.45169817,R1111
4/6/2025 10:30,14.71541209,22.74038126,19.49818853,R1111
4/6/2025 11:00,15.19030539,22.18290665,19.26659228,R1111
4/6/2025 11:30,15.15359409,22.0211459,18.71301425,R1111
4/6/2025 12:00,15.24052472,22.26563419,18.42637881,R1111
4/6/2025 12:30,15.1900416,22.02884346,18.23888063,R1111
4/6/2025 13:00,15.28313665,21.82026203,18.10772557,R1111
4/6/2025 13:30,15.19645439,21.95553816,17.85922533,R1111
4/6/2025 14:00,15.01815698,21.11575417,17.99903554,R1111
4/6/2025 14:30,15.13733925,21.94454716,18.67263441,R1111
4/6/2025 15:00,14.53673131,21.17011508,17.8809553,R1111
4/6/2025 15:30,13.46165634,19.7302047,16.45017728,R1111
4/6/2025 16:00,11.3626305,17.13831224,13.66486434,R1111
4/6/2025 16:30,9.63040771,14.88658012,11.08948631,R1111
4/6/2025 17:00,6.838287865,11.00116003,7.335318094,R1111
4/6/2025 17:30,5.472569674,8.913550715,4.975293638,R1111
4/6/2025 18:00,3.628217734,6.246267869,2.620640771,R1111
4/6/2025 18:30,3.38106377,6.167273711,2.745294934,R1111
4/6/2025 19:00,2.928243573,5.569311613,2.058484392,R1111
4/6/2025 19:30,2.935457998,5.735815104,2.443155836,R1111
4/6/2025 20:00,3.069372448,5.74988259,2.412331106,R1111
4/6/2025 20:30,3.007878641,5.863801391,2.687224366,R1111
4/6/2025 21:00,3.157522945,6.096816202,2.27611956,R1111
4/6/2025 21:30,2.958832279,5.906656412,2.240429893,R1111
4/6/2025 22:00,3.018894569,5.812948818,1.770093111,R1111
4/6/2025 22:30,2.947015639,5.552850464,1.409763133,R1111
4/6/2025 23:00,2.842223625,5.777738674,1.812187171,R1111
4/6/2025 23:30,2.87855525,5.515654247,1.230794445,R1111
4/7/2025 0:00,2.748722786,5.513739454,1.401225483,R1111
4/7/2025 0:30,3.065981296,5.702550551,1.875601886,R1111
4/7/2025 1:00,2.925351589,5.43478387,1.6475048,R1111
4/7/2025 1:30,3.106560246,5.87384751,1.924316364,R1111
4/7/2025 2:00,3.094214784,5.812047307,2.147653879,R1111
4/7/2025 2:30,3.017105746,5.650482737,2.371129549,R1111
4/7/2025 3:00,2.974736403,5.643716173,1.894058462,R1111
4/7/2025 3:30,3.072190693,5.592943516,2.171112337,R1111
4/7/2025 4:00,3.02449952,5.554765325,2.09782783,R1111
4/7/2025 4:30,3.194536947,5.85437112,2.216933863,R1111
4/7/2025 5:00,3.175046544,5.531617355,1.826605735,R1111
4/7/2025 5:30,3.309577692,5.695400568,2.201218383,R1111
4/7/2025 6:00,3.430216716,5.690844948,1.808548874,R1111
4/7/2025 6:30,3.96053816,6.210628558,2.415614053,R1111
4/7/2025 7:00,11.11517777,16.68187594,13.76613777,R1111
4/7/2025 7:30,11.78472278,17.79668445,14.86725483,R1111
4/7/2025 8:00,12.57794517,19.32741379,17.27937567,R1111
4/7/2025 8:30,12.83366324,19.55282222,16.19608249,R1111
4/7/2025 9:00,13.87564307,20.53030935,17.623116,R1111
4/7/2025 9:30,13.74137097,19.9266184,17.05736066,R1111
4/7/2025 10:00,14.86803113,19.24791122,16.37771991,R1111
4/7/2025 10:30,15.69435763,19.96760613,17.15117711,R1111
4/7/2025 11:00,15.78787189,20.55246701,17.59696782,R1111
4/7/2025 11:30,15.67779787,20.90725312,18.03790657,R1111
4/7/2025 12:00,15.59813199,20.67761385,17.84377298,R1111
4/7/2025 12:30,15.40681548,20.65184311,18.09413977,R1111
4/7/2025 13:00,15.62596721,20.86274831,18.57139229,R1111
4/7/2025 13:30,15.99664903,21.38084366,18.84345527,R1111
4/7/2025 14:00,16.80794949,22.39955115,19.51916476,R1111
4/7/2025 14:30,16.31488242,22.6409305,19.80399017,R1111
4/7/2025 15:00,15.54108079,21.36536198,19.2197359,R1111
4/7/2025 15:30,14.47515554,19.97017538,17.12312397,R1111
4/7/2025 16:00,12.84270236,17.89765996,14.71801732,R1111
4/7/2025 16:30,11.21900569,16.0116047,12.95991809,R1111
4/7/2025 17:00,9.906229065,14.22607841,10.94257627,R1111
4/7/2025 17:30,6.460712998,9.564173498,6.099592468,R1111
4/7/2025 18:00,4.904228662,7.054639017,3.414916852,R1111
4/7/2025 18:30,4.161087921,6.427550188,3.879764756,R1111
4/7/2025 19:00,3.358291442,5.362362054,3.084632353,R1111
4/7/2025 19:30,3.235024033,5.163587041,2.606408431,R1111
4/7/2025 20:00,3.143109041,5.275304021,2.313240323,R1111
4/7/2025 20:30,3.061594507,5.085100673,2.135668004,R1111
4/7/2025 21:00,3.246971009,5.383863887,2.896606738,R1111
4/7/2025 21:30,3.047388675,5.154816227,2.388724573,R1111
4/7/2025 22:00,3.12403806,5.197051162,2.0909967,R1111
4/7/2025 22:30,3.027855581,5.152373788,1.957944592,R1111
4/7/2025 23:00,3.028014799,5.077412284,1.892614552,R1111
4/7/2025 23:30,3.137199191,5.249318482,1.984799883,R1111
4/8/2025 0:00,2.910398162,4.962087405,1.199250977,R1111
4/8/2025 0:30,1.640994999,3.264034808,-1.525530827,R1111
4/8/2025 1:00,0.909372235,2.397849181,-0.860811867,R1111
4/8/2025 1:30,0.618244327,1.869650425,-2.078232726,R1111
4/8/2025 2:00,0.394478594,1.696363635,-3.418029127,R1111
4/8/2025 2:30,0.460366803,1.656251871,-2.683310179,R1111
4/8/2025 3:00,0.267725188,1.433070244,-2.382006748,R1111
4/8/2025 3:30,0.685244336,1.965607423,-2.378576935,R1111
4/8/2025 4:00,1.051633123,2.506616929,-1.551995743,R1111
4/8/2025 4:30,1.204502638,2.988383314,-1.248732837,R1111
4/8/2025 5:00,1.297287261,3.20296205,-0.219231974,R1111
4/8/2025 5:30,1.539638399,3.536636635,-0.264680764,R1111
4/8/2025 6:00,1.664993773,4.078133243,-0.530567528,R1111
4/8/2025 6:30,2.313625534,5.054236516,0.306415073,R1111
4/8/2025 7:00,7.62634329,12.72122987,7.167748157,R1111
4/8/2025 7:30,8.47649726,13.75087638,9.302580317,R1111
4/8/2025 8:00,9.414568856,14.850066,10.53293846,R1111
4/8/2025 8:30,11.7333991,18.35404313,14.43749332,R1111
4/8/2025 9:00,13.22168305,20.37998757,16.57179761,R1111
4/8/2025 9:30,15.13064509,21.11022243,18.50191606,R1111
4/8/2025 10:00,15.91951749,23.13775309,19.0659547,R1111
4/8/2025 10:30,16.48031992,23.63829475,19.15824244,R1111
4/8/2025 11:00,16.57654479,23.71671667,19.71368984,R1111
4/8/2025 11:30,16.09790764,22.57355415,19.35095656,R1111
4/8/2025 12:00,15.60819346,22.98103626,18.67588211,R1111
4/8/2025 12:30,16.11812275,23.06826014,19.49940182,R1111
4/8/2025 13:00,15.89321764,23.17422427,18.85119231,R1111
4/8/2025 13:30,16.67487826,23.51954263,18.93993104,R1111
4/8/2025 14:00,16.488798,23.28536662,18.59100024,R1111
4/8/2025 14:30,15.84727531,22.60462447,17.96407365,R1111
4/8/2025 15:00,15.34486752,21.79327343,17.00697387,R1111
4/8/2025 15:30,14.0110006,20.22451596,15.77189692,R1111
4/8/2025 16:00,12.09922627,17.72148032,12.57857879,R1111
4/8/2025 16:30,10.36870046,15.38904874,11.66402615,R1111
4/8/2025 17:00,7.238084993,11.15233454,7.030881166,R1111
4/8/2025 17:30,6.643444687,10.10301857,6.73272979,R1111
4/8/2025 18:00,4.380339657,7.138166303,4.053540996,R1111
4/8/2025 18:30,3.46500185,5.957724535,2.623048084,R1111
4/8/2025 19:00,3.085152475,5.476339425,2.773796485,R1111
4/8/2025 19:30,2.850487741,5.359307817,1.074153888,R1111
4/8/2025 20:00,2.835870286,5.365118388,1.217060548,R1111
4/8/2025 20:30,2.704614042,5.311223427,1.153168348,R1111
4/8/2025 21:00,3.12760947,5.938913602,2.662280197,R1111
4/8/2025 21:30,3.012455323,5.736196132,2.499840481,R1111
4/8/2025 22:00,2.91798437,5.445697783,0.908777948,R1111
4/8/2025 22:30,2.95965994,5.475286202,1.20215641,R1111
4/8/2025 23:00,3.135367477,5.706489157,1.723963125,R1111
4/8/2025 23:30,3.117320212,5.429332682,0.647649391,R1111
4/9/2025 0:00,3.116845715,5.579919573,0.308475504,R1111
4/9/2025 0:30,3.145996733,5.549713228,1.019913982,R1111
4/9/2025 1:00,3.218143856,5.768650193,1.827140761,R1111
4/9/2025 1:30,3.226612067,5.690265481,2.503571229,R1111
4/9/2025 2:00,3.329092852,5.735120032,1.835324872,R1111
4/9/2025 2:30,3.202153049,5.707947999,1.487593247,R1111
4/9/2025 3:00,3.232052779,5.787519122,1.830328653,R1111
4/9/2025 3:30,3.22613602,5.744088468,0.470028755,R1111
4/9/2025 4:00,3.089938615,5.729993616,2.26639387,R1111
4/9/2025 4:30,3.315270244,5.971122346,2.232717717,R1111
4/9/2025 5:00,3.168478512,5.68747351,1.821451918,R1111
4/9/2025 5:30,3.295346428,5.955846056,2.373501785,R1111
4/9/2025 6:00,3.259535638,5.746541479,2.115839978,R1111
4/9/2025 6:30,5.216812864,8.782897405,3.890564236,R1111
4/9/2025 7:00,10.11157448,15.28364339,10.72647593,R1111
4/9/2025 7:30,10.61156399,15.28010101,9.823072808,R1111
4/9/2025 8:00,11.85936278,16.8180736,11.93001144,R1111
4/9/2025 8:30,12.94652738,19.22255051,16.08273809,R1111
4/9/2025 9:00,14.59109911,21.38759672,17.09436541,R1111
4/9/2025 9:30,15.9095473,22.6781993,17.89722161,R1111
4/9/2025 10:00,17.00942521,23.84303773,19.97456481,R1111
4/9/2025 10:30,17.36763447,23.84763332,19.11458184,R1111
4/9/2025 11:00,17.27578235,23.89149475,19.62949541,R1111
4/9/2025 11:30,17.11010746,23.81743215,19.33428399,R1111
4/9/2025 12:00,17.14252206,23.28855208,19.34331911,R1111
4/9/2025 12:30,17.17263351,23.68035397,19.35009378,R1111
4/9/2025 13:00,16.84198624,23.53580338,18.78539012,R1111
4/9/2025 13:30,17.08903929,23.55977706,19.4228679,R1111
4/9/2025 14:00,16.89902638,23.18328411,19.2123685,R1111
4/9/2025 14:30,16.66592052,22.82855962,18.25114273,R1111
4/9/2025 15:00,15.93374669,22.07700204,18.3117222,R1111
4/9/2025 15:30,14.51434391,20.36301442,16.42170117,R1111
4/9/2025 16:00,12.33779535,17.49553441,13.69470523,R1111
4/9/2025 16:30,10.61621526,15.29863086,11.81191779,R1111
4/9/2025 17:00,8.291662151,12.08317382,8.302856084,R1111
4/9/2025 17:30,6.960696856,9.905632937,5.850432492,R1111
4/9/2025 18:00,5.117707509,7.415100082,3.364591309,R1111
4/9/2025 18:30,4.336938866,6.476978123,2.487842176,R1111
4/9/2025 19:00,3.630433228,5.721994847,3.027376299,R1111
4/9/2025 19:30,3.329211807,5.38207845,1.594606141,R1111
4/9/2025 20:00,3.401284927,5.466816441,1.294775442,R1111
4/9/2025 20:30,3.396364866,5.503919229,1.494587477,R1111
4/9/2025 21:00,3.524115462,5.458210277,1.359132913,R1111
4/9/2025 21:30,3.40820182,5.420680589,1.387120648,R1111
4/9/2025 22:00,3.34094726,5.443973192,1.276204944,R1111
4/9/2025 22:30,3.544141741,5.673537623,1.583328376,R1111
4/9/2025 23:00,3.66965066,5.512771381,1.553569178,R1111
4/9/2025 23:30,3.58933237,5.692481989,0.963205652,R1111
4/10/2025 0:00,3.556710612,5.760345532,1.76604463,R1111
4/10/2025 0:30,1.877581081,3.744108828,0.963287951,R1111
4/10/2025 1:00,1.167040345,3.050602176,-0.096401517,R1111
4/10/2025 1:30,0.567139126,2.168228459,-0.726361546,R1111
4/10/2025 2:00,0.675998263,2.267378814,-0.755914255,R1111
4/10/2025 2:30,0.559907951,1.930698736,-1.189652169,R1111
4/10/2025 3:00,0.491057236,2.019431855,-3.218792046,R1111
4/10/2025 3:30,0.988240485,2.666630405,-2.056547777,R1111
4/10/2025 4:00,1.657704682,3.60186441,-1.255453994,R1111
4/10/2025 4:30,2.204790791,4.008842131,-1.134011217,R1111
4/10/2025 5:00,2.615146913,4.506531357,0.528553085,R1111
4/10/2025 5:30,2.839884347,4.564278721,1.015094482,R1111
4/10/2025 6:00,2.895557403,4.749976543,-0.723073398,R1111
4/10/2025 6:30,4.607543661,7.182949137,2.339101662,R1111
4/10/2025 7:00,8.996459751,13.54866605,9.884046385,R1111
4/10/2025 7:30,9.334395544,13.70080555,9.2943896,R1111
4/10/2025 8:00,10.9052474,15.33362725,11.95139577,R1111
4/10/2025 8:30,12.13412012,17.34320622,13.83782927,R1111
4/10/2025 9:00,13.4923314,19.46211263,16.48246589,R1111
4/10/2025 9:30,15.11062411,21.55264305,18.82001411,R1111
4/10/2025 10:00,16.14072997,22.43550211,18.64856638,R1111
4/10/2025 10:30,17.00931227,23.18858238,20.09179151,R1111
4/10/2025 11:00,16.70270203,22.90439435,19.91050995,R1111
4/10/2025 11:30,16.8640523,22.93564285,19.02965831,R1111
4/10/2025 12:00,16.39294635,22.62761125,19.06780551,R1111
4/10/2025 12:30,16.31496259,22.85604658,19.75449303,R1111
4/10/2025 13:00,16.32786171,22.472806,17.93463277,R1111
4/10/2025 13:30,16.39486633,22.71942783,19.77566993,R1111
4/10/2025 14:00,16.14900554,22.37152365,18.62279937,R1111
4/10/2025 14:30,16.00836113,21.96107634,19.48104987,R1111
4/10/2025 15:00,15.21105626,20.93278368,17.83211894,R1111
4/10/2025 15:30,13.62842183,19.08402456,16.14965888,R1111
4/10/2025 16:00,11.03206513,15.61928101,12.1191289,R1111
4/10/2025 16:30,8.05557362,11.70837782,8.292912739,R1111
4/10/2025 17:00,7.292379938,10.32793815,5.951870147,R1111
4/10/2025 17:30,5.483036266,8.181609233,6.041333109,R1111
4/10/2025 18:00,4.270169006,6.3191478,4.628250322,R1111
4/10/2025 18:30,4.17039095,5.648240495,0.959397327,R1111
4/10/2025 19:00,2.149049096,4.827295234,7.928861387,R1111
4/10/2025 19:30,2.882730745,4.647418949,3.215404121,R1111
4/10/2025 20:00,2.890724288,4.910575232,3.950989199,R1111
4/10/2025 20:30,2.222512871,4.892116794,7.394830329,R1111
4/10/2025 21:00,1.982842667,4.962156785,8.416905699,R1111
4/10/2025 21:30,2.447902487,5.165031212,6.586226,R1111
4/10/2025 22:00,2.773967301,5.280424499,4.244983202,R1111
4/10/2025 22:30,1.747612852,5.065117749,8.526593362,R1111
4/10/2025 23:00,2.793207123,5.110656457,4.759132563,R1111
4/10/2025 23:30,1.898111723,5.118277273,8.462964243,R1111
4/11/2025 0:00,2.546579063,5.226584771,6.6250995,R1111
4/11/2025 0:30,2.135093324,5.359397774,8.281405678,R1111
4/11/2025 1:00,2.546485363,5.375855991,6.868189325,R1111
4/11/2025 1:30,2.403410275,5.412577757,7.652503972,R1111
4/11/2025 2:00,2.927462924,5.368731085,4.069410848,R1111
4/11/2025 2:30,2.189783877,5.54519945,8.312900093,R1111
4/11/2025 3:00,3.462868924,5.638668138,-0.099688347,R1111
4/11/2025 3:30,2.199908656,5.554231291,8.549628097,R1111
4/11/2025 4:00,2.200132554,5.633230151,8.540931939,R1111
4/11/2025 4:30,2.063186896,5.194678111,8.713569271,R1111
4/11/2025 5:00,2.354681132,5.520796171,7.977274089,R1111
4/11/2025 5:30,2.042625878,5.355221753,8.936610308,R1111
4/11/2025 6:00,2.91996968,5.424739649,2.979096424,R1111
4/11/2025 6:30,4.469505787,8.748128309,11.92728496,R1111
4/11/2025 7:00,9.036664452,14.57423409,16.67905413,R1111
4/11/2025 7:30,9.613156263,14.13732554,11.71470587,R1111
4/11/2025 8:00,10.32880619,15.95769295,17.12260733,R1111
4/11/2025 8:30,12.31122925,17.17467359,17.17515637,R1111
4/11/2025 9:00,13.99698068,21.38778314,23.66704261,R1111
4/11/2025 9:30,16.36962577,23.38495938,19.60172024,R1111
4/11/2025 10:00,17.27564245,24.20689873,21.11541769,R1111
4/11/2025 10:30,17.27791765,24.19871979,21.62216716,R1111
4/11/2025 11:00,16.98191105,23.34535956,21.40364876,R1111
4/11/2025 11:30,16.93226816,22.63354268,19.79595624,R1111
4/11/2025 12:00,16.59492169,22.32997839,20.04936318,R1111
4/11/2025 12:30,16.60168497,22.28188744,19.11559181,R1111
4/11/2025 13:00,16.58733811,22.3304231,19.18275798,R1111
4/11/2025 13:30,16.47632439,22.40418572,19.28659751,R1111
4/11/2025 14:00,16.36293535,22.27268861,19.43932006,R1111
4/11/2025 14:30,16.28192922,21.82954082,18.5168859,R1111
4/11/2025 15:00,15.23334151,20.64288255,16.82855452,R1111
4/11/2025 15:30,13.11826442,18.19865035,14.88435564,R1111
4/11/2025 16:00,12.13589007,17.0394134,14.04799479,R1111
4/11/2025 16:30,8.935260298,12.93366497,9.862550296,R1111
4/11/2025 17:00,7.70139769,10.61586558,7.648072654,R1111
4/11/2025 17:30,7.171860469,9.786010248,6.95895132,R1111
4/11/2025 18:00,5.917261549,8.156559056,4.64421234,R1111
4/11/2025 18:30,4.701285247,6.737954027,3.941082397,R1111
4/11/2025 19:00,3.972941919,5.669628097,2.065146221,R1111
4/11/2025 19:30,3.626561624,5.248472262,2.513074088,R1111
4/11/2025 20:00,3.488691235,5.204727034,3.022490498,R1111
4/11/2025 20:30,3.436450427,5.318817433,2.974525327,R1111
4/11/2025 21:00,3.353305923,5.29536986,2.821753028,R1111
4/11/2025 21:30,3.574894623,5.383441834,1.685202193,R1111
4/11/2025 22:00,3.508412143,5.419897878,2.177572959,R1111
4/11/2025 22:30,3.754727098,5.654454707,2.875582371,R1111
4/11/2025 23:00,3.636287166,5.709207088,2.877013193,R1111
4/11/2025 23:30,3.735655912,5.735117411,2.645788774,R1111
4/12/2025 0:00,3.852268857,5.807207479,2.51576717,R1111
4/12/2025 0:30,3.692055305,5.795160065,2.542547521,R1111
4/12/2025 1:00,3.800959228,5.85006179,2.702703149,R1111
4/12/2025 1:30,3.731584694,5.877536428,2.933387365,R1111
4/12/2025 2:00,3.498674028,5.519866663,2.443987052,R1111
4/12/2025 2:30,3.622256838,5.976253229,2.590273297,R1111
4/12/2025 3:00,3.633280368,5.920143093,2.333389251,R1111
4/12/2025 3:30,3.609675377,5.819023616,2.881667745,R1111
4/12/2025 4:00,3.190940841,5.243355456,2.323174403,R1111
4/12/2025 4:30,2.776036725,4.808277524,1.919468461,R1111
4/12/2025 5:00,2.663054828,4.695151827,1.928185862,R1111
4/12/2025 5:30,2.398823546,4.394041503,1.447305268,R1111
4/12/2025 6:00,2.282861765,4.369098861,1.385627083,R1111
4/12/2025 6:30,3.628300303,6.329049344,3.113708352,R1111
4/12/2025 7:00,8.102063866,12.87400712,8.298853868,R1111
4/12/2025 7:30,8.007300611,12.65881225,7.571694914,R1111
4/12/2025 8:00,8.317452163,12.80361734,9.204291788,R1111
4/12/2025 8:30,8.713652454,13.71424177,10.17375593,R1111
4/12/2025 9:00,9.388869597,14.54353578,11.59361574,R1111
4/12/2025 9:30,10.67478133,16.22669743,12.90967128,R1111
4/12/2025 10:00,12.02524616,17.95928306,14.82262326,R1111
4/12/2025 10:30,13.1142026,19.20201241,16.45092303,R1111
4/12/2025 11:00,12.74842622,18.71553985,15.70887483,R1111
4/12/2025 11:30,12.64434235,18.4500597,15.07936255,R1111
4/12/2025 12:00,12.52260244,18.33158066,15.76324112,R1111
4/12/2025 12:30,12.58658041,18.34605745,15.76776737,R1111
4/12/2025 13:00,12.84541617,18.41566895,15.71917043,R1111
4/12/2025 13:30,13.04518734,18.64727832,15.91589434,R1111
4/12/2025 14:00,12.61496031,18.37734599,15.52606097,R1111
4/12/2025 14:30,12.56428818,18.079495,14.98333164,R1111
4/12/2025 15:00,11.99772129,17.13000924,14.20577129,R1111
4/12/2025 15:30,10.90229292,15.8058985,12.68710188,R1111
4/12/2025 16:00,9.378223705,13.54091301,10.32462684,R1111
4/12/2025 16:30,8.40243894,12.20684158,8.512776401,R1111
4/12/2025 17:00,5.175926398,7.318575385,3.975852338,R1111
4/12/2025 17:30,5.178047142,6.787865905,3.395546283,R1111
4/12/2025 18:00,4.071998896,5.395619261,0.999829589,R1111
4/12/2025 18:30,3.880139324,4.880485123,1.780144158,R1111
4/12/2025 19:00,3.203931198,4.259774773,1.821550322,R1111
4/12/2025 19:30,2.987146847,4.094744393,1.876151912,R1111
4/12/2025 20:00,2.957081196,4.154768931,2.081505085,R1111
4/12/2025 20:30,2.88942947,4.209412756,1.986179713,R1111
4/12/2025 21:00,2.766329673,4.140256986,1.812486931,R1111
4/12/2025 21:30,2.760359745,4.205861436,1.214192211,R1111
4/12/2025 22:00,2.586537714,4.087714372,1.659222,R1111
4/12/2025 22:30,2.542692583,4.054858034,0.723269917,R1111
4/12/2025 23:00,2.584844624,4.046058774,1.574357542,R1111
4/12/2025 23:30,2.397341927,4.028932196,1.607006005,R1111
4/13/2025 0:00,2.387116955,3.954321379,1.473656549,R1111
4/13/2025 0:30,1.735956401,3.047293424,0.216536481,R1111
4/13/2025 1:00,1.378414851,2.465825412,-0.981242014,R1111
4/13/2025 1:30,1.093712864,2.020579289,-1.452455891,R1111
4/13/2025 2:00,0.903377374,1.946231166,-0.942919283,R1111
4/13/2025 2:30,0.87031635,1.768046296,-0.705080052,R1111
4/13/2025 3:00,0.722336847,1.744132094,-0.830838294,R1111
4/13/2025 3:30,0.759576003,1.654517323,-2.081160762,R1111
4/13/2025 4:00,0.766723551,1.776619682,-2.130549691,R1111
4/13/2025 4:30,1.009563209,2.103602475,-0.664024439,R1111
4/13/2025 5:00,0.992635001,2.246648332,-1.27360689,R1111
4/13/2025 5:30,1.009055913,2.509895488,-0.682833585,R1111
4/13/2025 6:00,1.074271054,2.648475054,-0.859496167,R1111
4/13/2025 6:30,1.523317139,2.927730493,-0.329289845,R1111
4/13/2025 7:00,3.282243208,4.486175923,1.433346602,R1111
4/13/2025 7:30,4.006646173,5.727843469,2.343361534,R1111
4/13/2025 8:00,4.661263086,6.714462759,3.276122526,R1111
4/13/2025 8:30,5.198612729,7.691859623,4.045617085,R1111
4/13/2025 9:00,5.560372624,8.66914204,5.406306126,R1111
4/13/2025 9:30,6.16742424,9.948677913,6.332791132,R1111
4/13/2025 10:00,7.655228276,12.35478771,8.419852274,R1111
4/13/2025 10:30,8.943215335,14.05361864,10.36938545,R1111
4/13/2025 11:00,9.444769159,15.18431691,12.13897774,R1111
4/13/2025 11:30,9.618064612,15.35928611,11.7735074,R1111
4/13/2025 12:00,8.702525762,14.30025238,10.62144138,R1111
4/13/2025 12:30,9.602223005,15.58275059,11.86627226,R1111
4/13/2025 13:00,9.206196675,15.35370335,11.94047214,R1111
4/13/2025 13:30,9.586872907,15.71713711,11.29791105,R1111
4/13/2025 14:00,9.022645392,15.41896232,11.82694179,R1111
4/13/2025 14:30,9.251624273,15.7393143,11.91762507,R1111
4/13/2025 15:00,8.836190297,15.06436337,11.37536271,R1111
4/13/2025 15:30,7.802509155,13.46789375,9.63353747,R1111
4/13/2025 16:00,6.765610513,11.87209215,8.032936254,R1111
4/13/2025 16:30,6.183645253,10.91281727,7.350322214,R1111
4/13/2025 17:00,3.519938552,6.995776563,2.709252099,R1111
4/13/2025 17:30,3.218145079,6.201329276,2.598861913,R1111
4/13/2025 18:00,2.697867142,5.474477105,2.203295641,R1111
4/13/2025 18:30,2.204018821,4.711033217,1.150969833,R1111
4/13/2025 19:00,1.973526284,4.363242815,1.089051388,R1111
4/13/2025 19:30,1.792729035,4.180008897,0.639288717,R1111
4/13/2025 20:00,1.416947112,4.317269,0.723405793,R1111
4/13/2025 20:30,1.390083315,4.391439828,0.856104473,R1111
4/13/2025 21:00,1.350081288,4.391981927,1.094930132,R1111
4/13/2025 21:30,1.43197391,4.390605913,1.390835342,R1111
4/13/2025 22:00,1.604868555,4.177511999,1.148789486,R1111
4/13/2025 22:30,1.460869897,4.192870143,1.54417267,R1111
4/13/2025 23:00,1.320399959,4.075270584,0.036805217,R1111
4/13/2025 23:30,1.565834554,4.308506705,0.362039231,R1111
4/14/2025 0:00,1.483898857,4.23799804,0.225963,R1111
4/14/2025 0:30,1.534796083,4.392460699,0.827759892,R1111
4/14/2025 1:00,1.512071605,4.271952258,0.770649509,R1111
4/14/2025 1:30,1.511972144,4.186391287,-0.061115899,R1111
4/14/2025 2:00,1.856875,4.324125525,1.011921308,R1111
4/14/2025 2:30,1.687591781,4.323808789,0.901885651,R1111
4/14/2025 3:00,1.669593718,4.2546045,-0.013811626,R1111
4/14/2025 3:30,1.59598939,4.27403878,0.607628208,R1111
4/14/2025 4:00,1.499932346,4.110069651,-0.943524392,R1111
4/14/2025 4:30,1.548897427,3.918086201,0.585403176,R1111
4/14/2025 5:00,1.522254278,3.794305657,0.259849018,R1111
4/14/2025 5:30,1.448797411,3.727569777,0.216096599,R1111
4/14/2025 6:00,1.539914757,3.772859128,0.332854897,R1111
4/14/2025 6:30,1.363938008,3.832077342,0.372505088,R1111
4/14/2025 7:00,2.703927702,5.716494365,2.459584847,R1111
4/14/2025 7:30,5.16596074,9.314180938,6.070848296,R1111
4/14/2025 8:00,5.580443275,9.640588701,6.068031882,R1111
4/14/2025 8:30,6.26979526,10.79961795,7.49073821,R1111
4/14/2025 9:00,8.560270246,14.56981133,10.99818614,R1111
4/14/2025 9:30,9.120175172,15.16954238,11.51978757,R1111
4/14/2025 10:00,8.122269503,13.73348898,9.258590943,R1111
4/14/2025 10:30,9.431280933,15.65149126,12.04919583,R1111
4/14/2025 11:00,8.846283607,14.74294097,11.33284685,R1111
4/14/2025 11:30,9.319518485,15.62446478,11.09656928,R1111
4/14/2025 12:00,9.390158092,15.68905651,10.78932551,R1111
4/14/2025 12:30,9.754492873,16.39651917,12.55039155,R1111
4/14/2025 13:00,10.13232304,16.8374885,13.19353995,R1111
4/14/2025 13:30,9.357441062,15.49625457,12.02526775,R1111
4/14/2025 14:00,9.028779822,15.28917336,11.81092003,R1111
4/14/2025 14:30,9.787973703,16.48826971,11.78350788,R1111
4/14/2025 15:00,8.795150407,14.83926013,10.68604579,R1111
4/14/2025 15:30,7.748032449,13.39568173,9.780507171,R1111
4/14/2025 16:00,7.483608708,12.98901721,9.261221369,R1111
4/14/2025 16:30,6.333010038,10.95693923,6.896203644,R1111
4/14/2025 17:00,5.152866006,9.266321762,5.596243769,R1111
4/14/2025 17:30,3.644733422,6.977741215,3.466165274,R1111
4/14/2025 18:00,2.806497736,5.535644826,2.352664914,R1111
4/14/2025 18:30,2.144433696,4.35889467,1.025940209,R1111
4/14/2025 19:00,1.772504144,3.847767981,-1.369370972,R1111
4/14/2025 19:30,1.777376964,3.60437169,0.430743399,R1111
4/14/2025 20:00,1.569673006,3.521549487,0.567306513,R1111
4/14/2025 20:30,1.531074902,3.57790813,0.42852248,R1111
4/14/2025 21:00,1.569611102,3.726194377,0.240857162,R1111
4/14/2025 21:30,1.671232325,3.845907542,0.851164275,R1111
4/14/2025 22:00,1.774303851,3.859895442,0.788435992,R1111
4/14/2025 22:30,1.716040197,3.865398898,0.459623347,R1111
4/14/2025 23:00,1.743025701,3.931122969,0.627458144,R1111
4/14/2025 23:30,1.735666623,3.893537375,0.41574879,R1111
4/15/2025 0:00,1.842476298,4.069270692,0.526381534,R1111
4/15/2025 0:30,1.008411187,2.864678979,-1.825033229,R1111
4/15/2025 1:00,0.805775178,2.725167908,-0.455459697,R1111
4/15/2025 1:30,0.3730735,2.266839921,-3.039753597,R1111
4/15/2025 2:00,0.636593221,2.381855834,-1.237387667,R1111
4/15/2025 2:30,0.48419575,2.149030034,-1.823621769,R1111
4/15/2025 3:00,0.515717248,2.257461569,-1.375643953,R1111
4/15/2025 3:30,0.585665085,2.558433397,-1.263718777,R1111
4/15/2025 4:00,0.758088902,2.850896136,-0.821553338,R1111
4/15/2025 4:30,1.240024821,3.095870216,-1.166671307,R1111
4/15/2025 5:00,1.860640517,3.726649589,-0.420908455,R1111
4/15/2025 5:30,2.768458519,4.744467081,0.778101962,R1111
4/15/2025 6:00,3.524784828,5.809665127,2.050506564,R1111
4/15/2025 6:30,7.316993856,11.78467559,7.823476079,R1111
4/15/2025 7:00,10.72628206,16.15351128,11.87699955,R1111
4/15/2025 7:30,10.55833583,15.65437522,10.32025311,R1111
4/15/2025 8:00,11.4533138,16.27480903,12.35138472,R1111
4/15/2025 8:30,12.17580967,17.76503919,13.90652654,R1111
4/15/2025 9:00,13.18268107,19.02378949,15.80072106,R1111
4/15/2025 9:30,14.83395308,21.05213061,17.62318678,R1111
4/15/2025 10:00,16.3969911,22.96344548,19.3918414,R1111
4/15/2025 10:30,17.19453148,24.22106234,20.31315027,R1111
4/15/2025 11:00,17.1708508,24.21457467,20.30801721,R1111
4/15/2025 11:30,16.79142742,24.04433769,20.34048548,R1111
4/15/2025 12:00,16.51064831,23.82288319,20.29257758,R1111
4/15/2025 12:30,16.72338575,23.40212969,20.19103396,R1111
4/15/2025 13:00,16.55467057,23.32241886,19.29470774,R1111
4/15/2025 13:30,16.9406723,23.52765141,20.30061399,R1111
4/15/2025 14:00,16.40164271,23.17621065,19.90504149,R1111
4/15/2025 14:30,15.60626863,21.66671536,18.12296829,R1111
4/15/2025 15:00,12.19178785,16.90953229,13.67090977,R1111
4/15/2025 15:30,10.99957412,14.86604923,11.79861467,R1111
4/15/2025 16:00,9.911648419,13.18921912,10.64035881,R1111
4/15/2025 16:30,7.220799838,9.273212716,7.258613267,R1111
4/15/2025 17:00,8.27648062,10.26403901,7.815000541,R1111
4/15/2025 17:30,6.823323242,8.118023946,5.281179884,R1111
4/15/2025 18:00,5.806581127,6.426635393,4.034109402,R1111
4/15/2025 18:30,5.493272989,5.824242866,3.396101896,R1111
4/15/2025 19:00,5.325553148,5.383139987,2.919542121,R1111
4/15/2025 19:30,5.298474999,5.238333762,2.349070974,R1111
4/15/2025 20:00,5.128418815,5.137823666,2.807845309,R1111
4/15/2025 20:30,5.37876916,5.457122044,2.671475987,R1111
4/15/2025 21:00,5.409292133,5.376213212,2.571625449,R1111
4/15/2025 21:30,5.329328586,5.311515337,3.17794056,R1111
4/15/2025 22:00,5.406847878,5.298334935,2.721852223,R1111
4/15/2025 22:30,5.622810678,5.483439622,3.332470218,R1111
4/15/2025 23:00,5.607904983,5.541082659,2.380054229,R1111
4/15/2025 23:30,5.521408622,5.236598904,1.722756998,R1111
4/16/2025 0:00,5.669713869,5.500844412,2.5617586,R1111
4/16/2025 0:30,5.780962979,5.645070286,3.322210922,R1111
4/16/2025 1:00,6.04666919,5.704074075,3.245579774,R1111
4/16/2025 1:30,6.034970293,5.725940084,3.39903785,R1111
4/16/2025 2:00,6.033672706,5.616431865,3.71123737,R1111
4/16/2025 2:30,6.051983138,5.591867434,3.036974992,R1111
4/16/2025 3:00,6.177865003,5.727099143,3.017368613,R1111
4/16/2025 3:30,6.074226991,5.61430085,3.422636061,R1111
4/16/2025 4:00,6.137222548,5.63534738,3.356616411,R1111
4/16/2025 4:30,6.352642263,5.488726182,3.469904476,R1111
4/16/2025 5:00,6.222847601,5.651436039,3.418158783,R1111
4/16/2025 5:30,6.05326834,5.432784025,2.701432034,R1111
4/16/2025 6:00,6.122004888,5.373588827,3.065106716,R1111
4/16/2025 6:30,11.23439426,12.28108692,9.826455537,R1111
4/16/2025 7:00,15.62230808,16.95638412,14.5478537,R1111
4/16/2025 7:30,15.53028596,16.33793296,13.86269572,R1111
4/16/2025 8:00,15.95988286,16.78782316,14.18321777,R1111
4/16/2025 8:30,16.98179999,18.42904529,16.48566996,R1111
4/16/2025 9:00,18.97211292,20.41112049,18.47322042,R1111
4/16/2025 9:30,20.44673747,22.0947741,19.62036644,R1111
4/16/2025 10:00,22.45267858,23.7179402,22.22132089,R1111
4/16/2025 10:30,23.0246325,24.44515922,22.22867667,R1111
4/16/2025 11:00,22.89773442,24.00958971,21.50166413,R1111
4/16/2025 11:30,23.27654711,24.13804398,21.98705103,R1111
4/16/2025 12:00,20.42708359,21.915485,19.15501338,R1111
4/16/2025 12:30,19.80370509,21.37259315,19.12386638,R1111
4/16/2025 13:00,19.37714158,20.90549151,18.50384053,R1111
4/16/2025 13:30,19.35120962,21.00188027,18.51812442,R1111
4/16/2025 14:00,18.3649129,19.850589,17.26467662,R1111
4/16/2025 14:30,18.22135442,20.1645537,17.57959993,R1111
4/16/2025 15:00,17.16416174,19.09345668,15.87666844,R1111
4/16/2025 15:30,15.15633696,16.86684458,13.53566255,R1111
4/16/2025 16:00,12.5795288,14.0320346,9.600579434,R1111
4/16/2025 16:30,11.39022836,12.75001011,8.902768362,R1111
4/16/2025 17:00,9.733466906,10.67083459,8.28746356,R1111
4/16/2025 17:30,7.491342411,8.407413925,11.88668173,R1111
4/16/2025 18:00,6.474474112,6.821657762,4.97953878,R1111
4/16/2025 18:30,5.107275323,5.047255047,5.871356261,R1111
4/16/2025 19:00,4.650818527,4.464991808,4.45388547,R1111
4/16/2025 19:30,4.149830834,4.30180405,7.827524167,R1111
4/16/2025 20:00,4.52529542,4.175313437,2.037533279,R1111
4/16/2025 20:30,4.339576455,4.281520513,5.064992596,R1111
4/16/2025 21:00,4.265062669,4.117096694,5.909621084,R1111
4/16/2025 21:30,3.834765923,3.960802372,8.535101312,R1111
4/16/2025 22:00,4.368652137,4.224331831,6.150669546,R1111
4/16/2025 22:30,3.901688897,4.13155236,7.918284504,R1111
4/16/2025 23:00,4.240917174,4.123728893,4.846338104,R1111
4/16/2025 23:30,4.61694236,4.095007655,-1.020738963,R1111
4/17/2025 0:00,3.639494513,4.172387733,7.514981968,R1111
4/17/2025 0:30,3.290013559,2.513423832,3.834175693,R1111
4/17/2025 1:00,3.375567988,1.753815848,-2.516890254,R1111
4/17/2025 1:30,3.53894655,1.573918461,-1.771176922,R1111
4/17/2025 2:00,3.249018058,1.921129727,-1.334520939,R1111
4/17/2025 2:30,3.513429385,1.703071748,-1.03241469,R1111
4/17/2025 3:00,3.289497596,1.849842552,-3.314492787,R1111
4/17/2025 3:30,3.520857976,1.881190672,-1.648083591,R1111
4/17/2025 4:00,3.87152285,2.510551013,-1.98468781,R1111
4/17/2025 4:30,4.493431833,3.000882845,0.703378373,R1111
4/17/2025 5:00,4.520723863,3.236947291,-0.458913197,R1111
4/17/2025 5:30,4.873957612,3.699903945,1.34413991,R1111
4/17/2025 6:00,5.003649621,3.960831474,1.476816906,R1111
4/17/2025 6:30,7.111553897,7.054118015,4.288166913,R1111
4/17/2025 7:00,11.53914199,12.90417973,10.52493565,R1111
4/17/2025 7:30,11.43215545,13.33791513,9.762266784,R1111
4/17/2025 8:00,12.9898625,15.05894547,11.54794056,R1111
4/17/2025 8:30,15.04893409,17.31160096,13.80990177,R1111
4/17/2025 9:00,15.99181248,19.15272827,17.02638854,R1111
4/17/2025 9:30,17.32057419,20.5864486,16.96656976,R1111
4/17/2025 10:00,19.3116321,22.33020047,19.4468068,R1111
4/17/2025 10:30,19.52818853,23.27108279,21.07550773,R1111
4/17/2025 11:00,19.69448712,22.87044917,21.07770885,R1111
4/17/2025 11:30,19.57142256,22.87523562,21.00299842,R1111
4/17/2025 12:00,19.64415917,22.82021098,20.97039194,R1111
4/17/2025 12:30,18.61527509,22.01276761,20.10226031,R1111
4/17/2025 13:00,20.57280451,21.37638241,18.50981693,R1111
4/17/2025 13:30,19.89521199,23.90146695,21.95677353,R1111
4/17/2025 14:00,20.83813811,24.09307915,21.16022197,R1111
4/17/2025 14:30,19.29424447,22.85063263,19.74864514,R1111
4/17/2025 15:00,16.53144232,19.8664347,17.23552236,R1111
4/17/2025 15:30,13.71464175,16.49924553,13.71816923,R1111
4/17/2025 16:00,11.6053464,13.64607917,9.58978888,R1111
4/17/2025 16:30,11.11336155,12.80549939,10.1448981,R1111
4/17/2025 17:00,9.57075186,10.707516,7.080910934,R1111
4/17/2025 17:30,8.077330063,8.495152686,5.148459791,R1111
4/17/2025 18:00,6.833129288,6.586987444,4.316932122,R1111
4/17/2025 18:30,6.236786193,5.982611072,3.635903795,R1111
4/17/2025 19:00,6.242606733,5.781381287,3.307710978,R1111
4/17/2025 19:30,5.833653462,5.176437383,2.596934048,R1111
4/17/2025 20:00,6.23335431,5.273045013,3.113085993,R1111
4/17/2025 20:30,6.292911305,5.390807256,3.12205247,R1111
4/17/2025 21:00,6.309989677,5.164682006,1.359449753,R1111
4/17/2025 21:30,6.265033953,4.921335474,1.378664784,R1111
4/17/2025 22:00,6.605566161,5.152058049,3.10034124,R1111
4/17/2025 22:30,6.611864997,5.086017271,2.82934329,R1111
4/17/2025 23:00,6.560234115,5.130126844,0.842767584,R1111
4/17/2025 23:30,6.621038848,5.066525332,2.288858523,R1111
4/18/2025 0:00,6.510494184,5.030039406,1.369553557,R1111
4/18/2025 0:30,6.441205371,4.939817667,0.136480868,R1111
4/18/2025 1:00,6.751418583,5.034641962,0.222684795,R1111
4/18/2025 1:30,6.620860107,4.874710402,2.199002057,R1111
4/18/2025 2:00,6.65995899,5.007832577,1.304516109,R1111
4/18/2025 2:30,7.009626097,4.950426457,2.618031126,R1111
4/18/2025 3:00,6.957878746,4.874196679,2.57642669,R1111
4/18/2025 3:30,7.028896918,4.870867188,1.739723384,R1111
4/18/2025 4:00,6.932767933,4.936702336,2.303180677,R1111
4/18/2025 4:30,7.191026403,4.894129172,2.229685646,R1111
4/18/2025 5:00,7.186878091,4.926322107,1.879103553,R1111
4/18/2025 5:30,7.074281214,4.671444422,1.658489465,R1111
4/18/2025 6:00,7.007855448,4.701492893,1.549139729,R1111
4/18/2025 6:30,10.47156081,8.941362218,6.21759515,R1111
4/18/2025 7:00,14.16150964,13.60712745,11.23282605,R1111
4/18/2025 7:30,14.41216744,13.80424666,10.16658708,R1111
4/18/2025 8:00,15.8163085,14.91565869,12.4225942,R1111
4/18/2025 8:30,18.28290355,18.25504499,15.95495242,R1111
4/18/2025 9:00,20.85194506,20.81300804,19.28779931,R1111
4/18/2025 9:30,22.97590862,22.54982723,20.94446891,R1111
4/18/2025 10:00,24.08361485,23.1080916,21.8031399,R1111
4/18/2025 10:30,18.78418728,18.50333475,16.21627203,R1111
4/18/2025 11:00,19.70981007,19.94868233,17.94311468,R1111
4/18/2025 11:30,20.20173668,20.341193,18.41439942,R1111
4/18/2025 12:00,21.16493761,21.20770778,19.20281188,R1111
4/18/2025 12:30,22.01646589,21.77465036,20.30389162,R1111
4/18/2025 13:00,22.72267353,22.37110352,20.69917151,R1111
4/18/2025 13:30,23.10041159,23.12121579,20.80391539,R1111
4/18/2025 14:00,21.98018195,22.05634051,20.00652865,R1111
4/18/2025 14:30,20.76276908,21.00754788,19.1503428,R1111
4/18/2025 15:00,18.73166945,19.3435316,17.07539981,R1111
4/18/2025 15:30,17.08032721,17.3241669,14.9613871,R1111
4/18/2025 16:00,15.72054512,16.02042022,13.57634579,R1111
4/18/2025 16:30,14.52128104,14.7001539,12.24708739,R1111
4/18/2025 17:00,12.46985718,12.37895249,10.17727602,R1111
4/18/2025 17:30,10.44357484,9.891210195,7.653617532,R1111
4/18/2025 18:00,8.975826294,8.314359976,6.063714281,R1111
4/18/2025 18:30,8.09649685,6.869154859,5.232521716,R1111
4/18/2025 19:00,7.555684341,6.24650377,3.925183557,R1111
4/18/2025 19:30,7.433372275,5.951825085,3.973118444,R1111
4/18/2025 20:00,7.335383032,5.63850763,3.911412467,R1111
4/18/2025 20:30,7.340750327,5.509903918,3.432240954,R1111
4/18/2025 21:00,6.857663556,4.942848843,2.553593116,R1111
4/18/2025 21:30,6.892472596,5.009186155,2.69965025,R1111
4/18/2025 22:00,7.143213479,5.275318069,3.412068961,R1111
4/18/2025 22:30,7.363725957,5.47201707,2.826941697,R1111
4/18/2025 23:00,7.169330695,5.477108542,3.403109817,R1111
4/18/2025 23:30,7.204968325,5.407669535,3.72057737,R1111
4/19/2025 0:00,7.10754153,5.111861898,2.926083049,R1111
4/19/2025 0:30,7.34312103,5.471385935,2.77423377,R1111
4/19/2025 1:00,7.145584795,5.259565063,2.587919419,R1111
4/19/2025 1:30,7.084680923,5.140645407,2.999904465,R1111
4/19/2025 2:00,6.903686182,4.893078725,2.464484032,R1111
4/19/2025 2:30,6.940898172,4.82148029,2.330027322,R1111
4/19/2025 3:00,6.751473365,4.819211083,1.113553239,R1111
4/19/2025 3:30,6.996763008,4.767591708,2.167526397,R1111
4/19/2025 4:00,6.977865231,4.665530381,2.089208037,R1111
4/19/2025 4:30,6.892543702,4.634262518,1.600891441,R1111
4/19/2025 5:00,6.934512942,4.831484961,1.831594055,R1111
4/19/2025 5:30,7.079651102,4.873016269,1.584628225,R1111
4/19/2025 6:00,7.154166731,4.854054104,1.116861297,R1111
4/19/2025 6:30,7.477467564,5.596221197,2.141112974,R1111
4/19/2025 7:00,8.66807822,7.10930664,3.954063496,R1111
4/19/2025 7:30,11.93403513,10.97811593,7.905676535,R1111
4/19/2025 8:00,11.3994997,10.27077135,7.00835477,R1111
4/19/2025 8:30,14.41585636,13.95283609,11.14946151,R1111
4/19/2025 9:00,16.41013774,16.31130044,14.35967512,R1111
4/19/2025 9:30,20.19597538,19.75085066,17.68269026,R1111
4/19/2025 10:00,20.82656385,20.46401814,19.03535059,R1111
4/19/2025 10:30,21.77686596,21.22475906,19.90483324,R1111
4/19/2025 11:00,22.35015295,21.52957393,19.91699593,R1111
4/19/2025 11:30,22.59457024,21.7967466,20.07323385,R1111
4/19/2025 12:00,23.59090125,22.61448329,21.1623997,R1111
4/19/2025 12:30,24.94233959,23.19333065,21.78761316,R1111
4/19/2025 13:00,25.45732021,23.64395029,22.13434094,R1111
4/19/2025 13:30,25.92902812,24.0826647,22.39592838,R1111
4/19/2025 14:00,25.10209372,23.37224723,21.79522359,R1111
4/19/2025 14:30,24.79708261,23.10135685,21.44093692,R1111
4/19/2025 15:00,23.72939026,22.22800117,20.6748128,R1111
4/19/2025 15:30,21.11323086,20.5298758,18.6738359,R1111
4/19/2025 16:00,18.38440304,18.01219618,16.27753092,R1111
4/19/2025 16:30,16.99351029,16.35446949,14.39741171,R1111
4/19/2025 17:00,12.32419159,11.6116572,9.498428108,R1111
4/19/2025 17:30,10.88749359,9.81599569,6.994314529,R1111
4/19/2025 18:00,9.330409862,7.922601962,5.270586292,R1111
4/19/2025 18:30,8.243539231,6.990514198,4.633376776,R1111
4/19/2025 19:00,6.845498047,5.523949129,3.185765376,R1111
4/19/2025 19:30,6.528554556,5.038387236,3.345791763,R1111
4/19/2025 20:00,6.40873648,5.098182194,3.207548427,R1111
4/19/2025 20:30,6.225929823,4.905405264,3.152187674,R1111
4/19/2025 21:00,6.339138987,4.897409396,2.696894412,R1111
4/19/2025 21:30,6.428450136,4.734478915,3.150131452,R1111
4/19/2025 22:00,6.257079925,4.62513628,1.146343486,R1111
4/19/2025 22:30,6.551930519,4.775756979,2.472845005,R1111
4/19/2025 23:00,6.645879805,4.686546616,2.575318385,R1111
4/19/2025 23:30,6.397214073,4.681485271,2.250691023,R1111
4/20/2025 0:00,6.616837283,4.836776792,2.506394836,R1111
4/20/2025 0:30,5.05791741,2.977266242,0.498810473,R1111
4/20/2025 1:00,4.831209367,2.415836148,-0.855526056,R1111
4/20/2025 1:30,4.112795039,1.96242685,-0.901169179,R1111
4/20/2025 2:00,4.188364567,1.904065447,-1.368320034,R1111
4/20/2025 2:30,4.030409473,1.546565821,-1.898617262,R1111
4/20/2025 3:00,4.048048967,1.508161329,-1.725956339,R1111
4/20/2025 3:30,3.98079038,1.871113355,-1.478149506,R1111
4/20/2025 4:00,4.159467582,2.048769202,-1.302999272,R1111
4/20/2025 4:30,4.259416999,2.327878491,-1.320491657,R1111
4/20/2025 5:00,4.565571352,2.761583594,-0.96319028,R1111
4/20/2025 5:30,4.605701917,2.974482733,-0.767050979,R1111
4/20/2025 6:00,4.840851289,3.114882311,-1.121465466,R1111
4/20/2025 6:30,5.695205643,5.121960909,0.996916244,R1111
4/20/2025 7:00,7.664764961,7.776278517,3.517678448,R1111
4/20/2025 7:30,8.63412666,9.289531286,5.216221454,R1111
4/20/2025 8:00,9.993893585,11.11065017,7.504456806,R1111
4/20/2025 8:30,11.56934623,13.30178742,10.17021029,R1111
4/20/2025 9:00,13.59230587,15.74441786,13.12389719,R1111
4/20/2025 9:30,15.49245444,18.52457419,15.73911117,R1111
4/20/2025 10:00,17.55774314,20.6353588,18.68536327,R1111
4/20/2025 10:30,19.10262476,21.73980993,19.96288045,R1111
4/20/2025 11:00,19.21130683,22.36534683,20.1140706,R1111
4/20/2025 11:30,19.90967691,22.48613144,20.94474381,R1111
4/20/2025 12:00,19.65469296,22.95748067,20.93609511,R1111
4/20/2025 12:30,20.07311675,23.17424753,20.99950281,R1111
4/20/2025 13:00,20.24524234,23.59395063,21.86156164,R1111
4/20/2025 13:30,20.96063712,24.17086354,21.90659879,R1111
4/20/2025 14:00,20.5426969,23.45644415,21.54146475,R1111
4/20/2025 14:30,19.87131714,22.68274348,21.17069147,R1111
4/20/2025 15:00,18.21011617,21.30106168,19.40251011,R1111
4/20/2025 15:30,16.54738051,19.06752232,16.7235399,R1111
4/20/2025 16:00,13.64370142,15.96949988,13.27570418,R1111
4/20/2025 16:30,12.66981692,14.4747959,12.0563065,R1111
4/20/2025 17:00,8.790976458,10.04429262,6.99048469,R1111
4/20/2025 17:30,7.511620377,8.381593222,5.370018743,R1111
4/20/2025 18:00,6.34069408,6.715214802,4.256973943,R1111
4/20/2025 18:30,6.178459886,6.666637118,4.387384881,R1111
4/20/2025 19:00,5.226474455,5.870790862,3.208763512,R1111
4/20/2025 19:30,4.777507302,5.420292725,2.654352667,R1111
4/20/2025 20:00,4.475408114,5.095521923,2.596276062,R1111
4/20/2025 20:30,4.251370009,4.904956985,2.208539358,R1111
4/20/2025 21:00,4.269483041,4.777211025,2.74368451,R1111
4/20/2025 21:30,3.977729316,4.743919799,2.229569813,R1111
4/20/2025 22:00,4.184838249,4.85916567,1.825035775,R1111
4/20/2025 22:30,4.293824117,4.743394389,1.911329719,R1111
4/20/2025 23:00,4.141464688,4.994489567,2.078733599,R1111
4/20/2025 23:30,4.032201489,4.809554858,1.559116936,R1111
4/21/2025 0:00,4.198525145,4.926041227,1.440628638,R1111
4/21/2025 0:30,4.444788756,4.890491341,1.441602109,R1111
4/21/2025 1:00,4.157328091,5.096180219,1.378381934,R1111
4/21/2025 1:30,4.166036625,4.9573717,1.78242645,R1111
4/21/2025 2:00,4.229071379,5.144028995,2.055371233,R1111
4/21/2025 2:30,4.40554508,5.20766294,1.892065587,R1111
4/21/2025 3:00,4.303428463,5.081094153,0.662264246,R1111
4/21/2025 3:30,4.261503085,4.947629553,0.898023623,R1111
4/21/2025 4:00,4.337221435,4.809094521,1.029522316,R1111
4/21/2025 4:30,3.904280599,4.984512154,0.259994716,R1111
4/21/2025 5:00,4.130615677,5.031675158,1.467952702,R1111
4/21/2025 5:30,4.076295212,4.775219225,0.905297127,R1111
4/21/2025 6:00,4.116391304,4.782127135,1.335008672,R1111
4/21/2025 6:30,6.259169522,8.220398444,4.765707539,R1111
4/21/2025 7:00,6.930937158,9.204509,6.024053817,R1111
4/21/2025 7:30,7.526522623,9.768059982,6.209962845,R1111
4/21/2025 8:00,9.216011691,12.22916391,9.199329345,R1111
4/21/2025 8:30,10.4678384,13.6643917,10.69757437,R1111
4/21/2025 9:00,12.38187213,16.48012097,13.68639143,R1111
4/21/2025 9:30,14.89463907,19.67577802,17.5423245,R1111
4/21/2025 10:00,16.53820985,21.81893925,19.59617431,R1111
4/21/2025 10:30,17.62088663,22.86358034,20.96518302,R1111
4/21/2025 11:00,14.81283531,19.51359531,16.84803445,R1111
4/21/2025 11:30,13.99050892,18.52684707,15.06822815,R1111
4/21/2025 12:00,13.92690146,18.37593716,15.33481694,R1111
4/21/2025 12:30,13.82754016,18.16405987,14.04929648,R1111
4/21/2025 13:00,14.03006615,18.54079609,15.55368871,R1111
4/21/2025 13:30,14.80275715,19.49975653,16.44752779,R1111
4/21/2025 14:00,14.28381691,18.77378996,16.13787628,R1111
4/21/2025 14:30,12.83971602,16.90578812,13.58094762,R1111
4/21/2025 15:00,12.14651441,15.84506267,12.7329087,R1111
4/21/2025 15:30,10.56522182,13.87455152,10.56533549,R1111
4/21/2025 16:00,9.169910186,11.93579798,8.97960326,R1111
4/21/2025 16:30,8.2561481,10.77185965,7.561993789,R1111
4/21/2025 17:00,4.950421446,6.546465082,3.581128719,R1111
4/21/2025 17:30,4.377168165,5.402649568,2.279230878,R1111
4/21/2025 18:00,3.687201197,4.381541848,1.414381578,R1111
4/21/2025 18:30,3.234986712,3.879076053,1.084545852,R1111
4/21/2025 19:00,3.061715276,3.638450241,1.024103879,R1111
4/21/2025 19:30,3.300692399,3.576349869,1.114648081,R1111
4/21/2025 20:00,3.241483402,3.619657225,1.232926156,R1111
4/21/2025 20:30,3.142371356,3.52110403,1.256042242,R1111
4/21/2025 21:00,2.931450283,3.386622571,0.949825561,R1111
4/21/2025 21:30,3.423120119,3.331930536,0.290010927,R1111
4/21/2025 22:00,3.389057651,3.490594829,-1.704113312,R1111
4/21/2025 22:30,3.566724382,3.38956312,0.316107353,R1111
4/21/2025 23:00,3.758304,3.406924194,0.781605718,R1111
4/21/2025 23:30,3.927169853,3.480786415,0.215424427,R1111
4/22/2025 0:00,3.648629247,3.697381343,-0.47091914,R1111
4/22/2025 0:30,3.242146336,2.782629708,-1.193409786,R1111
4/22/2025 1:00,2.911468811,2.362872684,-1.434739027,R1111
4/22/2025 1:30,2.789660025,1.77661704,-1.949958019,R1111
4/22/2025 2:00,2.999576132,1.772915599,-1.769163726,R1111
4/22/2025 2:30,2.73962098,1.502711536,-2.685991426,R1111
4/22/2025 3:00,2.993136603,1.53155371,-2.949932883,R1111
4/22/2025 3:30,3.10006976,1.632013031,-3.094851257,R1111
4/22/2025 4:00,3.299371626,1.734910749,-2.94426038,R1111
4/22/2025 4:30,3.42325981,1.889104743,-2.262686535,R1111
4/22/2025 5:00,3.595681778,2.018356754,-2.499430722,R1111
4/22/2025 5:30,3.884008685,2.20519546,-2.075157558,R1111
4/22/2025 6:00,4.160881691,2.416016525,-1.429911392,R1111
4/22/2025 6:30,4.683089483,3.439040888,-1.490522095,R1111
4/22/2025 7:00,5.506673134,5.066050222,0.403513023,R1111
4/22/2025 7:30,5.919049792,5.784025523,1.531744936,R1111
4/22/2025 8:00,6.507604012,6.535454977,2.223400441,R1111
4/22/2025 8:30,7.60935018,7.988607034,4.018471601,R1111
4/22/2025 9:00,8.809159902,9.830836603,5.783836147,R1111
4/22/2025 9:30,10.47211156,12.06860919,8.531811403,R1111
4/22/2025 10:00,11.62681797,13.99191101,9.783765359,R1111
4/22/2025 10:30,12.48602977,15.24231317,11.52515411,R1111
4/22/2025 11:00,12.41174928,15.46536219,11.67614347,R1111
4/22/2025 11:30,12.53380163,15.58538171,11.65601966,R1111
4/22/2025 12:00,12.69836392,16.16868927,12.3390437,R1111
4/22/2025 12:30,13.71339407,16.30504304,12.84861264,R1111
4/22/2025 13:00,14.33642446,16.89490916,13.88325347,R1111
4/22/2025 13:30,15.75712201,17.83144312,15.16224288,R1111
4/22/2025 14:00,15.29883946,16.95249221,14.16510886,R1111
4/22/2025 14:30,14.83238279,15.91675997,12.9992812,R1111
4/22/2025 15:00,14.08279491,14.8966005,11.60652822,R1111
4/22/2025 15:30,13.53566331,14.32190917,10.32168802,R1111
4/22/2025 16:00,12.94598891,13.10289021,10.07442991,R1111
4/22/2025 16:30,11.77712602,11.75299403,8.927470256,R1111
4/22/2025 17:00,7.115905905,6.491411784,3.861485691,R1111
4/22/2025 17:30,6.480418048,5.15263217,2.537599378,R1111
4/22/2025 18:00,6.374370853,4.531276083,2.260530494,R1111
4/22/2025 18:30,6.449037064,4.741800684,2.682868462,R1111
4/22/2025 19:00,6.061571238,4.210759413,0.750339845,R1111
4/22/2025 19:30,6.094772445,4.186300693,2.150579741,R1111
4/22/2025 20:00,5.690204432,4.244510314,2.145873299,R1111
4/22/2025 20:30,6.00610051,4.017274698,2.076661433,R1111
4/22/2025 21:00,5.864038038,4.153740198,0.755819097,R1111
4/22/2025 21:30,5.719989155,3.778591833,-0.448539802,R1111
4/22/2025 22:00,5.62897118,4.015794514,-0.367190231,R1111
4/22/2025 22:30,5.787930971,3.95213313,0.712196172,R1111
4/22/2025 23:00,6.010317306,3.948957941,1.795650355,R1111
4/22/2025 23:30,5.602488788,4.256070454,1.466466099,R1111
4/23/2025 0:00,5.83537728,4.125521443,1.981584436,R1111
4/23/2025 0:30,5.744579749,4.183672289,1.821997402,R1111
4/23/2025 1:00,5.92507038,4.297606615,1.963601484,R1111
4/23/2025 1:30,6.048583936,4.156744946,1.667147614,R1111
4/23/2025 2:00,5.771240824,4.382821689,0.940294415,R1111
4/23/2025 2:30,5.815528836,4.442327117,1.776506277,R1111
4/23/2025 3:00,6.332170394,4.394911945,0.712372625,R1111
4/23/2025 3:30,5.844625252,4.264508494,0.916780765,R1111
4/23/2025 4:00,5.922844762,4.376379468,0.595531378,R1111
4/23/2025 4:30,5.697760763,4.394048467,0.749901178,R1111
4/23/2025 5:00,6.093582797,4.205996024,0.276101287,R1111
4/23/2025 5:30,5.888306916,4.448290905,1.221769319,R1111
4/23/2025 6:00,5.509787401,4.38374471,1.634672505,R1111
4/23/2025 6:30,10.19046921,9.540247988,6.855320072,R1111
4/23/2025 7:00,12.87012784,13.25575886,10.60338491,R1111
4/23/2025 7:30,14.35012787,14.38164231,11.86638952,R1111
4/23/2025 8:00,14.2244119,15.23939887,13.22240584,R1111
4/23/2025 8:30,14.42028297,15.04564073,12.31652966,R1111
4/23/2025 9:00,14.37932868,15.30016796,12.33783037,R1111
4/23/2025 9:30,13.01595318,13.59419746,9.959957308,R1111
4/23/2025 10:00,14.83825353,15.64087887,11.77065449,R1111
4/23/2025 10:30,15.79868124,16.47255273,12.93087257,R1111
4/23/2025 11:00,15.55852399,16.771363,13.45072399,R1111
4/23/2025 11:30,15.76469971,16.60516792,13.71933485,R1111
4/23/2025 12:00,16.23012356,17.06619038,13.81155403,R1111
4/23/2025 12:30,15.70024085,16.99144142,14.62734807,R1111
4/23/2025 13:00,16.70346146,17.61226415,15.24579433,R1111
4/23/2025 13:30,16.3652034,17.45618703,14.96344939,R1111
4/23/2025 14:00,15.42252426,16.61061774,14.18817443,R1111
4/23/2025 14:30,16.06269448,17.09720377,14.63478614,R1111
4/23/2025 15:00,15.68723618,16.58596597,14.12816031,R1111
4/23/2025 15:30,14.36083645,15.13985856,12.77437979,R1111
4/23/2025 16:00,12.69425887,13.32542948,10.29796843,R1111
4/23/2025 16:30,11.22185982,11.89584285,9.041884187,R1111
4/23/2025 17:00,7.552250196,7.336228542,4.175153997,R1111
4/23/2025 17:30,6.613248027,6.252685841,2.814663285,R1111
4/23/2025 18:00,6.040402001,5.281903421,2.059781432,R1111
4/23/2025 18:30,5.620564703,4.684637097,1.689334332,R1111
4/23/2025 19:00,5.002412507,4.244384312,1.538180664,R1111
4/23/2025 19:30,4.894290463,3.954968607,0.754401667,R1111
4/23/2025 20:00,4.885818906,4.075827473,-0.750112124,R1111
4/23/2025 20:30,4.458314044,4.29826312,2.244009861,R1111
4/23/2025 21:00,4.445070414,4.265604436,1.639492212,R1111
4/23/2025 21:30,4.464241727,4.23168446,1.427245895,R1111
4/23/2025 22:00,4.829574044,4.080963885,1.351914471,R1111
4/23/2025 22:30,4.868251359,4.037056622,0.269084707,R1111
4/23/2025 23:00,4.438115147,4.459264803,0.372806214,R1111
4/23/2025 23:30,4.963296951,3.893462451,0.759420919,R1111
4/24/2025 0:00,4.855424852,3.865754538,0.337275097,R1111
4/24/2025 0:30,3.447470373,2.261592367,-1.302824825,R1111
4/24/2025 1:00,3.069809199,1.769470507,-1.240529344,R1111
4/24/2025 1:30,1.83275364,1.333556528,-2.856649598,R1111
4/24/2025 2:00,1.985633256,0.909581288,-2.435824677,R1111
4/24/2025 2:30,2.362831083,0.923187327,-1.332513668,R1111
4/24/2025 3:00,2.97101881,0.904184912,-1.509026413,R1111
4/24/2025 3:30,2.883812269,1.264986673,-0.833311788,R1111
4/24/2025 4:00,2.164211511,1.397190549,-1.221828941,R1111
4/24/2025 4:30,3.434087462,1.53466582,-2.01007429,R1111
4/24/2025 5:00,2.841606401,1.791434513,-1.968354162,R1111
4/24/2025 5:30,2.907955945,2.112523782,-1.830103184,R1111
4/24/2025 6:00,2.952527929,2.384132717,-1.791153783,R1111
4/24/2025 6:30,4.415746658,4.095882328,-0.261461921,R1111
4/24/2025 7:00,7.254356935,8.07153962,5.126135418,R1111
4/24/2025 7:30,8.621768854,9.073015915,5.868193798,R1111
4/24/2025 8:00,8.798134965,10.23628633,6.442386758,R1111
4/24/2025 8:30,10.85469908,12.47388098,9.479523917,R1111
4/24/2025 9:00,11.95626233,13.89166446,10.34779004,R1111
4/24/2025 9:30,13.21149368,14.74172751,11.66886045,R1111
4/24/2025 10:00,14.21707845,15.98768507,13.20682135,R1111
4/24/2025 10:30,14.83160956,16.54340161,14.54656158,R1111
4/24/2025 11:00,14.74582135,16.34647645,14.72394763,R1111
4/24/2025 11:30,13.37664298,15.17758795,12.90588435,R1111
4/24/2025 12:00,13.54327606,15.55511176,12.93906838,R1111
4/24/2025 12:30,14.30958312,15.93138779,13.34463751,R1111
4/24/2025 13:00,14.30202019,16.58233401,14.44396042,R1111
4/24/2025 13:30,14.71846283,17.3295255,15.11249677,R1111
4/24/2025 14:00,13.00402661,15.65171731,13.28386023,R1111
4/24/2025 14:30,13.1631231,14.64349587,13.21780116,R1111
4/24/2025 15:00,12.35000682,13.90123761,13.02204583,R1111
4/24/2025 15:30,10.73812759,11.56512185,9.79411304,R1111
4/24/2025 16:00,8.323047796,9.363745403,7.592749134,R1111
4/24/2025 16:30,6.890728552,8.03213326,6.175280484,R1111
4/24/2025 17:00,4.675292071,5.505788432,3.510825104,R1111
4/24/2025 17:30,4.520309563,5.067436629,3.261158788,R1111
4/24/2025 18:00,4.424869205,4.59430846,2.388569635,R1111
4/24/2025 18:30,4.801210119,4.720169706,2.581710144,R1111
4/24/2025 19:00,4.301628295,4.256892874,2.326597873,R1111
4/24/2025 19:30,4.248085494,4.186549844,2.046303877,R1111
4/24/2025 20:00,4.431653806,4.298951185,1.780000606,R1111
4/24/2025 20:30,4.394449605,4.333244912,1.823389028,R1111
4/24/2025 21:00,4.562971811,4.281317059,2.153609032,R1111
4/24/2025 21:30,4.703614726,4.316435251,1.047160491,R1111
4/24/2025 22:00,4.298676743,4.39443283,1.161953808,R1111
4/24/2025 22:30,4.439708235,4.2786338,0.395813584,R1111
4/24/2025 23:00,4.005192914,4.34576987,0.481629385,R1111
4/24/2025 23:30,3.72176218,4.275812701,0.378373213,R1111
4/25/2025 0:00,4.250752515,4.213705563,-0.021168662,R1111
4/25/2025 0:30,3.924172917,4.214794471,-0.280988655,R1111
4/25/2025 1:00,4.261990516,4.04967854,0.213296095,R1111
4/25/2025 1:30,4.380397931,4.018281675,-0.585585643,R1111
4/25/2025 2:00,3.644879327,4.149677765,-0.563466777,R1111
4/25/2025 2:30,4.151561463,3.995965123,-0.923577655,R1111
4/25/2025 3:00,4.2530236,4.06196729,-1.270416091,R1111
4/25/2025 3:30,4.353499324,3.987341841,-0.4924099,R1111
4/25/2025 4:00,4.200045713,3.996978809,-1.216665049,R1111
4/25/2025 4:30,4.082565172,4.109962641,-0.892050065,R1111
4/25/2025 5:00,4.162588967,4.125332566,-0.629977099,R1111
4/25/2025 5:30,4.132672726,4.150825001,-0.791840199,R1111
4/25/2025 6:00,4.147022458,4.057426287,-0.924805571,R1111
4/25/2025 6:30,6.821383769,7.940910472,3.915502506,R1111
4/25/2025 7:00,10.41782049,12.03608443,8.860088879,R1111
4/25/2025 7:30,10.5509424,12.01838362,9.668336529,R1111
4/25/2025 8:00,10.78492047,12.98272558,10.76145031,R1111
4/25/2025 8:30,11.80375095,14.15887311,11.85676856,R1111
4/25/2025 9:00,13.25276282,15.54860014,13.48933361,R1111
4/25/2025 9:30,14.22985692,17.23275097,14.99953379,R1111
4/25/2025 10:00,14.99764764,18.20729957,16.47684242,R1111
4/25/2025 10:30,15.1330196,18.53838932,16.95327942,R1111
4/25/2025 11:00,15.04594271,18.35726774,16.74463559,R1111
4/25/2025 11:30,14.6763374,18.03065572,15.49200468,R1111
4/25/2025 12:00,14.73364829,18.08005293,15.84203622,R1111
4/25/2025 12:30,14.24542167,17.6464094,15.19294362,R1111
4/25/2025 13:00,14.36090336,17.85110432,15.4147785,R1111
4/25/2025 13:30,14.90740419,18.45094851,16.3342023,R1111
4/25/2025 14:00,13.92598746,17.62018235,15.56755616,R1111
4/25/2025 14:30,13.5742982,17.00707707,14.47060463,R1111
4/25/2025 15:00,11.94760233,15.28805229,12.22079556,R1111
4/25/2025 15:30,9.327313357,12.72008573,9.709686217,R1111
4/25/2025 16:00,8.164964497,9.95258512,6.380239861,R1111
4/25/2025 16:30,7.10028668,9.164929611,5.520680899,R1111
4/25/2025 17:00,5.260467634,6.14422577,3.045129095,R1111
4/25/2025 17:30,4.393433469,5.460636181,2.047055167,R1111
4/25/2025 18:00,4.032521115,4.925960548,1.478275186,R1111
4/25/2025 18:30,3.917192017,4.544110303,1.519374386,R1111
4/25/2025 19:00,3.059087294,4.131111498,1.339464091,R1111
4/25/2025 19:30,3.715412275,3.847536147,0.559486575,R1111
4/25/2025 20:00,3.643431249,4.034107287,0.5672346,R1111
4/25/2025 20:30,3.712552621,4.166278918,0.366958266,R1111
4/25/2025 21:00,4.056869459,4.131383624,0.740918828,R1111
4/25/2025 21:30,3.157672916,4.356165367,0.703998663,R1111
4/25/2025 22:00,3.518427084,4.229104608,-0.029858146,R1111
4/25/2025 22:30,3.874294311,4.242071639,0.397532027,R1111
4/25/2025 23:00,4.194200539,4.18884016,0.255183246,R1111
4/25/2025 23:30,4.219011807,4.15344238,-0.076172059,R1111
4/26/2025 0:00,3.686534068,4.28036509,0.618443132,R1111
4/26/2025 0:30,4.193588825,3.942398946,0.069837771,R1111
4/26/2025 1:00,3.479671225,4.054133086,-0.046134012,R1111
4/26/2025 1:30,3.413400455,4.216312177,0.174473346,R1111
4/26/2025 2:00,4.14307704,4.036563304,-0.671808991,R1111
4/26/2025 2:30,3.884967207,4.068612114,-1.044177328,R1111
4/26/2025 3:00,4.698905164,3.790082673,-1.480404543,R1111
4/26/2025 3:30,3.29582759,4.095998935,-0.070914956,R1111
4/26/2025 4:00,4.255475831,3.991498108,-0.974693583,R1111
4/26/2025 4:30,4.421346038,4.041597754,-0.702972761,R1111
4/26/2025 5:00,4.097949855,4.000853672,-1.312989043,R1111
4/26/2025 5:30,4.041214657,3.974706205,-0.344286808,R1111
4/26/2025 6:00,4.222483936,4.090544425,-0.655845618,R1111
4/26/2025 6:30,5.927275524,7.867306025,3.440907821,R1111
4/26/2025 7:00,8.131532481,10.04439035,5.946599426,R1111
4/26/2025 7:30,8.628656381,10.30285023,6.264965221,R1111
4/26/2025 8:00,8.771151671,11.39315161,7.803493525,R1111
4/26/2025 8:30,11.03906955,13.89052415,10.84097984,R1111
4/26/2025 9:00,12.30380743,15.26889166,12.52380912,R1111
4/26/2025 9:30,13.783542,17.0710632,14.69971538,R1111
4/26/2025 10:00,15.09011235,17.84277553,15.72077352,R1111
4/26/2025 10:30,15.13260998,17.89440015,16.14690466,R1111
4/26/2025 11:00,14.8323729,18.08522399,16.02148268,R1111
4/26/2025 11:30,13.97028825,18.00285845,16.57741928,R1111
4/26/2025 12:00,14.16952442,18.12828064,15.6897665,R1111
4/26/2025 12:30,14.04114835,17.80796471,16.06023096,R1111
4/26/2025 13:00,14.64942258,18.44118422,16.65905328,R1111
4/26/2025 13:30,15.20197364,18.87680549,16.78380448,R1111
4/26/2025 14:00,13.8176594,17.82099121,15.65121797,R1111
4/26/2025 14:30,14.01676721,17.10009408,14.5405925,R1111
4/26/2025 15:00,11.78310168,15.33657014,13.18098147,R1111
4/26/2025 15:30,10.65791208,12.70843638,10.1710605,R1111
4/26/2025 16:00,8.817144513,10.45961974,7.201871244,R1111
4/26/2025 16:30,7.266193064,9.725964368,6.50083765,R1111
4/26/2025 17:00,5.193717338,6.580793218,3.044513127,R1111
4/26/2025 17:30,4.632231893,5.750724555,2.026758166,R1111
4/26/2025 18:00,4.736080434,5.200719056,1.518458298,R1111
4/26/2025 18:30,4.313847418,4.800033902,2.001503694,R1111
4/26/2025 19:00,3.634980238,3.82222875,-0.001079327,R1111
4/26/2025 19:30,3.743649492,3.722985232,0.063794293,R1111
4/26/2025 20:00,2.65709372,3.832240876,0.863758462,R1111
4/26/2025 20:30,2.474717047,3.756294708,1.288393053,R1111
4/26/2025 21:00,3.688553285,3.77855008,0.418508593,R1111
4/26/2025 21:30,4.23919726,4.032346094,0.797354063,R1111
4/26/2025 22:00,4.633894949,4.197622993,1.415666842,R1111
4/26/2025 22:30,4.543620446,4.275461246,2.56593532,R1111
4/26/2025 23:00,3.234223386,4.440212912,3.458904177,R1111
4/26/2025 23:30,3.797192126,3.939157229,2.378411267,R1111
4/27/2025 0:00,4.125683482,4.164750601,2.746365523,R1111
4/27/2025 0:30,1.674247324,2.485933548,1.080112233,R1111
4/27/2025 1:00,1.50964118,2.092883684,-3.866422404,R1111
4/27/2025 1:30,1.480686748,1.629518368,-4.328203371,R1111
4/27/2025 2:00,1.628806825,1.579543348,-1.288221049,R1111
4/27/2025 2:30,-0.633584827,1.419365245,NA,R1111
4/27/2025 3:00,0.528941888,1.324965209,-2.049298711,R1111
4/27/2025 3:30,1.266018452,1.382330148,-3.661246976,R1111
4/27/2025 4:00,1.64043045,1.531495756,-2.969400307,R1111
4/27/2025 4:30,1.591424089,1.779033905,-3.269459594,R1111
4/27/2025 5:00,1.880512442,2.023418582,-2.585095862,R1111
4/27/2025 5:30,1.900100223,2.232733408,NA,R1111
4/27/2025 6:00,2.081390049,2.368336329,-2.752180192,R1111
4/27/2025 6:30,2.919320702,3.638114259,-2.594610557,R1111
4/27/2025 7:00,4.188603408,6.975744364,1.70130853,R1111
4/27/2025 7:30,5.42225735,9.027792408,4.380196249,R1111
4/27/2025 8:00,6.407579259,9.987585947,5.293917845,R1111
4/27/2025 8:30,7.467769163,11.43571194,6.937195054,R1111
4/27/2025 9:00,8.657269593,13.30262331,8.840530454,R1111
4/27/2025 9:30,10.24055634,14.61804394,10.57858998,R1111
4/27/2025 10:00,9.987068695,16.22442351,13.16532051,R1111
4/27/2025 10:30,11.51170697,16.84844217,13.6594007,R1111
4/27/2025 11:00,11.68755581,17.08654062,14.22513245,R1111
4/27/2025 11:30,11.58234938,17.0388354,14.49721405,R1111
4/27/2025 12:00,12.91996177,17.74360979,14.54150462,R1111
4/27/2025 12:30,11.95706173,17.62757933,15.17439274,R1111
4/27/2025 13:00,12.25615747,17.94404605,15.63520275,R1111
4/27/2025 13:30,12.06145781,18.66248892,16.02201041,R1111
4/27/2025 14:00,11.01141095,17.81217471,15.02661958,R1111
4/27/2025 14:30,11.01955502,17.60891059,14.94041382,R1111
4/27/2025 15:00,9.547882289,15.77666691,12.86272382,R1111
4/27/2025 15:30,8.747196901,13.41177344,9.671722611,R1111
4/27/2025 16:00,7.271280602,10.54933144,6.557360488,R1111
4/27/2025 16:30,6.082392299,9.521802359,5.582869638,R1111
4/27/2025 17:00,3.683115204,6.448033213,1.82456099,R1111
4/27/2025 17:30,3.868391733,5.329716232,0.105545212,R1111
4/27/2025 18:00,2.533440033,4.771198913,-0.132020975,R1111
4/27/2025 18:30,2.658835125,4.400486404,-0.051640031,R1111
4/27/2025 19:00,2.436785428,4.052592037,-0.836600459,R1111
4/27/2025 19:30,1.297889404,4.205300608,-0.368993389,R1111
4/27/2025 20:00,1.138902589,4.129323901,-0.484449334,R1111
4/27/2025 20:30,2.712523673,3.953683257,-1.571743174,R1111
4/27/2025 21:00,2.489127037,4.027859337,-1.785574575,R1111
4/27/2025 21:30,1.952342035,4.293803687,-1.332559245,R1111
4/27/2025 22:00,1.317124112,4.412169472,-1.134222814,R1111
4/27/2025 22:30,1.970485795,4.374379048,-2.190378761,R1111
4/27/2025 23:00,2.419334289,4.414672283,-1.481892533,R1111
4/27/2025 23:30,2.507798671,4.395645327,-2.15893354,R1111
4/28/2025 0:00,2.051058636,4.535218167,-1.479345442,R1111
4/28/2025 0:30,2.341868868,4.40215794,-1.568279771,R1111
4/28/2025 1:00,2.34207821,4.870841076,-1.625743311,R1111
4/28/2025 1:30,2.249289765,5.455081395,-0.972254927,R1111
4/28/2025 2:00,2.08012787,5.80864919,0.100436502,R1111
4/28/2025 2:30,2.013299808,6.010255975,1.027068122,R1111
4/28/2025 3:00,1.832071295,6.027740495,0.849861389,R1111
4/28/2025 3:30,2.280877515,5.849826663,0.5339428,R1111
4/28/2025 4:00,2.202367517,6.064104632,0.322215484,R1111
4/28/2025 4:30,2.307281777,6.334686995,0.877601584,R1111
4/28/2025 5:00,3.594775318,5.943040075,-0.449948695,R1111
4/28/2025 5:30,3.500175664,6.092880212,0.32717256,R1111
4/28/2025 6:00,3.161214204,6.22246135,0.202345555,R1111
4/28/2025 6:30,8.234039196,12.58872339,7.7517671,R1111
4/28/2025 7:00,7.899503074,12.90362294,8.368575864,R1111
4/28/2025 7:30,7.935536927,14.37237026,10.52061231,R1111
4/28/2025 8:00,9.702016472,15.8455123,12.96580035,R1111
4/28/2025 8:30,12.18904436,17.98065933,15.84746774,R1111
4/28/2025 9:00,13.33939042,19.86236079,17.94438048,R1111
4/28/2025 9:30,14.37771992,21.31616641,20.21697067,R1111
4/28/2025 10:00,14.98909543,22.24101905,20.89715719,R1111
4/28/2025 10:30,13.91776437,21.26605106,19.76755868,R1111
4/28/2025 11:00,13.85978639,20.7311649,19.45907942,R1111
4/28/2025 11:30,13.71677243,20.48034337,18.47117611,R1111
4/28/2025 12:00,13.65306143,21.05930131,19.19045632,R1111
4/28/2025 12:30,14.11933748,21.78439572,19.57990784,R1111
4/28/2025 13:00,14.69150081,22.13649075,20.48935816,R1111
4/28/2025 13:30,15.31512371,22.57226607,20.23431104,R1111
4/28/2025 14:00,14.5452224,21.44860836,19.76554959,R1111
4/28/2025 14:30,12.20993193,18.57832749,16.71467704,R1111
4/28/2025 15:00,9.281937409,15.45855055,13.09585683,R1111
4/28/2025 15:30,7.823679285,12.60862477,9.558011521,R1111
4/28/2025 16:00,6.365839035,10.73951543,8.429489588,R1111
4/28/2025 16:30,5.492801386,10.21335565,7.906550956,R1111
4/28/2025 17:00,4.347088677,7.829963202,5.387304602,R1111
4/28/2025 17:30,3.872863275,7.267012821,3.716277158,R1111
4/28/2025 18:00,3.52290885,6.54405541,3.644867052,R1111
4/28/2025 18:30,3.833503752,6.777944734,3.883635322,R1111
4/28/2025 19:00,3.542805497,6.166294624,3.527855242,R1111
4/28/2025 19:30,2.789859586,5.815750844,3.484685313,R1111
4/28/2025 20:00,2.838894289,5.977096517,3.671199873,R1111
4/28/2025 20:30,2.700725083,5.650482027,3.42537474,R1111
4/28/2025 21:00,3.184899648,5.821447036,4.468142348,R1111
4/28/2025 21:30,3.129579489,5.92896773,4.737695403,R1111
4/28/2025 22:00,3.544427472,5.964506661,4.868718844,R1111
4/28/2025 22:30,2.77566169,5.804833031,4.377997806,R1111
4/28/2025 23:00,3.025098902,6.200667932,4.67894969,R1111
4/28/2025 23:30,3.884861127,6.270646846,5.134974019,R1111
4/29/2025 0:00,3.869258029,6.262939154,4.783417285,R1111
4/29/2025 0:30,0.164484752,3.490079616,0.079524309,R1111
4/29/2025 1:00,-0.238257232,3.067369789,1.531294632,R1111
4/29/2025 1:30,-0.338860907,2.107629614,-1.547911353,R1111
4/29/2025 2:00,-0.20257289,2.176854456,0.810306729,R1111
4/29/2025 2:30,-0.726598433,1.630470917,-0.107507411,R1111
4/29/2025 3:00,0.930239715,1.616268862,-0.319802374,R1111
4/29/2025 3:30,1.241137817,2.293895207,-0.243276679,R1111
4/29/2025 4:00,0.664215437,3.079091548,-0.179070284,R1111
4/29/2025 4:30,1.991472416,3.5707297,-1.433139217,R1111
4/29/2025 5:00,2.41425444,3.935239588,-1.060703745,R1111
4/29/2025 5:30,1.297212803,4.403723441,-0.435210559,R1111
4/29/2025 6:00,3.044510277,4.680297045,0.225729933,R1111
4/29/2025 6:30,5.474492953,7.718902478,3.087895142,R1111
4/29/2025 7:00,6.799751248,9.475389143,6.053962684,R1111
4/29/2025 7:30,8.312075289,10.92425639,6.709871536,R1111
4/29/2025 8:00,9.294806122,12.60005954,9.323117676,R1111
4/29/2025 8:30,10.80884679,14.84735552,11.54719129,R1111
4/29/2025 9:00,11.74435037,16.77250185,14.40120088,R1111
4/29/2025 9:30,12.60776016,18.74633389,16.53168533,R1111
4/29/2025 10:00,14.51821089,19.73853765,18.11945245,R1111
4/29/2025 10:30,14.93800075,20.25839342,18.975034,R1111
4/29/2025 11:00,15.43698688,20.04664047,17.91960988,R1111
4/29/2025 11:30,15.90040367,19.96806714,18.59117874,R1111
4/29/2025 12:00,15.52426017,20.9447843,18.85839142,R1111
4/29/2025 12:30,15.05562766,20.83040431,18.41517054,R1111
4/29/2025 13:00,16.0192899,19.68110658,19.31748718,R1111
4/29/2025 13:30,16.16498712,21.78853362,19.78417736,R1111
4/29/2025 14:00,15.14425734,20.52748299,18.60654294,R1111
4/29/2025 14:30,13.03150856,18.36309405,16.1075104,R1111
4/29/2025 15:00,11.92207814,16.0267221,13.47663201,R1111
4/29/2025 15:30,8.893155381,12.28700201,8.996391511,R1111
4/29/2025 16:00,8.11323381,11.83882136,8.394628824,R1111
4/29/2025 16:30,5.673917231,8.810665769,5.008068027,R1111
4/29/2025 17:00,4.508981368,7.854186989,4.351700534,R1111
4/29/2025 17:30,4.393584337,6.216794443,0.934024152,R1111
4/29/2025 18:00,3.819058722,5.512080226,0.669099113,R1111
4/29/2025 18:30,3.307133937,6.034629764,3.063951307,R1111
4/29/2025 19:00,3.50104614,5.616858378,2.927031687,R1111
4/29/2025 19:30,3.096269882,5.196299431,1.752445665,R1111
4/29/2025 20:00,2.883787981,5.103438156,0.215908006,R1111
4/29/2025 20:30,3.27718624,5.358284635,-0.402123265,R1111
4/29/2025 21:00,3.243677039,5.335629064,0.069835566,R1111
4/29/2025 21:30,3.072682591,5.440333048,0.964528903,R1111
4/29/2025 22:00,3.35914884,5.405236372,0.152155473,R1111
4/29/2025 22:30,3.407929452,5.556364831,-0.26846969,R1111
4/29/2025 23:00,3.248711594,5.52203087,-1.350424655,R1111
4/29/2025 23:30,2.78961512,5.569175318,-2.699832961,R1111
4/30/2025 0:00,3.239133722,5.504083279,-3.897285414,R1111
4/30/2025 0:30,2.785111511,5.501868559,-2.79523006,R1111
4/30/2025 1:00,2.937496061,5.432515653,-3.05003454,R1111
4/30/2025 1:30,2.546713867,5.509246218,-3.701853063,R1111
4/30/2025 2:00,2.358326373,5.447333001,-3.714273292,R1111
4/30/2025 2:30,2.580987598,5.236249871,-2.932489559,R1111
4/30/2025 3:00,2.560796086,5.447379386,-4.636565759,R1111
4/30/2025 3:30,2.54378175,5.502646424,NA,R1111
4/30/2025 4:00,2.594216659,5.498477939,NA,R1111
4/30/2025 12:00,16.22103281,21.9691245,21.35109496,R1111
4/30/2025 12:30,15.64424816,21.64758165,20.28788643,R1111
4/30/2025 13:00,16.14078679,21.97740381,20.29926061,R1111
4/30/2025 13:30,16.07998056,22.46385338,20.93368667,R1111
4/30/2025 14:00,14.35719861,20.58380416,19.91780784,R1111
4/30/2025 14:30,13.21331882,18.84151209,17.08032498,R1111
4/30/2025 15:00,11.72101934,16.95165121,15.11221134,R1111
4/30/2025 15:30,9.503570554,14.40543013,12.14653275,R1111
4/30/2025 16:00,7.760407244,12.21607965,8.384786997,R1111
4/30/2025 16:30,6.954534291,10.98549812,8.966747516,R1111
4/30/2025 17:00,4.576337958,7.947181953,6.072791141,R1111
4/30/2025 17:30,4.052745844,7.14980371,4.807211758,R1111
4/30/2025 18:00,3.6122399,6.501532947,3.757091684,R1111
4/30/2025 18:30,3.62620207,6.759967259,4.444460286,R1111
4/30/2025 19:00,3.358673635,6.145739575,4.370368099,R1111
4/30/2025 19:30,3.048315646,6.107960134,4.395053079,R1111
4/30/2025 20:00,2.938778836,5.78913008,4.139101773,R1111
4/30/2025 20:30,2.984559121,5.688279746,3.677128971,R1111
4/30/2025 21:00,2.912817317,5.490823957,3.830587051,R1111
4/30/2025 21:30,3.036220843,5.746222868,3.496578168,R1111
4/30/2025 22:00,2.973530385,5.730698743,3.513087089,R1111
4/30/2025 22:30,3.213434702,5.858044387,3.640213264,R1111
4/30/2025 23:00,3.013361801,5.962200039,3.413752379,R1111
4/30/2025 23:30,3.030339701,6.070836837,3.309113162,R1111
5/1/2025 0:00,3.025409709,5.969002562,3.089034102,R1111
5/1/2025 0:30,1.185308687,3.367172351,0.720699514,R1111
5/1/2025 1:00,0.647323407,2.707219256,0.217144761,R1111
5/1/2025 1:30,0.248855085,2.256021017,-0.242751121,R1111
5/1/2025 2:00,0.055528155,2.019366382,-0.892251686,R1111
5/1/2025 2:30,-0.287538018,1.625053431,-1.914796207,R1111
5/1/2025 3:00,-0.209125976,1.746879765,-0.957968552,R1111
5/1/2025 3:30,0.049901673,2.474481025,-1.523193677,R1111
5/1/2025 4:00,0.541475329,3.225424458,-0.96122241,R1111
5/1/2025 4:30,1.122715871,4.060029026,0.095860204,R1111
5/1/2025 5:00,1.574286058,4.570735262,0.509221539,R1111
5/1/2025 5:30,2.021471513,5.164723914,0.220067364,R1111
5/1/2025 6:00,2.032841999,5.319422432,1.796311771,R1111
5/1/2025 6:30,4.682477266,8.809796438,4.891478162,R1111
5/1/2025 7:00,5.575644873,10.21657516,6.076023821,R1111
5/1/2025 7:30,6.463386205,11.8544519,8.545659097,R1111
5/1/2025 8:00,8.004915132,13.67813463,10.05812596,R1111
5/1/2025 8:30,10.15715677,16.3402617,13.33030543,R1111
5/1/2025 9:00,11.68697508,18.53993421,15.86415616,R1111
5/1/2025 9:30,12.12703976,19.4217686,16.69362452,R1111
5/1/2025 10:00,13.10252462,20.38608551,18.1795832,R1111
5/1/2025 10:30,13.33360521,20.82368763,18.03103233,R1111
5/1/2025 11:00,13.26860318,20.71336887,17.90600288,R1111
5/1/2025 11:30,13.7784538,20.80816056,18.5478648,R1111
5/1/2025 12:00,13.58605055,21.24028791,18.89962654,R1111
5/1/2025 12:30,14.20972999,21.22781981,18.27162153,R1111
5/1/2025 13:00,14.68055415,21.93768013,19.4754369,R1111
5/1/2025 13:30,15.20128829,22.59546416,19.93044014,R1111
5/1/2025 14:00,14.26910721,21.39841043,18.31156854,R1111
5/1/2025 14:30,12.08584033,18.6294906,16.0503408,R1111
5/1/2025 15:00,10.2622174,16.10266251,12.8373134,R1111
5/1/2025 15:30,8.221084696,13.44888054,9.965423912,R1111
5/1/2025 16:00,6.707916922,11.31356009,7.135340593,R1111
5/1/2025 16:30,6.248495985,10.54813986,7.086939191,R1111
5/1/2025 17:00,4.11085105,7.765931154,3.711840435,R1111
5/1/2025 17:30,3.69418604,6.979952539,2.776938822,R1111
5/1/2025 18:00,3.276822378,6.197446438,2.457465115,R1111
5/1/2025 18:30,3.271869779,6.374710865,3.253652352,R1111
5/1/2025 19:00,2.652881896,6.025934105,1.563433555,R1111
5/1/2025 19:30,2.517786774,6.085820188,1.96581228,R1111
5/1/2025 20:00,2.717314475,5.891937192,1.956987109,R1111
5/1/2025 20:30,2.666877766,5.648121893,1.639000168,R1111
5/1/2025 21:00,2.407983732,5.37200652,2.674543921,R1111
5/1/2025 21:30,2.515914039,5.435284524,1.844386733,R1111
5/1/2025 22:00,2.721840071,5.576812579,1.538256913,R1111
5/1/2025 22:30,2.493629538,5.583096606,1.082928789,R1111
5/1/2025 23:00,2.589228454,5.663127647,1.276791183,R1111
5/1/2025 23:30,2.493462696,5.384284723,1.839846536,R1111
5/2/2025 0:00,2.439761758,5.379581277,0.534076643,R1111
5/2/2025 0:30,2.653866579,5.697823635,0.43193451,R1111
5/2/2025 1:00,2.548171727,5.615113399,1.532524232,R1111
5/2/2025 1:30,2.999409665,6.035286212,2.164045552,R1111
5/2/2025 2:00,2.901859053,6.021854096,1.793752913,R1111
5/2/2025 2:30,3.089123253,5.961329895,1.52256247,R1111
5/2/2025 3:00,2.967608021,6.063235802,0.55635875,R1111
5/2/2025 3:30,3.332472551,6.376328443,1.703037886,R1111
5/2/2025 4:00,3.135777206,6.193484278,1.839514183,R1111
5/2/2025 4:30,3.405028927,6.555415702,2.406665317,R1111
5/2/2025 5:00,3.437026034,6.549628037,1.916972048,R1111
5/2/2025 5:30,3.253632584,6.215437606,0.480219509,R1111
5/2/2025 6:00,2.971819422,6.122297639,0.436489926,R1111
5/2/2025 6:30,6.14405916,9.773487827,5.506997926,R1111
5/2/2025 7:00,6.196868448,10.43929744,6.28775928,R1111
5/2/2025 7:30,7.411587485,11.98153545,8.386817043,R1111
5/2/2025 8:00,8.711023871,14.00044355,11.2896918,R1111
5/2/2025 8:30,10.35601606,15.90627559,12.93455727,R1111
5/2/2025 9:00,11.54422044,17.79566431,14.67540747,R1111
5/2/2025 9:30,12.85329783,19.88946521,17.30865136,R1111
5/2/2025 10:00,13.43937159,20.67057509,18.53672694,R1111
5/2/2025 10:30,13.75051903,20.86034031,18.10718367,R1111
5/2/2025 11:00,13.82823772,21.10249796,19.74480733,R1111
5/2/2025 11:30,14.03604259,21.62749294,19.45214911,R1111
5/2/2025 12:00,14.34169657,21.85430535,19.4179053,R1111
5/2/2025 12:30,14.11439111,21.25867103,18.87179226,R1111
5/2/2025 13:00,14.66345734,21.69211684,19.84171649,R1111
5/2/2025 13:30,14.96256483,21.85499297,20.62436189,R1111
5/2/2025 14:00,13.97485487,20.55050209,18.79264071,R1111
5/2/2025 14:30,11.88368247,18.11856516,15.84843381,R1111
5/2/2025 15:00,10.23649025,15.73058567,13.2531604,R1111
5/2/2025 15:30,8.182233179,13.0640846,9.883620141,R1111
5/2/2025 16:00,6.412790709,10.86501423,7.543809301,R1111
5/2/2025 16:30,6.396823386,10.81279599,9.207130201,R1111
5/2/2025 17:00,4.048774002,7.467646343,4.867168024,R1111
5/2/2025 17:30,3.587857416,6.49690221,1.975528091,R1111
5/2/2025 18:00,2.920350576,5.811756238,2.908392669,R1111
5/2/2025 18:30,3.184945122,6.131252073,2.573665083,R1111
5/2/2025 19:00,3.169694575,5.8285293,2.70739869,R1111
5/2/2025 19:30,3.025631786,5.900372936,2.164694619,R1111
5/2/2025 20:00,2.709944143,5.750399327,2.104178856,R1111
5/2/2025 20:30,2.601048755,5.596716642,2.268960178,R1111
5/2/2025 21:00,2.720587255,5.621835052,1.642633817,R1111
5/2/2025 21:30,2.821659621,5.552581376,1.113996037,R1111
5/2/2025 22:00,2.819678026,5.545938044,1.850782269,R1111
5/2/2025 22:30,2.666995348,5.425261322,0.875792346,R1111
5/2/2025 23:00,2.863844867,5.366348533,0.032953426,R1111
5/2/2025 23:30,2.92835248,5.517493061,1.815813234,R1111
5/3/2025 0:00,2.967690424,5.540971556,2.004657283,R1111
5/3/2025 0:30,3.060568575,5.547659578,2.297428074,R1111
5/3/2025 1:00,3.290500915,5.936274545,-1.317672232,R1111
5/3/2025 1:30,3.478472353,5.93533981,1.816584999,R1111
5/3/2025 2:00,3.111243384,5.639891035,0.240687008,R1111
5/3/2025 2:30,3.038584396,5.699597359,0.282162625,R1111
5/3/2025 3:00,3.327140595,5.932858074,-0.310674954,R1111
5/3/2025 3:30,3.508429562,5.862493584,-0.418448048,R1111
5/3/2025 4:00,3.540767228,5.94889381,-0.499279504,R1111
5/3/2025 4:30,3.554732668,5.922971017,-0.575567093,R1111
5/3/2025 5:00,3.527658297,5.980675888,-1.054345389,R1111
5/3/2025 5:30,3.537404116,6.043341434,1.381437895,R1111
5/3/2025 6:00,3.227597799,5.643131811,-1.03509166,R1111
5/3/2025 6:30,5.927146785,9.481698218,4.343912167,R1111
5/3/2025 7:00,6.620985132,10.32207991,4.197411735,R1111
5/3/2025 7:30,7.718422086,11.72003237,6.103431799,R1111
5/3/2025 8:00,8.901189185,13.04956114,7.95738415,R1111
5/3/2025 8:30,10.60307099,15.02610971,10.35975494,R1111
5/3/2025 9:00,12.54872995,17.82672283,13.75116853,R1111
5/3/2025 9:30,14.26017722,20.00001173,15.55949426,R1111
5/3/2025 10:00,15.05552043,20.93937266,17.08951331,R1111
5/3/2025 10:30,15.2584064,21.03784412,17.02133592,R1111
5/3/2025 11:00,15.21271168,20.80422794,16.9673486,R1111
5/3/2025 11:30,15.66175146,20.70228391,17.1873736,R1111
5/3/2025 12:00,15.71539895,21.50351256,16.45678083,R1111
5/3/2025 12:30,15.69733773,21.59166237,16.22255313,R1111
5/3/2025 13:00,16.78615994,22.1236114,17.67399531,R1111
5/3/2025 13:30,16.77078819,22.53335993,18.60784731,R1111
5/3/2025 14:00,15.96064672,21.22227659,17.245138,R1111
5/3/2025 14:30,14.02327274,18.79934024,14.45888869,R1111
5/3/2025 15:00,11.77702465,16.30194655,11.03153989,R1111
5/3/2025 15:30,9.763822698,13.81810629,7.495333456,R1111
5/3/2025 16:00,8.57786131,12.08527644,5.68922168,R1111
5/3/2025 16:30,7.323416778,10.98088235,4.107205733,R1111
5/3/2025 17:00,5.379219114,8.120249218,0.486223505,R1111
5/3/2025 17:30,4.932392569,7.068017446,-1.422073146,R1111
5/3/2025 18:00,4.639382164,6.21934388,-2.474147245,R1111
5/3/2025 18:30,4.59612247,6.215674779,-2.699183626,R1111
5/3/2025 19:00,4.485321532,5.9968398,-4.41801549,R1111
5/3/2025 19:30,4.355986573,5.948982907,-3.650057603,R1111
5/3/2025 20:00,4.179611659,5.956118495,-2.847530709,R1111
5/3/2025 20:30,4.443430388,6.082985019,-4.230509834,R1111
5/3/2025 21:00,4.399999167,6.04060428,-4.765246693,R1111
5/3/2025 21:30,4.207895352,5.68099285,NA,R1111
5/3/2025 22:00,4.189785995,5.508081309,NA,R1111
5/3/2025 22:30,4.158748959,5.56861461,NA,R1111
5/3/2025 23:00,4.622938883,5.767157794,NA,R1111
5/3/2025 23:30,4.315444089,5.749969835,NA,R1111
5/4/2025 0:00,4.256473222,5.712005727,NA,R1111
5/4/2025 0:30,2.462147049,3.641597893,NA,R1111
5/4/2025 1:00,1.872614789,2.956129233,NA,R1111
5/4/2025 1:30,1.69642383,2.32969255,NA,R1111
5/4/2025 2:00,1.266393234,2.141333837,NA,R1111
5/4/2025 2:30,1.095963537,1.918879195,NA,R1111
5/4/2025 3:00,0.746231145,1.900889738,NA,R1111
5/4/2025 3:30,1.197179692,2.377480876,NA,R1111
5/4/2025 4:00,1.550167764,3.037749376,NA,R1111
5/4/2025 4:30,2.028397334,3.756612155,NA,R1111
5/4/2025 5:00,2.211731805,4.056473671,NA,R1111
5/4/2025 5:30,2.44798599,4.382967584,NA,R1111
5/4/2025 6:00,2.431851048,4.553445493,NA,R1111
5/4/2025 6:30,2.684358275,4.945983108,NA,R1111
5/4/2025 7:00,3.593134305,6.143410813,NA,R1111
5/4/2025 7:30,4.916821061,7.212401063,NA,R1111
5/4/2025 8:00,6.253723125,9.675574218,-3.883354962,R1111
5/4/2025 8:30,8.11248018,11.71104229,-0.548426001,R1111
5/4/2025 9:00,10.682083,15.63183469,5.295963294,R1111
5/4/2025 9:30,12.24526655,17.14376931,7.905680771,R1111
5/4/2025 10:00,9.342909889,13.87143474,3.004576514,R1111
5/4/2025 10:30,9.284395097,13.95731667,1.178372303,R1111
5/4/2025 11:00,13.2411126,18.72370952,8.411449362,R1111
5/4/2025 11:30,12.71419372,17.62661873,7.284235489,R1111
5/4/2025 12:00,12.94680744,17.74366878,7.18106069,R1111
5/4/2025 12:30,13.61995913,19.3090907,9.622112659,R1111
5/4/2025 13:00,12.72217811,18.06445725,7.64717175,R1111
5/4/2025 13:30,12.43678834,17.85020067,6.982485219,R1111
5/4/2025 14:00,10.48951235,14.84274827,2.861948859,R1111
5/4/2025 14:30,7.408601357,10.77979308,-0.490186129,R1111
5/4/2025 15:00,8.91084586,12.91865534,1.568351202,R1111
5/4/2025 15:30,8.451340572,12.68349284,1.586748934,R1111
5/4/2025 16:00,7.071631759,10.74826202,-0.625526701,R1111
5/4/2025 16:30,6.332753749,9.715152359,-1.857303435,R1111
5/4/2025 17:00,4.058331133,6.850661702,NA,R1111
5/4/2025 17:30,4.052868446,6.444212541,NA,R1111
5/4/2025 18:00,3.20009414,5.1996764,NA,R1111
5/4/2025 18:30,2.883934324,5.339320922,NA,R1111
5/4/2025 19:00,2.978438478,5.161422004,NA,R1111
5/4/2025 19:30,2.929399659,5.311446489,NA,R1111
5/4/2025 20:00,3.343947124,5.459442106,NA,R1111
5/4/2025 20:30,3.081607544,5.166048078,NA,R1111
5/4/2025 21:00,3.04337138,5.350596628,NA,R1111
5/4/2025 21:30,3.340496278,5.490674687,NA,R1111
5/4/2025 22:00,3.719594815,5.680652238,NA,R1111
5/4/2025 22:30,3.690587961,5.889374252,NA,R1111
5/4/2025 23:00,3.43528363,5.703830712,NA,R1111
5/4/2025 23:30,3.976521164,5.752537238,NA,R1111
5/5/2025 0:00,3.262743733,5.034285064,NA,R1111
5/5/2025 0:30,3.324185092,5.122151345,NA,R1111
5/5/2025 1:00,3.485690317,5.284699531,NA,R1111
5/5/2025 1:30,3.666738022,5.362685021,NA,R1111
5/5/2025 2:00,3.375148928,5.63897005,NA,R1111
5/5/2025 2:30,3.759989462,5.705423737,NA,R1111
5/5/2025 3:00,3.852572307,5.586820779,NA,R1111
5/5/2025 3:30,3.843950208,5.555366333,NA,R1111
5/5/2025 4:00,3.807722532,5.470238454,NA,R1111
5/5/2025 4:30,3.833053105,5.5638894,NA,R1111
5/5/2025 5:00,3.852941441,5.404044341,NA,R1111
5/5/2025 5:30,3.968169873,5.528006547,NA,R1111
5/5/2025 6:00,3.868059238,5.157951852,NA,R1111
5/5/2025 6:30,3.807810078,5.801467074,NA,R1111
5/5/2025 7:00,5.404051952,8.127332203,NA,R1111
5/5/2025 7:30,10.51260887,14.34914241,3.771469692,R1111
5/5/2025 8:00,8.972217061,11.13880904,NA,R1111
5/5/2025 8:30,5.848488046,7.566324495,NA,R1111
5/5/2025 9:00,7.288186835,9.462736524,-4.184439981,R1111
5/5/2025 9:30,8.438742261,11.21317041,-1.989041218,R1111
5/5/2025 10:00,11.27165875,14.89174071,0.141989504,R1111
5/5/2025 10:30,13.06910494,16.833714,5.697010643,R1111
5/5/2025 11:00,12.05711045,15.68118553,6.289305847,R1111
5/5/2025 11:30,11.18430256,14.76953884,4.714109569,R1111
5/5/2025 12:00,11.82027209,15.77407635,7.04323011,R1111
5/5/2025 12:30,10.70844111,14.69090909,5.950580562,R1111
5/5/2025 13:00,9.912138882,13.29070065,3.899569908,R1111
5/5/2025 13:30,9.395897382,12.63540572,3.643363758,R1111
5/5/2025 14:00,9.483047859,12.90226469,3.422076686,R1111
5/5/2025 14:30,9.233574262,12.29888903,2.032288024,R1111
5/5/2025 15:00,6.946696839,9.877702965,-1.902820742,R1111
5/5/2025 15:30,6.560435936,8.922649537,-3.009199856,R1111
5/5/2025 16:00,6.207136489,8.378133868,-3.873461285,R1111
5/5/2025 16:30,6.072566054,8.159265158,-3.556516986,R1111
5/5/2025 17:00,5.030223065,6.800677586,NA,R1111
5/5/2025 17:30,4.305248316,5.956425934,NA,R1111
5/5/2025 18:00,3.525431272,4.845983313,NA,R1111
5/5/2025 18:30,3.358329543,4.634854392,NA,R1111
5/5/2025 19:00,3.413310678,4.920546932,NA,R1111
5/5/2025 19:30,3.306227576,4.703851689,NA,R1111
5/5/2025 20:00,3.381047205,5.105554117,NA,R1111
5/5/2025 20:30,3.238112942,5.010500519,NA,R1111
5/5/2025 21:00,3.618187435,5.446941759,NA,R1111
5/5/2025 21:30,3.660174738,5.309569145,NA,R1111
5/5/2025 22:00,3.051468814,4.846442651,NA,R1111
5/5/2025 22:30,3.204405255,4.770592363,NA,R1111
5/5/2025 23:00,3.571897953,5.1722252,NA,R1111
5/5/2025 23:30,3.14433861,5.045524407,NA,R1111
5/6/2025 0:00,3.529305876,5.066495485,NA,R1111
5/6/2025 0:30,1.711479731,2.84946393,NA,R1111
5/6/2025 1:00,1.392890044,2.341749749,NA,R1111
5/6/2025 1:30,0.67304937,1.498217744,NA,R1111
5/6/2025 2:00,0.883791222,1.566382754,NA,R1111
5/6/2025 2:30,0.584651119,1.720139969,NA,R1111
5/6/2025 3:00,0.654712097,1.504627964,NA,R1111
5/6/2025 3:30,1.082523657,1.997772538,NA,R1111
5/6/2025 4:00,1.624670311,3.031342322,NA,R1111
5/6/2025 4:30,1.998813588,3.353706466,NA,R1111
5/6/2025 5:00,2.160873185,3.801805299,NA,R1111
5/6/2025 5:30,2.394185261,4.353532318,NA,R1111
5/6/2025 6:00,2.231506767,4.294540131,NA,R1111
5/6/2025 6:30,2.391216318,4.253907563,NA,R1111
5/6/2025 7:00,2.697383208,4.766438995,NA,R1111
5/6/2025 7:30,2.826856139,4.968324283,NA,R1111
5/6/2025 8:00,3.695542489,5.873093997,NA,R1111
5/6/2025 8:30,3.738788837,6.105633701,NA,R1111
5/6/2025 9:00,4.639992796,7.265755343,NA,R1111
5/6/2025 9:30,3.860243059,6.257382108,NA,R1111
5/6/2025 10:00,4.796783019,7.634591903,NA,R1111
5/6/2025 10:30,6.507664627,9.949078559,-3.070784092,R1111
5/6/2025 11:00,7.994792861,11.8222429,-1.572490877,R1111
5/6/2025 11:30,8.499824807,12.15311742,-2.303555099,R1111
5/6/2025 12:00,10.13375684,14.4797095,5.824702227,R1111
5/6/2025 12:30,9.180557854,13.19085234,5.619795375,R1111
5/6/2025 13:00,9.772130405,13.94656947,4.190124485,R1111
5/6/2025 13:30,9.93846937,14.19563212,-0.165345465,R1111
5/6/2025 14:00,9.359468045,13.6323144,3.506337557,R1111
5/6/2025 14:30,8.57985571,12.64268787,-1.816201259,R1111
5/6/2025 15:00,8.206028421,12.2633124,0.149626649,R1111
5/6/2025 15:30,6.619663374,10.24528569,NA,R1111
5/6/2025 16:00,4.504518258,6.955899242,NA,R1111
5/6/2025 16:30,4.528801665,6.886334932,-4.969412962,R1111
5/6/2025 17:00,3.166372987,5.356430125,NA,R1111
5/6/2025 17:30,2.629944787,4.357473901,NA,R1111
5/6/2025 18:00,2.259601301,3.889872435,NA,R1111
5/6/2025 18:30,1.738574985,3.872445508,NA,R1111
5/6/2025 19:00,1.478902958,3.574253289,1.867750183,R1111
5/6/2025 19:30,2.10703263,4.125113795,NA,R1111
5/6/2025 20:00,2.466418742,4.53227659,NA,R1111
5/6/2025 20:30,2.5543327,4.593650863,NA,R1111
5/6/2025 21:00,2.390172015,4.531017743,-3.551712692,R1111
5/6/2025 21:30,2.300396531,4.762212922,-4.938644051,R1111
5/6/2025 22:00,2.521320138,4.703669516,-4.097065408,R1111
5/6/2025 22:30,2.759328644,5.052869805,NA,R1111
5/6/2025 23:00,2.721001349,4.64095753,NA,R1111
5/6/2025 23:30,2.60710863,4.959792655,NA,R1111
5/7/2025 0:00,2.63720372,4.593130599,NA,R1111
5/7/2025 0:30,2.708395377,4.972443876,NA,R1111
5/7/2025 1:00,2.70412598,4.727035781,NA,R1111
5/7/2025 1:30,2.728918072,4.771677666,NA,R1111
5/7/2025 2:00,2.654329435,4.901790342,NA,R1111
5/7/2025 2:30,2.611510226,4.929963633,NA,R1111
5/7/2025 3:00,2.718382533,4.762060795,NA,R1111
5/7/2025 3:30,2.912516541,5.151871676,NA,R1111
5/7/2025 4:00,2.371851429,4.362208678,NA,R1111
5/7/2025 4:30,2.436863465,4.625447698,NA,R1111
5/7/2025 5:00,3.219921886,5.159546827,NA,R1111
5/7/2025 5:30,2.709095946,4.807720038,NA,R1111
5/7/2025 6:00,2.747432707,4.599442104,NA,R1111
5/7/2025 6:30,5.370866344,8.105829054,NA,R1111
5/7/2025 7:00,4.84986179,7.948219188,NA,R1111
5/7/2025 7:30,5.827915718,9.152900263,-4.713700926,R1111
5/7/2025 8:00,7.057700103,10.80860211,-1.935073599,R1111
5/7/2025 8:30,8.206816729,12.30775993,3.039770918,R1111
5/7/2025 9:00,9.210252572,13.79822356,5.885599624,R1111
5/7/2025 9:30,11.32233115,16.41447179,5.421998741,R1111
5/7/2025 10:00,11.21601437,16.28799197,8.353530526,R1111
5/7/2025 10:30,11.5450546,16.83076513,9.445420742,R1111
5/7/2025 11:00,12.20119839,17.78784801,7.845711147,R1111
5/7/2025 11:30,12.73701415,18.33724554,12.17770949,R1111
5/7/2025 12:00,13.31986862,18.90253639,10.31071605,R1111
5/7/2025 12:30,10.90652205,16.6628924,8.675339331,R1111
5/7/2025 13:00,12.55033357,18.1655553,10.59764518,R1111
5/7/2025 13:30,13.02799934,18.56227399,10.47632338,R1111
5/7/2025 14:00,12.67915941,18.57890094,9.743546619,R1111
5/7/2025 14:30,11.8392293,17.52879783,11.00557723,R1111
5/7/2025 15:00,9.254767248,14.09383641,6.623588945,R1111
5/7/2025 15:30,8.102103544,12.26852094,3.576139289,R1111
5/7/2025 16:00,6.155621813,10.07284894,1.02834762,R1111
5/7/2025 16:30,6.135606515,9.291366684,1.180689823,R1111
5/7/2025 17:00,3.626161029,5.706237493,-3.72135489,R1111
5/7/2025 17:30,3.667626462,5.568787976,-3.421577168,R1111
5/7/2025 18:00,2.765369937,4.568078472,NA,R1111
5/7/2025 18:30,2.708909344,4.824736003,NA,R1111
5/7/2025 19:00,2.387672222,4.563695132,-3.85564356,R1111
5/7/2025 19:30,2.289199499,4.512931616,-3.695360891,R1111
5/7/2025 20:00,2.359587537,4.503015908,-4.097894604,R1111
5/7/2025 20:30,2.350714776,4.511598085,NA,R1111
5/7/2025 21:00,2.653783352,4.548470582,-4.801157825,R1111
5/7/2025 21:30,2.35066342,4.459913837,-4.705060813,R1111
5/7/2025 22:00,2.399240875,4.563839108,-3.5114647,R1111
5/7/2025 22:30,2.594841142,4.592320547,0.998271646,R1111
5/7/2025 23:00,2.709949639,4.921354458,-2.319416802,R1111
5/7/2025 23:30,2.972894534,5.21890912,-0.002496821,R1111
5/8/2025 0:00,3.273526122,5.236076289,NA,R1111
5/8/2025 0:30,1.168661278,2.644216687,NA,R1111
5/8/2025 1:00,0.954933581,2.256157358,NA,R1111
5/8/2025 1:30,0.349966053,1.332874452,NA,R1111
5/8/2025 2:00,0.335783239,1.425026269,NA,R1111
5/8/2025 2:30,0.046644056,1.276183727,NA,R1111
5/8/2025 3:00,0.169343332,1.185354364,NA,R1111
5/8/2025 3:30,0.458032014,1.878664419,NA,R1111
5/8/2025 4:00,1.027244695,2.609525493,NA,R1111
5/8/2025 4:30,0.919403785,2.837077723,NA,R1111
5/8/2025 5:00,1.071473092,3.512943814,NA,R1111
5/8/2025 5:30,1.468025451,3.579570144,NA,R1111
5/8/2025 6:00,1.682784181,3.766590059,NA,R1111
5/8/2025 6:30,2.719152764,5.540862956,NA,R1111
5/8/2025 7:00,3.240791234,6.532816945,NA,R1111
5/8/2025 7:30,4.285556164,7.954550104,NA,R1111
5/8/2025 8:00,5.246749726,8.937752165,NA,R1111
5/8/2025 8:30,6.485096331,10.69347653,NA,R1111
5/8/2025 9:00,8.11954236,12.67697285,NA,R1111
5/8/2025 9:30,9.325756674,14.47190296,NA,R1111
5/8/2025 10:00,10.50930151,15.59679276,NA,R1111
5/8/2025 10:30,10.89700583,15.93910653,NA,R1111
5/8/2025 11:00,11.53042774,16.52355363,NA,R1111
5/8/2025 11:30,11.52196924,17.00593496,NA,R1111
5/8/2025 12:00,12.24177799,16.54352179,NA,R1111
5/8/2025 12:30,10.87735946,15.38782458,NA,R1111
5/8/2025 13:00,12.24841682,16.79609101,NA,R1111
5/8/2025 13:30,13.45581082,18.27041186,NA,R1111
5/8/2025 14:00,11.6518911,16.39333637,NA,R1111
5/8/2025 14:30,11.28130672,16.43693974,NA,R1111
5/8/2025 15:00,9.426561401,13.50169379,NA,R1111
5/8/2025 15:30,7.445509127,10.82169677,NA,R1111
5/8/2025 16:00,5.709780264,9.594942335,NA,R1111
5/8/2025 16:30,5.662151502,8.914829847,NA,R1111
5/8/2025 17:00,3.170575258,5.483353943,NA,R1111
5/8/2025 17:30,2.83403341,4.389308016,NA,R1111
5/8/2025 18:00,1.861200779,2.779721017,NA,R1111
5/8/2025 18:30,1.899326344,3.313667042,NA,R1111
5/8/2025 19:00,1.373932088,2.806398104,NA,R1111
5/8/2025 19:30,0.332175804,1.539787389,NA,R1111
5/8/2025 20:00,1.575905623,3.439877923,NA,R1111
5/8/2025 20:30,1.003277842,3.27873442,NA,R1111
5/9/2025 11:00,13.08804867,19.09312741,14.62269884,R1111
5/9/2025 11:30,13.09084525,19.73766318,15.19629398,R1111
5/9/2025 12:00,13.74630157,19.99767154,14.32946007,R1111
5/9/2025 12:30,12.41404074,18.56187726,12.22344841,R1111
5/9/2025 13:00,14.6069354,20.27181831,12.86057261,R1111
5/9/2025 13:30,14.87305052,22.08886411,15.42806987,R1111
5/9/2025 14:00,13.96870715,20.38307693,13.96295817,R1111
5/9/2025 14:30,13.27135955,19.00331445,12.41483251,R1111
5/9/2025 15:00,11.97862771,17.43681838,11.98326077,R1111
5/9/2025 15:30,10.53510003,15.68208962,8.86531693,R1111
5/9/2025 16:00,8.167271116,12.77931925,5.45671991,R1111
5/9/2025 16:30,7.537923739,11.52503611,4.516987255,R1111
5/9/2025 17:00,4.8149758,7.727293121,-0.228151434,R1111
5/9/2025 17:30,3.944308342,6.238323,-2.252383494,R1111
5/9/2025 18:00,3.091105198,5.199396769,-2.707220689,R1111
5/9/2025 18:30,2.793699329,4.624629528,-3.324151426,R1111
5/9/2025 19:00,2.230402518,4.383185462,-3.13347904,R1111
5/9/2025 19:30,2.688974507,4.723370961,-1.615134431,R1111
5/9/2025 20:00,2.552284768,4.537648806,-2.122785124,R1111
5/9/2025 20:30,2.307842168,4.604575916,-3.076379667,R1111
5/9/2025 21:00,2.24923736,4.635984983,-2.759235014,R1111
5/9/2025 21:30,2.194794085,4.539184154,-1.838929529,R1111
5/9/2025 22:00,2.092900188,4.303966616,-2.775796745,R1111
5/9/2025 22:30,2.233255961,4.527889707,-2.52992374,R1111
5/9/2025 23:00,2.361345654,4.541244266,-1.968118857,R1111
5/9/2025 23:30,2.558596457,4.717137701,-1.449012715,R1111
5/10/2025 0:00,2.484397928,4.968677625,-1.975326285,R1111
5/10/2025 0:30,2.561235556,4.82157664,-1.122990083,R1111
5/10/2025 1:00,2.719912998,4.768024316,-1.452765822,R1111
5/10/2025 1:30,2.905912882,5.017836615,-1.094083732,R1111
5/10/2025 2:00,2.405201977,4.912605473,-1.415629975,R1111
5/10/2025 2:30,2.842718633,4.993207015,-1.164442824,R1111
5/10/2025 3:00,2.516435554,5.027429781,-1.905421595,R1111
5/10/2025 3:30,3.113575223,5.147449082,-1.173117499,R1111
5/10/2025 4:00,2.894532786,5.117504015,0.676885326,R1111
5/10/2025 4:30,2.499290056,4.765733723,-1.464170664,R1111
5/10/2025 5:00,2.225268334,4.186623042,12.02435112,R1111
5/10/2025 5:30,2.863823497,5.314574521,-1.204848282,R1111
5/10/2025 6:00,2.860495313,5.092352395,-0.546936381,R1111
5/10/2025 6:30,5.194388878,8.460495682,2.623751022,R1111
5/10/2025 7:00,5.962375214,9.361938358,7.940890555,R1111
5/10/2025 7:30,7.337756745,10.84596949,5.223215411,R1111
5/10/2025 8:00,8.17172874,12.00822365,7.475716369,R1111
5/10/2025 8:30,9.797344161,14.66596199,13.23328016,R1111
5/10/2025 9:00,11.9012665,17.19405718,14.60923663,R1111
5/10/2025 9:30,12.92264417,18.64746484,16.84293565,R1111
5/10/2025 10:00,13.70768412,19.13729907,13.74407627,R1111
5/10/2025 10:30,13.38174335,18.98350171,13.30127166,R1111
5/10/2025 11:00,13.54017622,19.09179325,14.62726803,R1111
5/10/2025 11:30,13.82695372,19.81816783,16.94438245,R1111
5/10/2025 12:00,14.39925889,19.92421867,16.09378021,R1111
5/10/2025 12:30,14.26272753,20.02865281,16.94819392,R1111
5/10/2025 13:00,15.23192445,20.99018441,18.15919489,R1111
5/10/2025 13:30,15.67080111,21.08355285,17.51347683,R1111
5/10/2025 14:00,14.39706736,20.04352794,16.07924837,R1111
5/10/2025 14:30,13.40323097,18.71454062,14.76930082,R1111
5/10/2025 15:00,12.1379688,17.10490304,12.98451644,R1111
5/10/2025 15:30,10.23347879,14.64832849,9.550464148,R1111
5/10/2025 16:00,8.905519854,12.9694788,7.104373475,R1111
5/10/2025 16:30,7.552526835,11.24504342,6.042795389,R1111
5/10/2025 17:00,5.195605205,7.786959836,1.810249772,R1111
5/10/2025 17:30,4.927866717,7.367448111,-0.339373648,R1111
5/10/2025 18:00,4.088295777,6.284671606,-1.742753921,R1111
5/10/2025 18:30,3.594671733,5.618420506,-1.101191795,R1111
5/10/2025 19:00,2.673160266,4.66996655,-1.830060301,R1111
5/10/2025 19:30,2.314420241,4.329582866,-1.528363519,R1111
5/10/2025 20:00,2.205125403,4.209404845,-2.196236353,R1111
5/10/2025 20:30,2.158802341,4.099710785,-3.60097592,R1111
5/10/2025 21:00,2.186739209,4.068043367,-1.216390512,R1111
5/10/2025 21:30,2.143672645,3.898512033,-2.920945477,R1111
5/10/2025 22:00,2.480829888,4.094716016,-0.295262155,R1111
5/10/2025 22:30,2.690155064,4.563264681,-2.341549048,R1111
5/10/2025 23:00,3.036304797,4.782057998,-1.525478033,R1111
5/10/2025 23:30,3.039641588,4.737387722,-1.829662889,R1111
5/11/2025 0:00,3.160625157,4.756328935,-3.09810268,R1111
5/11/2025 0:30,1.144226693,2.392866185,-4.404380692,R1111
5/11/2025 1:00,0.872008299,1.463695523,NA,R1111
5/11/2025 1:30,0.306403273,1.274796413,NA,R1111
5/11/2025 2:00,0.296690023,1.059794534,NA,R1111
5/11/2025 2:30,0.164157033,0.594045518,NA,R1111
5/11/2025 3:00,-0.2643452,0.525882163,NA,R1111
5/11/2025 3:30,-0.552879077,0.377666375,NA,R1111
5/11/2025 4:00,-0.094280139,0.829070967,NA,R1111
5/11/2025 4:30,0.007310893,1.176654003,NA,R1111
5/11/2025 5:00,0.135731283,1.766276151,NA,R1111
5/11/2025 5:30,1.002351898,2.943488853,NA,R1111
5/11/2025 6:00,1.452332673,3.417826783,-2.725045727,R1111
5/11/2025 6:30,2.924515816,5.863620314,-1.200669379,R1111
5/11/2025 7:00,4.25880584,7.707039475,0.172692372,R1111
5/11/2025 7:30,5.559630928,8.948465373,-0.083885731,R1111
5/11/2025 8:00,6.200838657,10.02224589,4.9033827,R1111
5/11/2025 8:30,7.568450393,11.96261164,6.996437885,R1111
5/11/2025 9:00,8.700638232,13.88867836,8.249494278,R1111
5/11/2025 9:30,9.944387214,15.51153966,10.4860983,R1111
5/11/2025 10:00,11.06931039,16.91664875,9.950553968,R1111
5/11/2025 10:30,11.96639746,17.8386319,10.30812865,R1111
5/11/2025 11:00,12.18842221,18.06514314,10.4774551,R1111
5/11/2025 11:30,12.82877678,18.95362084,12.58437784,R1111
5/11/2025 12:00,12.77672575,17.92692704,12.08079809,R1111
5/11/2025 12:30,13.00476798,18.85284863,14.40040741,R1111
5/11/2025 13:00,11.64334412,17.39974707,12.08489213,R1111
5/11/2025 13:30,11.8511366,17.33327368,11.74067163,R1111
5/11/2025 14:00,11.72010187,17.29728036,10.35529334,R1111
5/11/2025 14:30,11.25598407,16.05316477,11.11671011,R1111
5/11/2025 15:00,10.41562769,15.222625,9.72049883,R1111
5/11/2025 15:30,9.44517171,13.81630068,7.073625471,R1111
5/11/2025 16:00,7.230755395,11.21736337,5.903489047,R1111
5/11/2025 16:30,5.376228008,8.726818604,2.856183288,R1111
5/11/2025 17:00,3.397547519,5.858718236,-0.319052297,R1111
5/11/2025 17:30,4.490090649,6.822046831,0.110526265,R1111
5/11/2025 18:00,2.837728572,4.684373981,-4.686911836,R1111
5/11/2025 18:30,2.085132917,3.791877202,-3.000486288,R1111
5/11/2025 19:00,2.209854888,4.160867855,-1.282674833,R1111
5/11/2025 19:30,2.748584814,4.490323068,-1.14338369,R1111
5/11/2025 20:00,1.996501672,3.323651881,-4.900634638,R1111
5/11/2025 20:30,1.786239124,3.303360564,-4.351704832,R1111
5/11/2025 21:00,1.98345144,3.385222095,-4.646661422,R1111
5/11/2025 21:30,2.319578125,3.798129674,-1.806358833,R1111
5/11/2025 22:00,2.586238421,4.535782716,0.294849722,R1111
5/11/2025 22:30,2.807672613,4.700932568,-1.770062746,R1111
5/11/2025 23:00,2.689874168,4.719583149,-4.907581232,R1111
5/11/2025 23:30,1.777403856,3.561449942,NA,R1111
5/12/2025 0:00,1.713353038,2.994952505,NA,R1111
5/12/2025 0:30,1.794114779,3.074150743,NA,R1111
5/12/2025 1:00,1.78084178,3.301811639,-4.601213208,R1111
5/12/2025 1:30,1.696307644,3.207039597,-2.149412801,R1111
5/12/2025 2:00,1.980717255,3.491284347,-3.370553275,R1111
5/12/2025 2:30,2.558311444,4.491137158,-0.664037291,R1111
5/12/2025 3:00,2.601698251,4.687522769,-3.744578986,R1111
5/12/2025 3:30,2.767721568,4.654703367,-4.575931887,R1111
5/12/2025 4:00,2.70564546,4.563647639,-4.353218742,R1111
5/12/2025 4:30,3.06105486,4.890708952,-4.790173306,R1111
5/12/2025 5:00,2.618986019,4.818483569,-4.573646468,R1111
5/12/2025 5:30,2.584475564,4.750812758,NA,R1111
5/12/2025 6:00,3.405178038,5.576292767,-3.264533258,R1111
5/12/2025 6:30,4.034568441,7.326409441,-2.870105831,R1111
5/12/2025 7:00,5.075702753,8.610816353,-0.469857329,R1111
5/12/2025 7:30,6.833977859,11.22573982,1.605996301,R1111
5/12/2025 8:00,8.028814455,12.62317779,-0.074574274,R1111
5/12/2025 8:30,8.724750442,13.33145068,0.444027689,R1111
5/12/2025 9:00,10.38630137,14.93497151,5.026396542,R1111
5/12/2025 9:30,10.64328184,15.4338092,7.601827334,R1111
5/12/2025 10:00,11.02415198,16.02362973,9.031196928,R1111
5/12/2025 10:30,11.31072605,16.45005252,10.90956887,R1111
5/12/2025 11:00,12.18111826,16.97703102,12.07724412,R1111
5/12/2025 11:30,10.03871949,14.57269739,10.838908,R1111
5/12/2025 12:00,8.59295204,12.32404596,10.17462911,R1111
5/12/2025 12:30,11.24865458,14.93610958,10.78209508,R1111
5/12/2025 13:00,13.51760166,17.39952962,12.04960866,R1111
5/12/2025 13:30,13.60819998,18.1067907,13.62957063,R1111
5/12/2025 14:00,13.02253956,17.56286664,14.2329955,R1111
5/12/2025 14:30,13.46164754,17.96086147,15.07186056,R1111
5/12/2025 15:00,14.08235167,18.87084523,15.20244957,R1111
5/12/2025 15:30,13.71926687,19.21686657,17.27168808,R1111
5/12/2025 16:00,12.60541609,17.53589103,13.69121404,R1111
5/12/2025 16:30,11.02145588,15.68942372,11.53998262,R1111
5/12/2025 17:00,7.500777093,10.72851548,3.74130202,R1111
5/12/2025 17:30,7.734274793,10.34530617,3.331402542,R1111
5/12/2025 18:00,4.50311679,6.414888387,-1.317795392,R1111
5/12/2025 18:30,3.467581126,5.111874089,-3.066249729,R1111
5/12/2025 19:00,2.617629838,4.296387391,NA,R1111
5/12/2025 19:30,2.698110237,3.926952436,NA,R1111
5/12/2025 20:00,2.616146439,4.095264652,-4.652023979,R1111
5/12/2025 20:30,2.443037373,4.102935548,-4.271632095,R1111
5/12/2025 21:00,2.213356226,3.90566681,-2.364402684,R1111
5/12/2025 21:30,1.998852069,3.433070576,NA,R1111
5/12/2025 22:00,1.952341636,3.413732165,NA,R1111
5/12/2025 22:30,1.879731198,3.453440954,-4.713765336,R1111
5/12/2025 23:00,1.859467045,3.525434269,NA,R1111
5/12/2025 23:30,1.828841275,3.575645963,NA,R1111
5/13/2025 0:00,1.924223115,3.400428841,NA,R1111
5/13/2025 0:30,-0.351716847,0.401604069,0.241233805,R1111
5/13/2025 1:00,-0.481226107,0.552021443,-3.005025851,R1111
5/13/2025 1:30,-0.765023431,-0.177844468,-4.835134816,R1111
5/13/2025 2:00,-0.562996498,-0.288782441,NA,R1111
5/13/2025 2:30,-0.75940324,0.321532365,NA,R1111
5/13/2025 3:00,-1.184131023,-0.803850827,NA,R1111
5/13/2025 3:30,-0.600437709,0.103862553,NA,R1111
5/13/2025 4:00,-0.60263257,0.20573603,NA,R1111
5/13/2025 4:30,-0.219947297,0.896885171,NA,R1111
5/13/2025 5:00,0.623731602,1.766308627,NA,R1111
5/13/2025 5:30,1.104465799,3.065906112,NA,R1111
5/13/2025 6:00,0.86096707,3.031708256,-0.127722737,R1111
5/13/2025 6:30,1.761833744,4.178404154,-4.756227649,R1111
5/13/2025 7:00,3.155637696,5.793299857,NA,R1111
5/13/2025 7:30,5.816231802,9.52068784,3.666002038,R1111
5/13/2025 8:00,6.848268762,10.83727513,4.324914986,R1111
5/13/2025 8:30,6.88822083,11.54296314,7.35771158,R1111
5/13/2025 9:00,6.586460063,11.04623406,5.30727507,R1111
5/13/2025 9:30,9.534537449,15.51172686,10.28304165,R1111
5/13/2025 10:00,11.31006453,17.68720296,13.15113867,R1111
5/13/2025 10:30,12.19674369,18.21940988,14.18741683,R1111
5/13/2025 11:00,11.49469768,17.93596951,11.75957027,R1111
5/13/2025 11:30,12.04260969,18.50051489,13.05496749,R1111
5/13/2025 12:00,12.75951523,18.76257273,13.35374067,R1111
5/13/2025 12:30,13.42000361,19.57891593,15.48719561,R1111
5/13/2025 13:00,14.83083512,21.38410462,17.2254369,R1111
5/13/2025 13:30,15.28680507,21.77907576,17.87375649,R1111
5/13/2025 14:00,14.31532835,20.38261519,15.97690682,R1111
5/13/2025 14:30,13.61616207,19.33740033,14.57762612,R1111
5/13/2025 15:00,11.44930945,16.51860598,10.59341394,R1111
5/13/2025 15:30,11.37288403,16.40427394,10.5709174,R1111
5/13/2025 16:00,10.74473753,15.57522654,10.62454514,R1111
5/13/2025 16:30,8.474493961,13.15426456,7.25603572,R1111
5/13/2025 17:00,5.752457729,8.925520958,1.710101163,R1111
5/13/2025 17:30,4.281116353,6.462116417,-1.672308895,R1111
5/13/2025 18:00,3.005278796,4.655888535,-2.679061563,R1111
5/13/2025 18:30,3.005981804,4.681289604,-3.168268647,R1111
5/13/2025 19:00,2.742110496,4.508486136,-3.279462805,R1111
5/13/2025 19:30,2.609505121,4.229991306,-4.155365036,R1111
5/13/2025 20:00,3.041433851,4.71209595,-3.788819732,R1111
5/13/2025 20:30,2.402402207,3.722805599,NA,R1111
5/13/2025 21:00,2.41511732,3.792399834,-4.870605025,R1111
5/13/2025 21:30,2.128480104,3.805359239,-4.260009688,R1111
5/13/2025 22:00,2.310368567,3.671906289,NA,R1111
5/13/2025 22:30,2.239799745,3.409250459,NA,R1111
5/13/2025 23:00,2.873954157,4.08666633,-3.454319527,R1111
5/13/2025 23:30,2.444622907,2.969873971,NA,R1111
5/14/2025 0:00,2.919048508,4.154531358,-4.870655955,R1111
5/14/2025 0:30,2.39426649,3.099438672,NA,R1111
5/14/2025 1:00,2.09851656,2.991063839,NA,R1111
5/14/2025 1:30,2.361105267,3.511367858,NA,R1111
5/14/2025 2:00,3.158244134,4.2449959,NA,R1111
5/14/2025 2:30,3.836367177,4.480586675,NA,R1111
5/14/2025 3:00,2.447385852,3.732152546,NA,R1111
5/14/2025 3:30,3.287627614,4.007703263,NA,R1111
5/14/2025 4:00,2.724379239,3.692490192,NA,R1111
5/14/2025 4:30,3.256709127,3.972962898,NA,R1111
5/14/2025 5:00,3.289718797,4.279712913,NA,R1111
5/14/2025 5:30,3.815699629,4.61575436,NA,R1111
5/14/2025 6:00,3.73786562,4.766567299,-4.336474796,R1111
5/14/2025 6:30,6.384181172,8.432678941,0.496128456,R1111
5/14/2025 7:00,12.05548034,14.72042943,8.057859856,R1111
5/14/2025 7:30,11.30190593,14.357802,6.53209326,R1111
5/14/2025 8:00,12.63158125,15.66026097,7.610318345,R1111
5/14/2025 8:30,13.77423742,17.08144386,8.927870656,R1111
5/14/2025 9:00,15.10287141,18.45454257,11.71123959,R1111
5/14/2025 9:30,15.49294217,18.43395776,11.08350504,R1111
5/14/2025 10:00,15.50802464,18.1611048,9.495121016,R1111
5/14/2025 10:30,12.79301408,15.70014873,8.405826139,R1111
5/14/2025 11:00,12.95531954,15.12223503,8.067876563,R1111
5/14/2025 11:30,13.6716457,15.93597248,8.27905649,R1111
5/14/2025 12:00,14.23167079,17.15996946,10.7329111,R1111
5/14/2025 12:30,14.88505533,18.07541099,11.14090432,R1111
5/14/2025 13:00,16.44247217,19.631433,13.19805068,R1111
5/14/2025 13:30,17.32974876,20.46610001,14.02237495,R1111
5/14/2025 14:00,16.2402498,19.95897534,13.19512321,R1111
5/14/2025 14:30,15.44878966,19.09099534,13.5914548,R1111
5/14/2025 15:00,14.47852615,18.39406696,12.80492037,R1111
5/14/2025 15:30,13.36286635,17.24007824,11.77331453,R1111
5/14/2025 16:00,12.87245101,16.47274053,9.469071471,R1111
5/14/2025 16:30,11.77693306,14.94183403,7.286687279,R1111
5/14/2025 17:00,7.444535948,9.785326521,1.88057374,R1111
5/14/2025 17:30,6.469710487,7.985261028,2.288526981,R1111
5/14/2025 18:00,5.363106067,6.324569183,1.114558664,R1111
5/14/2025 18:30,4.695225775,5.96832917,-0.977185642,R1111
5/14/2025 19:00,4.079923807,4.994789162,NA,R1111
5/14/2025 19:30,3.498357249,4.326522287,NA,R1111
5/14/2025 20:00,3.969188917,4.829371139,-3.936854112,R1111
5/14/2025 20:30,3.644542141,4.092676128,NA,R1111
5/14/2025 21:00,3.565320697,4.133425981,NA,R1111
5/14/2025 21:30,3.232164641,3.0558474,NA,R1111
5/14/2025 22:00,3.47055346,3.488851458,NA,R1111
5/14/2025 22:30,3.043219387,3.539698529,NA,R1111
5/14/2025 23:00,3.157739292,3.41486243,NA,R1111
5/14/2025 23:30,3.083470963,3.804951903,NA,R1111
5/15/2025 0:00,2.879993152,3.286902935,NA,R1111
5/15/2025 0:30,1.609162443,1.653139999,NA,R1111
5/15/2025 1:00,0.619561746,0.311730776,NA,R1111
5/15/2025 1:30,0.509140736,0.127021678,NA,R1111
5/15/2025 2:00,0.704173649,0.76151922,NA,R1111
5/15/2025 2:30,0.139744825,-0.439773652,NA,R1111
5/15/2025 3:00,-0.095433217,-0.642057127,NA,R1111
5/15/2025 3:30,0.03584078,-0.60926613,NA,R1111
5/15/2025 4:00,0.400569811,0.455309334,NA,R1111
5/15/2025 4:30,0.476812559,0.450797086,NA,R1111
5/15/2025 5:00,1.505157516,2.001073903,NA,R1111
5/15/2025 5:30,2.003959846,2.911211608,NA,R1111
5/15/2025 6:00,2.946105455,4.065862735,NA,R1111
5/15/2025 6:30,6.753438039,9.098530296,-0.99796995,R1111
5/15/2025 7:00,8.056438642,10.83998609,2.109660892,R1111
5/15/2025 7:30,7.97073618,10.92483654,3.717427151,R1111
5/15/2025 8:00,8.907448963,11.99842438,5.540768377,R1111
5/15/2025 8:30,10.9385312,14.57093138,9.079324222,R1111
5/15/2025 9:00,12.49830693,16.4258473,11.97997984,R1111
5/15/2025 9:30,13.1676175,17.62329138,12.64365613,R1111
5/15/2025 10:00,14.03455292,18.23498861,13.2668063,R1111
5/15/2025 10:30,13.94563423,18.14328959,12.48330778,R1111
5/15/2025 11:00,14.10178961,18.15758985,12.36076895,R1111
5/15/2025 11:30,15.00206207,18.80772491,13.41576593,R1111
5/15/2025 12:00,15.27225417,19.53646773,12.88415954,R1111
5/15/2025 12:30,15.31786432,19.43026649,12.92641132,R1111
5/15/2025 13:00,16.74142915,20.71166434,15.28578007,R1111
5/15/2025 13:30,17.17616614,21.02592828,15.70957644,R1111
5/15/2025 14:00,16.30675662,20.28949298,14.75181006,R1111
5/15/2025 14:30,15.10450172,19.39635609,13.38695696,R1111
5/15/2025 15:00,13.73865347,18.20616155,11.52005892,R1111
5/15/2025 15:30,12.13369169,16.10967663,8.697028558,R1111
5/15/2025 16:00,10.21759403,13.69132182,6.865434256,R1111
5/15/2025 16:30,8.329927108,11.34497738,3.779657797,R1111
5/15/2025 17:00,5.191757826,6.79738776,-1.507797978,R1111
5/15/2025 17:30,4.504889965,5.908100945,0.133999358,R1111
5/15/2025 18:00,3.717531832,4.720457309,1.19505266,R1111
5/15/2025 18:30,3.599891209,4.712250201,-3.446442468,R1111
5/15/2025 19:00,2.574423472,3.732212032,0.908464742,R1111
5/15/2025 19:30,2.079537713,2.878900444,6.821683144,R1111
5/15/2025 20:00,2.304299098,3.408469422,2.085784699,R1111
5/15/2025 20:30,2.532263125,3.542029552,-3.618783422,R1111
5/15/2025 21:00,2.378020949,3.33562136,4.413795296,R1111
5/15/2025 21:30,2.684450932,3.324055438,2.569757028,R1111
5/15/2025 22:00,2.440264646,3.186184918,4.77883316,R1111
5/15/2025 22:30,3.01418114,3.585434923,NA,R1111
5/15/2025 23:00,2.538255508,3.203521966,2.174637478,R1111
5/15/2025 23:30,2.617907753,3.213932639,0.533045751,R1111
5/16/2025 0:00,2.349212914,2.951160427,3.560774062,R1111
5/16/2025 0:30,2.630173691,2.998570939,3.54764408,R1111
5/16/2025 1:00,2.304394726,3.05949368,2.799131217,R1111
5/16/2025 1:30,2.684931334,3.385327645,1.90770101,R1111
5/16/2025 2:00,2.551766608,3.160268886,3.931538261,R1111
5/16/2025 2:30,3.532110154,3.734254648,-3.132968307,R1111
5/16/2025 3:00,3.150072082,3.33040676,NA,R1111
5/16/2025 3:30,2.99373393,3.619505047,NA,R1111
5/16/2025 4:00,2.833943386,3.394287878,3.564150324,R1111
5/16/2025 4:30,2.964637376,3.394599868,2.371869969,R1111
5/16/2025 5:00,2.565866021,3.360098983,1.855356269,R1111
5/16/2025 5:30,3.159033606,3.925405186,-0.466865287,R1111
5/16/2025 6:00,3.317183511,3.917783826,NA,R1111
5/16/2025 6:30,6.579488783,8.868584526,4.822115068,R1111
5/16/2025 7:00,9.323048708,12.23860118,7.631478737,R1111
5/16/2025 7:30,10.08613451,13.07962027,6.109748918,R1111
5/16/2025 8:00,10.28863014,13.39724191,11.62383015,R1111
5/16/2025 8:30,11.62819131,14.64912129,9.458458631,R1111
5/16/2025 9:00,12.90102499,15.8735726,10.73266548,R1111
5/16/2025 9:30,13.57422542,16.52887038,13.43869998,R1111
5/16/2025 10:00,14.29327945,17.45129805,14.56215231,R1111
5/16/2025 10:30,14.71505027,18.08121467,15.60323512,R1111
5/16/2025 11:00,14.64387921,18.43370799,20.52439063,R1111
5/16/2025 11:30,15.36107462,19.09525049,20.34146896,R1111
5/16/2025 12:00,16.15613316,19.45664149,16.46981426,R1111
5/16/2025 12:30,17.0188097,20.6079422,16.95286156,R1111
5/16/2025 13:00,17.95370883,21.42224824,17.66905448,R1111
5/16/2025 13:30,18.20341356,21.6474271,16.32934685,R1111
5/16/2025 14:00,17.36946179,21.06336892,15.14811164,R1111
5/16/2025 14:30,16.61592829,20.33004753,14.14114482,R1111
5/16/2025 15:00,15.19313437,19.0982874,15.76053215,R1111
5/16/2025 15:30,13.71645161,17.55646661,15.46327581,R1111
5/16/2025 16:00,12.11143149,15.72297945,13.40152091,R1111
5/16/2025 16:30,10.4448411,13.8439436,10.56507336,R1111
5/16/2025 17:00,6.003238952,8.219295745,9.17852137,R1111
5/16/2025 17:30,5.326309707,6.945187408,5.31607038,R1111
5/16/2025 18:00,3.885467323,4.928452294,5.767907344,R1111
5/16/2025 18:30,3.204267354,4.228153006,3.30869378,R1111
5/16/2025 19:00,2.794417719,3.625342479,-3.286923529,R1111
5/16/2025 19:30,2.362015386,3.519447787,-2.701224985,R1111
5/16/2025 20:00,2.322082191,3.449762442,-2.517520332,R1111
5/16/2025 20:30,2.255504282,3.369859298,NA,R1111
5/16/2025 21:00,2.578101331,3.362597412,-4.451257232,R1111
5/16/2025 21:30,2.333294798,3.36474133,2.511268481,R1111
5/16/2025 22:00,2.383036,3.805033106,-3.043351436,R1111
5/16/2025 22:30,1.981154181,3.462740033,0.63623871,R1111
5/16/2025 23:00,2.510095347,3.640363139,-3.627796761,R1111
5/16/2025 23:30,2.083926811,3.807724889,1.060907267,R1111
5/17/2025 0:00,2.299709279,3.796322236,-3.156251542,R1111
5/17/2025 0:30,2.193558693,4.097546103,-2.645934924,R1111
5/17/2025 1:00,2.881755512,3.979862242,-3.778525909,R1111
5/17/2025 1:30,2.511312365,3.937186311,-3.974680099,R1111
5/17/2025 2:00,2.877799522,4.363268164,-3.163891086,R1111
5/17/2025 2:30,2.55996935,3.928286047,NA,R1111
5/17/2025 3:00,2.58810014,3.564424828,NA,R1111
5/17/2025 3:30,2.665936968,3.580458426,-3.298508826,R1111
5/17/2025 4:00,2.024107811,3.353836281,NA,R1111
5/17/2025 4:30,2.785112037,3.787970547,NA,R1111
5/17/2025 5:00,2.159039623,3.170357608,NA,R1111
5/17/2025 5:30,2.225900765,3.369478821,NA,R1111
5/17/2025 6:00,2.31890753,3.34215897,NA,R1111
5/17/2025 6:30,5.956061665,8.917702776,0.826984673,R1111
5/17/2025 7:00,9.837525659,13.78222748,6.45556159,R1111
5/17/2025 7:30,8.678141454,12.42108352,5.543222095,R1111
5/17/2025 8:00,9.790538322,13.05383268,6.234202073,R1111
5/17/2025 8:30,10.88771534,15.4033526,9.247300215,R1111
5/17/2025 9:00,12.98512795,17.71842351,11.12447522,R1111
5/17/2025 9:30,13.78625344,18.70376928,13.30142007,R1111
5/17/2025 10:00,14.43370772,19.1246887,12.86362121,R1111
5/17/2025 10:30,14.57202588,19.05990282,12.75588155,R1111
5/17/2025 11:00,14.90119159,19.17804272,12.54191961,R1111
5/17/2025 11:30,15.5286994,20.07127778,12.97958819,R1111
5/17/2025 12:00,15.92289688,20.47378253,13.79130775,R1111
5/17/2025 12:30,15.43705619,20.90440295,13.58353265,R1111
5/17/2025 13:00,17.3573468,21.69579882,13.49308818,R1111
5/17/2025 13:30,17.48130171,22.07290512,15.26088646,R1111
5/17/2025 14:00,16.7998303,20.85446528,14.23281002,R1111
5/17/2025 14:30,15.71371755,20.62206653,15.04636109,R1111
5/17/2025 15:00,14.29467311,18.81213889,12.02184159,R1111
5/17/2025 15:30,13.11811457,17.3904148,10.48985205,R1111
5/17/2025 16:00,11.81139006,16.39457001,10.69218391,R1111
5/17/2025 16:30,11.26218709,15.31462736,12.7320363,R1111
5/17/2025 17:00,7.591082609,10.27603215,5.715429117,R1111
5/17/2025 17:30,6.062659117,8.129998445,1.696482621,R1111
5/17/2025 18:00,4.485191519,5.990092501,0.092907182,R1111
5/17/2025 18:30,4.050133717,6.052247542,-0.472253048,R1111
5/17/2025 19:00,2.804769752,4.452706542,-2.879900334,R1111
5/17/2025 19:30,3.005335745,4.553829051,-1.361634856,R1111
5/17/2025 20:00,2.418930857,3.657273355,NA,R1111
5/17/2025 20:30,2.725842792,4.250535775,-3.778554997,R1111
5/17/2025 21:00,2.603773444,4.094336129,-3.817756663,R1111
5/17/2025 21:30,2.509932192,4.502112127,-1.64366719,R1111
5/17/2025 22:00,3.394688659,4.795614833,-1.93900612,R1111
5/17/2025 22:30,2.808067681,4.95916451,-3.141139198,R1111
5/17/2025 23:00,3.215488627,4.895592597,-1.38841957,R1111
5/17/2025 23:30,2.646314321,4.545180598,NA,R1111
5/18/2025 0:00,3.183342835,4.962435755,NA,R1111
5/18/2025 0:30,0.940217823,2.048908569,NA,R1111
5/18/2025 1:00,0.458634211,1.579122021,NA,R1111
5/18/2025 1:30,-0.096758621,0.890986333,NA,R1111
5/18/2025 2:00,0.022033919,0.754130573,-3.899034255,R1111
5/18/2025 2:30,-0.593469931,-0.056360846,-4.834449943,R1111
5/18/2025 3:00,-0.507061816,-0.391802,NA,R1111
5/18/2025 3:30,0.096015033,0.574639898,NA,R1111
5/18/2025 4:00,-1.409099585,-0.8034122,NA,R1111
5/18/2025 4:30,-0.717337996,-0.260698254,NA,R1111
5/18/2025 5:00,-0.078384352,1.499811831,NA,R1111
5/18/2025 5:30,0.545052285,1.270419008,NA,R1111
5/18/2025 6:00,1.522470104,2.891599533,NA,R1111
5/18/2025 6:30,4.773915774,7.96558346,1.607149986,R1111
5/18/2025 7:00,6.259081231,9.900838154,5.07360609,R1111
5/18/2025 7:30,7.012970059,10.67666395,5.031385573,R1111
5/18/2025 8:00,7.481651911,11.77917688,7.534407888,R1111
5/18/2025 8:30,9.749928799,14.6394176,11.57399243,R1111
5/18/2025 9:00,11.45129938,16.09192493,12.67236407,R1111
5/18/2025 9:30,12.16112657,17.14174488,13.54417203,R1111
5/18/2025 10:00,12.53716363,17.80066541,12.87210143,R1111
5/18/2025 10:30,13.10027106,17.97469243,12.17616091,R1111
5/18/2025 11:00,13.63027743,18.28002548,13.60335292,R1111
5/18/2025 11:30,15.05025303,19.4089492,15.76650585,R1111
5/18/2025 12:00,15.1483572,19.74187156,16.10778951,R1111
5/18/2025 12:30,15.23022642,19.57203002,15.87347463,R1111
5/18/2025 13:00,16.63751838,21.25449027,16.82402204,R1111
5/18/2025 13:30,16.7781776,21.33031381,22.53389994,R1111
5/18/2025 14:00,16.2522353,20.99014024,19.24470023,R1111
5/18/2025 14:30,15.02579662,19.95882861,21.19936623,R1111
5/18/2025 15:00,14.23762395,18.65535051,19.26581346,R1111
5/18/2025 15:30,12.37396936,16.97979777,11.89788752,R1111
5/18/2025 16:00,10.85024911,14.60195877,6.414685914,R1111
5/18/2025 16:30,9.459459287,12.9411564,5.772638142,R1111
5/18/2025 17:00,6.098085568,8.431982987,-0.842410725,R1111
5/18/2025 17:30,4.935766121,6.579164133,-2.536598507,R1111
5/18/2025 18:00,4.030747466,5.377779279,-3.142366377,R1111
5/18/2025 18:30,3.961113684,5.249595062,NA,R1111
5/18/2025 19:00,2.711284488,4.161869287,NA,R1111
5/18/2025 19:30,1.282991674,2.860437785,-1.36583951,R1111
5/18/2025 20:00,2.686618123,3.800879678,NA,R1111
5/18/2025 20:30,2.199856552,2.873749402,NA,R1111
5/18/2025 21:00,1.87241964,2.545149221,NA,R1111
5/18/2025 21:30,1.72822126,2.874586093,NA,R1111
5/18/2025 22:00,2.743216557,3.748462185,NA,R1111
5/18/2025 22:30,1.868205723,2.18487903,NA,R1111
5/18/2025 23:00,1.641094317,2.10817344,NA,R1111
5/18/2025 23:30,1.655580611,1.972577702,NA,R1111
5/19/2025 0:00,1.769995591,2.022193253,NA,R1111
5/19/2025 0:30,1.467700237,1.918873593,NA,R1111
5/19/2025 1:00,1.569117249,2.084659009,NA,R1111
5/19/2025 1:30,1.674129341,2.162216009,NA,R1111
5/19/2025 2:00,1.757700414,2.360959101,NA,R1111
5/19/2025 2:30,1.969899026,2.248755209,NA,R1111
5/19/2025 3:00,1.974049767,2.393956565,NA,R1111
5/19/2025 3:30,1.874682086,2.43673968,NA,R1111
5/19/2025 4:00,1.932153922,2.69978876,NA,R1111
5/19/2025 4:30,2.41604162,2.93084479,NA,R1111
5/19/2025 5:00,1.538782362,2.447055092,NA,R1111
5/19/2025 5:30,1.934753903,2.342256584,NA,R1111
5/19/2025 6:00,3.293322135,4.571501206,-4.228895687,R1111
5/19/2025 6:30,6.672289701,9.693729781,2.314270823,R1111
5/19/2025 7:00,10.01959681,14.0006648,8.621157805,R1111
5/19/2025 7:30,8.975646142,12.25410521,4.702867184,R1111
5/19/2025 8:00,7.989815217,10.25909672,1.588683521,R1111
5/19/2025 8:30,9.569150554,12.30740518,5.348372124,R1111
5/19/2025 9:00,11.0277245,14.33968546,8.399610046,R1111
5/19/2025 9:30,12.33049846,15.76527583,9.601340862,R1111
5/19/2025 10:00,13.30256014,16.81889732,11.42223008,R1111
5/19/2025 10:30,13.94972465,17.18194203,10.91971117,R1111
5/19/2025 11:00,14.13060961,17.46438945,11.16840017,R1111
5/19/2025 11:30,14.73777756,18.5347994,13.13657976,R1111
5/19/2025 12:00,15.45365277,18.79316758,13.17726745,R1111
5/19/2025 12:30,15.56490097,19.17785777,13.34415511,R1111
5/19/2025 13:00,16.53373823,20.25521261,16.55492096,R1111
5/19/2025 13:30,17.18544318,20.69571002,16.95026129,R1111
5/19/2025 14:00,16.2571347,19.59738308,15.45945062,R1111
5/19/2025 14:30,15.32337641,19.15717848,15.09054116,R1111
5/19/2025 15:00,14.26203938,18.13652236,13.82495724,R1111
5/19/2025 15:30,12.23772427,16.68127892,11.57248537,R1111
5/19/2025 16:00,10.96412212,14.86057873,9.835562675,R1111
5/19/2025 16:30,9.449193226,13.01793671,8.100559914,R1111
5/19/2025 17:00,5.91168322,8.194572138,0.979712501,R1111
5/19/2025 17:30,4.661350432,6.490965139,-2.118584015,R1111
5/19/2025 18:00,3.293588595,4.516920494,-4.762406363,R1111
5/19/2025 18:30,2.503706502,4.003901888,-4.727932942,R1111
5/19/2025 19:00,1.835140227,3.105423882,NA,R1111
5/19/2025 19:30,1.86142482,2.514396586,NA,R1111
5/19/2025 20:00,1.170204031,2.645923814,NA,R1111
5/19/2025 20:30,1.66439994,2.593021579,NA,R1111
5/19/2025 21:00,1.467279834,2.42799012,NA,R1111
5/19/2025 21:30,1.656111409,2.423220864,NA,R1111
5/19/2025 22:00,1.669953793,2.456919456,NA,R1111
5/19/2025 22:30,0.911830686,1.971072701,NA,R1111
5/19/2025 23:00,1.640579025,2.30375917,NA,R1111
5/19/2025 23:30,1.831831534,2.408162836,NA,R1111
5/20/2025 0:00,1.481189253,2.775000167,NA,R1111
5/20/2025 0:30,-0.510849526,0.191788378,NA,R1111
5/20/2025 1:00,-1.102909607,-0.705177385,NA,R1111
5/20/2025 1:30,-0.924733543,-1.366327672,NA,R1111
5/20/2025 2:00,-1.216478187,-1.300671431,NA,R1111
5/20/2025 2:30,-1.618091245,-1.483827373,NA,R1111
5/20/2025 3:00,-1.453108695,-1.646273922,NA,R1111
5/20/2025 3:30,-1.18322668,-1.69456942,NA,R1111
5/20/2025 4:00,-1.465290506,-1.525472545,NA,R1111
5/20/2025 4:30,-0.933978051,-0.979173315,NA,R1111
5/20/2025 5:00,-0.510978403,0.139833087,NA,R1111
5/20/2025 5:30,0.18140552,1.097080665,NA,R1111
5/20/2025 6:00,1.456545659,2.385133985,NA,R1111
5/20/2025 6:30,4.537686182,7.488684371,-0.398375339,R1111
5/20/2025 7:00,5.696415258,8.724726662,1.14521732,R1111
5/20/2025 7:30,6.523507396,9.623891354,1.425096878,R1111
5/20/2025 8:00,7.642092809,11.23443467,4.361395265,R1111
5/20/2025 8:30,9.595527817,13.5826169,8.067905282,R1111
5/20/2025 9:00,11.15470916,15.26793035,9.763501443,R1111
5/20/2025 9:30,11.86753418,16.43432726,10.28754051,R1111
5/20/2025 10:00,12.70805349,17.12974764,11.4677599,R1111
5/20/2025 10:30,13.00001202,17.20700993,11.01087141,R1111
5/20/2025 11:00,13.27921579,17.54223687,11.4865002,R1111
5/20/2025 11:30,14.6855604,19.30620524,14.62123418,R1111
5/20/2025 12:00,14.78995791,19.70954611,13.81939665,R1111
5/20/2025 12:30,15.01671569,19.5954554,13.83784881,R1111
5/20/2025 13:00,16.08575491,20.0385839,14.69898079,R1111
5/20/2025 13:30,16.01342835,20.08533295,15.04795078,R1111
5/20/2025 14:00,12.22704923,20.41477495,14.14455156,R1111
5/20/2025 14:30,13.1903461,19.21733619,12.96395583,R1111
5/20/2025 15:00,12.1616308,17.78228052,13.03994113,R1111
5/20/2025 15:30,10.77836944,15.95744987,9.757737979,R1111
5/20/2025 16:00,9.291270331,14.16921351,8.04151223,R1111
5/20/2025 16:30,7.770401079,12.25540661,7.315664262,R1111
5/20/2025 17:00,4.31853269,7.247606563,-1.713674512,R1111
5/20/2025 17:30,3.003017661,5.614707017,-3.841597965,R1111
5/20/2025 18:00,2.390412023,4.373479252,NA,R1111
5/20/2025 18:30,1.722019567,3.910541308,NA,R1111
5/20/2025 19:00,1.342725094,3.048975513,NA,R1111
5/20/2025 19:30,0.828838274,2.724000654,NA,R1111
5/20/2025 20:00,0.542854449,2.607624527,NA,R1111
5/20/2025 20:30,0.661565951,2.636718279,NA,R1111
5/20/2025 21:00,0.36813015,2.699470843,NA,R1111
5/20/2025 21:30,0.200271493,2.62306849,NA,R1111
5/20/2025 22:00,0.397132204,2.362936674,NA,R1111
5/20/2025 22:30,0.504912267,2.45488205,NA,R1111
5/20/2025 23:00,0.592496514,2.327281949,NA,R1111
5/20/2025 23:30,0.563100729,2.525825121,NA,R1111
5/21/2025 0:00,1.126500984,2.538988106,NA,R1111
5/21/2025 0:30,1.3283193,2.931829044,-4.182014353,R1111
5/21/2025 1:00,1.617654472,2.933862373,-2.309586214,R1111
5/21/2025 1:30,1.501723941,3.015649698,-2.4258866,R1111
5/21/2025 2:00,1.481209454,3.351648083,-2.577867908,R1111
5/21/2025 2:30,2.157572196,3.726896915,-3.482690161,R1111
5/21/2025 3:00,1.472026258,3.642869885,-0.70372349,R1111
5/21/2025 3:30,0.673182004,3.662443993,1.928399431,R1111
5/21/2025 4:00,1.40994965,3.267051785,-4.453710744,R1111
5/21/2025 4:30,0.422154446,2.863162753,-1.254130346,R1111
5/21/2025 5:00,1.484437262,3.17624079,-2.558975862,R1111
5/21/2025 5:30,1.004551062,3.236800849,-2.992091271,R1111
5/21/2025 6:00,1.954989538,4.933990153,-0.985055777,R1111
5/21/2025 6:30,5.904340315,10.01897696,3.714405772,R1111
5/21/2025 7:00,7.908172253,12.17119174,6.677891888,R1111
5/21/2025 7:30,9.440319261,15.14299057,12.12407371,R1111
5/21/2025 8:00,10.75065107,16.41752852,11.59237302,R1111
5/21/2025 8:30,10.92319117,16.49454776,13.8261949,R1111
5/21/2025 9:00,8.681889772,13.86589275,12.06511038,R1111
5/21/2025 9:30,10.54076513,14.93529791,10.32983342,R1111
5/21/2025 10:00,11.356261,16.17134721,15.72770327,R1111
5/21/2025 10:30,11.67071739,17.21014783,17.33531048,R1111
5/21/2025 11:00,14.11085505,19.46048184,18.33888444,R1111
5/21/2025 11:30,13.56576512,19.68311337,20.18364279,R1111
5/21/2025 12:00,14.21419084,19.93997558,19.61322337,R1111
5/21/2025 12:30,13.54406685,20.75516596,24.02139633,R1111
5/21/2025 13:00,13.98521197,20.87436623,25.46083561,R1111
5/21/2025 13:30,14.55968945,21.161877,24.1288182,R1111
5/21/2025 14:00,14.20509605,20.80165813,22.78216684,R1111
5/21/2025 14:30,13.42398281,19.66570037,18.33193733,R1111
5/21/2025 15:00,12.74757095,18.48744661,16.87739769,R1111
5/21/2025 15:30,11.07788365,17.35576179,18.04624651,R1111
5/21/2025 16:00,10.04693296,15.20629882,11.81281697,R1111
5/21/2025 16:30,8.747435503,13.79799453,13.14155547,R1111
5/21/2025 17:00,5.161838774,9.605626462,10.39290233,R1111
5/21/2025 17:30,3.995793153,8.00847435,7.571367532,R1111
5/21/2025 18:00,3.158388612,6.665635298,3.034600739,R1111
5/21/2025 18:30,2.557565073,4.336674291,NA,R1111
5/21/2025 19:00,1.466510193,3.240892047,NA,R1111
5/21/2025 19:30,1.944338668,3.175180655,NA,R1111
5/21/2025 20:00,1.502857982,2.942616508,NA,R1111
5/21/2025 20:30,1.452694624,2.723272934,NA,R1111
5/21/2025 21:00,1.333681968,3.015570416,NA,R1111
5/21/2025 21:30,1.523956308,3.164298937,NA,R1111
5/21/2025 22:00,0.607486044,2.357198909,NA,R1111
5/21/2025 22:30,1.282182447,2.475835555,NA,R1111
5/21/2025 23:00,0.929816525,2.606721189,NA,R1111
5/21/2025 23:30,1.106120622,2.743577216,-4.324213461,R1111
5/22/2025 0:00,0.513181933,2.600325706,-4.791715836,R1111
5/22/2025 0:30,-0.989601818,0.045115765,NA,R1111
5/22/2025 1:00,-2.504875633,-0.668685251,NA,R1111
5/22/2025 1:30,-1.569700132,-0.890222379,NA,R1111
5/22/2025 2:00,-1.387662542,-0.45741026,NA,R1111
5/22/2025 2:30,-2.285580005,-0.303765015,-2.475329111,R1111
5/22/2025 3:00,-1.715759017,-1.207351153,NA,R1111
5/22/2025 3:30,-1.212373128,-0.166605163,-4.676734558,R1111
5/22/2025 4:00,-1.00069699,-0.055881932,NA,R1111
5/22/2025 4:30,-0.565430586,0.411412213,NA,R1111
5/22/2025 5:00,0.087821003,1.140196991,NA,R1111
5/22/2025 5:30,0.661425533,2.272946771,NA,R1111
5/22/2025 6:00,0.563866248,2.552874,-4.47730432,R1111
5/22/2025 6:30,3.751884299,7.789124765,2.985410268,R1111
5/22/2025 7:00,4.819674139,8.30767365,1.370412505,R1111
5/22/2025 7:30,4.973028068,8.738457665,1.567528575,R1111
5/22/2025 8:00,6.861024343,10.90305445,6.214986417,R1111
5/22/2025 8:30,8.408230222,13.30592335,10.96731042,R1111
5/22/2025 9:00,9.624086307,14.86009212,13.45001055,R1111
5/22/2025 9:30,11.07586146,17.00121254,15.2091627,R1111
5/22/2025 10:00,11.66138812,17.35395775,15.57051047,R1111
5/22/2025 10:30,12.3888478,18.16252557,16.84068273,R1111
5/22/2025 11:00,12.97027894,18.47857751,16.063994,R1111
5/22/2025 11:30,13.61720013,19.59180825,17.57277221,R1111
5/22/2025 12:00,14.58883931,20.12136011,19.53040758,R1111
5/22/2025 12:30,14.33071943,19.05561478,14.12737034,R1111
5/22/2025 13:00,15.08210507,19.98885709,16.78951157,R1111
5/22/2025 13:30,15.6407485,21.61204086,20.59126968,R1111
5/22/2025 14:00,15.07406094,20.792679,20.53719701,R1111
5/22/2025 14:30,14.76906843,20.67486217,20.20241468,R1111
5/22/2025 15:00,14.01969938,19.58177931,18.45418242,R1111
5/22/2025 15:30,12.69301462,17.86962195,15.38825699,R1111
5/22/2025 16:00,11.5054736,16.63327751,14.63532282,R1111
5/22/2025 16:30,9.447081628,14.30291824,11.01478217,R1111
5/22/2025 17:00,6.12449421,9.681515807,5.517281981,R1111
5/22/2025 17:30,4.986653674,8.064095986,4.823554951,R1111
5/22/2025 18:00,3.731886512,6.426646383,3.81393281,R1111
5/22/2025 18:30,3.285752246,5.536203303,0.648192959,R1111
5/22/2025 19:00,2.338447313,4.77237733,-1.44674023,R1111
5/22/2025 19:30,1.552139753,3.723603417,-1.282280731,R1111
5/22/2025 20:00,1.039284297,4.22685266,-0.716569672,R1111
5/22/2025 20:30,0.687176806,3.075823717,-4.000162534,R1111
5/22/2025 21:00,1.069594168,2.951800649,-4.40885075,R1111
5/22/2025 21:30,2.249706978,4.29317626,1.588166585,R1111
5/22/2025 22:00,1.905999338,4.551769308,1.457408616,R1111
5/22/2025 22:30,1.76764015,4.679659831,0.926291611,R1111
5/22/2025 23:00,0.855280198,4.113590137,1.128466387,R1111
5/22/2025 23:30,-0.55105907,2.226922012,-3.737330248,R1111
5/23/2025 0:00,0.252985891,2.230086889,-4.49723117,R1111
5/23/2025 0:30,0.075357946,3.246971833,1.90756262,R1111
5/23/2025 1:00,0.810213702,3.31983312,0.407627845,R1111
5/23/2025 1:30,1.079473616,3.745628585,-2.723857756,R1111
5/23/2025 2:00,0.584344998,3.767324991,-0.556832435,R1111
5/23/2025 2:30,-0.529263964,3.296519302,1.156624623,R1111
5/23/2025 3:00,1.500743514,4.111955583,-1.969793269,R1111
5/23/2025 3:30,-1.12922853,2.66269599,0.917513942,R1111
5/23/2025 4:00,-1.068159256,2.868116507,2.583428149,R1111
5/23/2025 4:30,-0.22437527,2.385439205,-2.616174559,R1111
5/23/2025 5:00,-1.23806683,2.30382981,0.770980924,R1111
5/23/2025 5:30,-1.325230781,1.972623753,0.058030166,R1111
5/23/2025 6:00,-0.267926092,3.390462316,2.616056211,R1111
5/23/2025 6:30,7.243227778,11.22462937,7.685926024,R1111
5/23/2025 7:00,7.018082351,10.60624899,4.147023353,R1111
5/23/2025 7:30,6.105725808,11.62258518,5.99402241,R1111
5/23/2025 8:00,2.54697738,4.911600655,NA,R1111
5/23/2025 8:30,4.059725258,7.27063571,NA,R1111
5/23/2025 9:00,6.739627296,11.114832,4.284270795,R1111
5/23/2025 9:30,8.737654105,13.78981394,8.980657693,R1111
5/23/2025 10:00,10.40935421,15.43885644,11.62403406,R1111
5/23/2025 10:30,11.32399133,16.55924851,13.47133076,R1111
5/23/2025 11:00,13.06745512,19.07976925,17.22922583,R1111
5/23/2025 11:30,14.30843273,21.0571339,20.21376076,R1111
5/23/2025 12:00,14.70703589,21.21752987,20.66242903,R1111
5/23/2025 12:30,14.65321933,21.01612667,17.00914811,R1111
5/23/2025 13:00,14.40786942,21.23098372,21.07131282,R1111
5/23/2025 13:30,13.70669409,20.81436124,23.03340554,R1111
5/23/2025 14:00,13.74685462,20.8768924,24.15815928,R1111
5/23/2025 14:30,13.08043528,20.15183787,22.27838603,R1111
5/23/2025 15:00,12.17960726,19.07919608,21.61598181,R1111
5/23/2025 15:30,11.89922549,18.26989137,17.78230909,R1111
5/23/2025 16:00,11.73810243,17.08603532,13.03117536,R1111
5/23/2025 16:30,9.167489495,15.2703654,15.12674472,R1111
5/23/2025 17:00,7.234864046,10.1613097,3.016483923,R1111
5/23/2025 17:30,5.596566662,8.188069097,2.662768708,R1111
5/23/2025 18:00,2.066453177,5.993430482,4.073633254,R1111
5/23/2025 18:30,2.692396242,4.692513354,NA,R1111
5/23/2025 19:00,1.65081234,3.302439541,NA,R1111
5/23/2025 19:30,1.291064731,3.033095114,NA,R1111
5/23/2025 20:00,0.654406608,2.880509082,NA,R1111
5/23/2025 20:30,1.046754598,3.122867651,NA,R1111
5/23/2025 21:00,1.06192737,3.608330427,-2.330970244,R1111
5/23/2025 21:30,-0.873478107,2.637520655,-1.808954753,R1111
5/23/2025 22:00,0.729140606,3.42430978,-2.184808354,R1111
5/23/2025 22:30,-0.713891798,3.41863436,0.622973539,R1111
5/23/2025 23:00,-1.812159652,2.475541145,-0.819923894,R1111
5/23/2025 23:30,-1.239832563,2.482220417,-0.154041181,R1111
5/24/2025 0:00,0.317393924,3.565341183,1.349415339,R1111
5/24/2025 0:30,0.487559977,2.80204894,-4.977959759,R1111
5/24/2025 1:00,0.722128752,2.404696338,NA,R1111
5/24/2025 1:30,0.119809603,2.485036674,NA,R1111
5/24/2025 2:00,0.523339422,2.559039479,NA,R1111
5/24/2025 2:30,0.550696643,2.665801422,NA,R1111
5/24/2025 3:00,0.496357262,2.572224362,NA,R1111
5/24/2025 3:30,0.584651324,2.554407461,NA,R1111
5/24/2025 4:00,1.012411542,2.573979305,NA,R1111
5/24/2025 4:30,0.581827249,2.712178269,NA,R1111
5/24/2025 5:00,0.285974642,2.285132266,NA,R1111
5/24/2025 5:30,0.855257876,2.427980355,NA,R1111
5/24/2025 6:00,1.095099683,3.472868674,NA,R1111
5/24/2025 6:30,4.321776252,8.54888352,0.315543801,R1111
5/24/2025 7:00,6.222239344,9.757813705,3.068049825,R1111
5/24/2025 7:30,7.423043042,10.97092808,6.926210001,R1111
5/24/2025 8:00,9.6499678,14.08671697,11.11000132,R1111
5/24/2025 8:30,10.07516506,14.85042887,11.86127157,R1111
5/24/2025 9:00,11.8593422,17.22095126,14.18867397,R1111
5/24/2025 9:30,12.51334287,18.58169019,17.65316235,R1111
5/24/2025 10:00,12.44715908,17.72950393,15.81625219,R1111
5/24/2025 10:30,11.08313888,17.82750876,19.02866952,R1111
5/24/2025 11:00,12.41931238,18.78547864,17.81455709,R1111
5/24/2025 11:30,13.00135091,19.32757736,18.8851204,R1111
5/24/2025 12:00,12.4277044,19.5476872,20.50801929,R1111
5/24/2025 12:30,13.44470152,19.48175392,21.30603537,R1111
5/24/2025 13:00,14.33631809,20.11569192,20.22497458,R1111
5/24/2025 13:30,14.56369577,20.3708139,22.05411167,R1111
5/24/2025 14:00,13.87320552,20.94451161,25.09458772,R1111
5/24/2025 14:30,12.95502578,19.90286925,22.7447296,R1111
5/24/2025 15:00,12.89779863,18.70553868,19.45241306,R1111
5/24/2025 15:30,12.7872477,17.77100813,14.37969165,R1111
5/24/2025 16:00,9.186048155,15.5611118,15.92371152,R1111
5/24/2025 16:30,6.920731125,12.92424899,11.09898166,R1111
5/24/2025 17:00,4.207154346,7.096063629,1.987708442,R1111
5/24/2025 17:30,1.941412572,5.763959863,3.13377555,R1111
5/24/2025 18:00,2.302730763,3.90916971,-3.214330022,R1111
5/24/2025 18:30,0.19466463,4.264607041,2.494430991,R1111
5/24/2025 19:00,-0.987807944,2.48246448,0.008920575,R1111
5/24/2025 19:30,-1.208142194,2.388258534,0.360890236,R1111
5/24/2025 20:00,-1.197989029,2.17916412,-1.070897094,R1111
5/24/2025 20:30,-0.578993816,2.548030037,-0.300291802,R1111
5/24/2025 21:00,-1.099379627,2.513871327,0.974393886,R1111
5/24/2025 21:30,-0.946881576,2.353798637,-2.47786427,R1111
5/24/2025 22:00,0.944414896,2.395922517,NA,R1111
5/24/2025 22:30,0.357957879,2.35103176,NA,R1111
5/24/2025 23:00,-1.789422252,2.297619967,1.431705445,R1111
5/24/2025 23:30,0.236391911,2.402465991,NA,R1111
5/25/2025 0:00,-1.656792659,2.760896639,-0.367245001,R1111
5/25/2025 0:30,-0.461399808,0.274720654,NA,R1111
5/25/2025 1:00,-4.180627152,-0.78241062,-3.986174254,R1111
5/25/2025 1:30,-3.756396789,-1.341115341,NA,R1111
5/25/2025 2:00,-4.540076964,-1.417883215,-4.848255762,R1111
5/25/2025 2:30,-4.957879427,-1.611255582,-3.74716878,R1111
5/25/2025 3:00,-4.497948348,-1.611299936,NA,R1111
5/25/2025 3:30,-4.957259761,-1.591071939,-4.117466478,R1111
5/25/2025 4:00,-4.612004772,-1.429257231,-3.80893293,R1111
5/25/2025 4:30,-3.534262327,-0.238901588,0.405138949,R1111
5/25/2025 5:00,-2.37715383,0.753953197,2.024743702,R1111
5/25/2025 5:30,-2.119132102,1.660730752,3.58645163,R1111
5/25/2025 6:00,-1.308931844,3.38748773,5.31423899,R1111
5/25/2025 6:30,1.750195612,7.786283075,8.520944376,R1111
5/25/2025 7:00,4.028595103,8.630624008,4.655672231,R1111
5/25/2025 7:30,5.533313814,9.11138745,NA,R1111
5/25/2025 8:00,6.425806347,10.32964068,-3.092579788,R1111
5/25/2025 8:30,7.481496592,12.2031953,7.627053792,R1111
5/25/2025 9:00,9.50981516,14.56321163,11.55000504,R1111
5/25/2025 9:30,10.87811116,16.1302542,12.66733149,R1111
5/25/2025 10:00,11.31926579,16.69104907,13.39418409,R1111
5/25/2025 10:30,11.38659906,16.78722107,11.96763133,R1111
5/25/2025 11:00,11.72379803,17.18609104,15.00500746,R1111
5/25/2025 11:30,12.37320211,17.98782653,13.88600418,R1111
5/25/2025 12:00,13.16937474,18.30724323,12.52490096,R1111
5/25/2025 12:30,13.270913,18.5519873,14.16492751,R1111
5/25/2025 13:00,14.32072274,19.46282428,16.64232128,R1111
5/25/2025 13:30,14.96547347,19.78208999,13.95672839,R1111
5/25/2025 14:00,14.48739819,19.06057639,15.04016727,R1111
5/25/2025 14:30,13.28733666,18.67057283,15.70748128,R1111
5/25/2025 15:00,12.76826616,17.24361258,11.70451739,R1111
5/25/2025 15:30,11.70220908,16.26626934,10.64489252,R1111
5/25/2025 16:00,9.893278978,14.5849337,9.644234568,R1111
5/25/2025 16:30,8.721501857,12.74311406,6.498979659,R1111
5/25/2025 17:00,5.19050755,8.469493852,0.251725439,R1111
5/25/2025 17:30,3.88233562,6.227399973,-2.451766904,R1111
5/25/2025 18:00,2.633475656,4.360012302,-4.964173802,R1111
5/25/2025 18:30,1.847290307,3.524952368,-4.944979104,R1111
5/25/2025 19:00,0.843720682,2.291338115,NA,R1111
5/25/2025 19:30,0.666203227,1.7864844,NA,R1111
5/25/2025 20:00,0.333147692,1.745362698,NA,R1111
5/25/2025 20:30,0.276784563,1.885992775,NA,R1111
5/25/2025 21:00,-0.027915231,1.9072051,NA,R1111
5/25/2025 21:30,0.338384102,1.831860626,NA,R1111
5/25/2025 22:00,0.214771551,1.574261908,NA,R1111
5/25/2025 22:30,0.354476553,1.590474326,NA,R1111
5/25/2025 23:00,0.247359632,1.512615383,NA,R1111
5/25/2025 23:30,0.552154876,1.512721765,NA,R1111
5/26/2025 0:00,0.190289529,1.554229934,NA,R1111
5/26/2025 0:30,0.016655043,1.454166836,NA,R1111
5/26/2025 1:00,-0.005085562,1.214514989,NA,R1111
5/26/2025 1:30,0.363285302,1.589887258,NA,R1111
5/26/2025 2:00,0.671334112,1.831265573,NA,R1111
5/26/2025 2:30,0.959007095,2.108863104,NA,R1111
5/26/2025 3:00,0.90397604,1.781142564,NA,R1111
5/26/2025 3:30,1.349900189,1.837965953,NA,R1111
5/26/2025 4:00,0.972991915,2.072354514,NA,R1111
5/26/2025 4:30,0.925569874,2.052492674,NA,R1111
5/26/2025 5:00,0.912698591,1.844415378,NA,R1111
5/26/2025 5:30,0.847775064,1.652713859,NA,R1111
5/26/2025 6:00,1.524972076,3.65337542,NA,R1111
5/26/2025 6:30,5.356137673,8.338842671,-0.825923225,R1111
5/26/2025 7:00,5.728640099,8.818009691,0.381078759,R1111
5/26/2025 7:30,6.460889898,9.727100794,1.710954776,R1111
5/26/2025 8:00,8.238607222,11.46426414,4.840983027,R1111
5/26/2025 8:30,10.31629512,13.92498831,8.240737901,R1111
5/26/2025 9:00,12.3174664,16.55687768,10.96347804,R1111
5/26/2025 9:30,13.23705312,17.68903395,11.80256717,R1111
5/26/2025 10:00,13.64831999,17.86006362,12.94047092,R1111
5/26/2025 10:30,13.83549062,17.86602364,11.65555183,R1111
5/26/2025 11:00,14.03090217,18.24543936,12.53626172,R1111
5/26/2025 11:30,14.72734121,18.53786261,12.80227177,R1111
5/26/2025 12:00,15.69840514,20.20628184,17.20613981,R1111
5/26/2025 12:30,17.0543891,21.22987414,21.25910189,R1111
5/26/2025 13:00,16.74788432,21.14966088,19.2647526,R1111
5/26/2025 13:30,16.32087556,19.70818096,14.91395403,R1111
5/26/2025 14:00,15.44801508,19.2371295,13.97068199,R1111
5/26/2025 14:30,14.54235851,18.3219166,14.58361197,R1111
5/26/2025 15:00,13.03636882,16.79461642,11.94963456,R1111
5/26/2025 15:30,11.84783571,15.31839147,10.33098138,R1111
5/26/2025 16:00,10.3291163,13.7027869,5.686056371,R1111
5/26/2025 16:30,8.425227106,11.6141934,2.817036769,R1111
5/26/2025 17:00,5.552160059,7.775469496,1.44571892,R1111
5/26/2025 17:30,3.222165252,6.718658539,7.28407537,R1111
5/26/2025 18:00,1.953234663,5.189534638,6.45476417,R1111
5/26/2025 18:30,1.379759716,4.570076742,5.097823693,R1111
5/26/2025 19:00,-1.079893977,2.503954459,2.796054775,R1111
5/26/2025 19:30,-0.958670735,1.869813493,-0.976755256,R1111
5/26/2025 20:00,-0.460460563,1.625970684,-3.434506349,R1111
5/26/2025 20:30,-0.235872038,1.491012459,NA,R1111
5/26/2025 21:00,0.585258088,1.493405281,NA,R1111
5/26/2025 21:30,-0.359492795,1.716374012,0.987423521,R1111
5/26/2025 22:00,-0.790520418,1.49767718,-2.007387856,R1111
5/26/2025 22:30,1.157516241,1.311428167,NA,R1111
5/26/2025 23:00,-0.517115664,1.568323921,NA,R1111
5/26/2025 23:30,1.300312866,1.467088718,NA,R1111
5/27/2025 0:00,1.38723091,1.464976606,NA,R1111
5/27/2025 0:30,-0.559202422,-0.835928698,NA,R1111
5/27/2025 1:00,-0.162348886,-0.440485344,NA,R1111
5/27/2025 1:30,-1.033296518,-1.455354147,NA,R1111
5/27/2025 2:00,-1.140305376,-1.472635282,NA,R1111
5/27/2025 2:30,-0.857511245,-1.594199084,NA,R1111
5/27/2025 3:00,-1.309904632,-1.923766486,NA,R1111
5/27/2025 3:30,-1.155312591,-1.625735587,NA,R1111
5/27/2025 4:00,-0.935110697,-1.940842693,NA,R1111
5/27/2025 4:30,-1.054064391,-1.166075828,NA,R1111
5/27/2025 5:00,-0.194383905,-0.334344365,NA,R1111
5/27/2025 5:30,-0.012364396,0.245201063,NA,R1111
5/27/2025 6:00,0.972506847,1.95599033,NA,R1111
5/27/2025 6:30,3.95002595,6.143516644,-3.078851954,R1111
5/27/2025 7:00,5.304405258,7.096324522,-0.51090362,R1111
5/27/2025 7:30,6.073041204,8.572551476,2.559657456,R1111
5/27/2025 8:00,7.597707685,9.995695862,3.352337759,R1111
5/27/2025 8:30,9.38051062,12.425242,8.562652062,R1111
5/27/2025 9:00,11.2006305,14.05282715,9.562901494,R1111
5/27/2025 9:30,11.93790461,15.56215642,13.45702481,R1111
5/27/2025 10:00,13.66160394,16.39451585,10.54479101,R1111
5/27/2025 10:30,11.6469442,16.78005767,17.55399591,R1111
5/27/2025 11:00,13.81545783,16.80318574,12.32308281,R1111
5/27/2025 11:30,14.84849435,18.04584151,14.65731045,R1111
5/27/2025 12:00,15.59721316,18.41016643,15.05538314,R1111
5/27/2025 12:30,16.57323895,19.0461595,17.31460804,R1111
5/27/2025 13:00,17.83252188,20.16824883,17.09428849,R1111
5/27/2025 13:30,16.67456179,19.48407935,20.43851809,R1111
5/27/2025 14:00,15.5615003,19.80848837,22.11432924,R1111
5/27/2025 14:30,16.36953147,18.76385621,12.10999508,R1111
5/27/2025 15:00,14.31410702,18.48859321,19.43553393,R1111
5/27/2025 15:30,12.26619269,16.61768677,17.76802434,R1111
5/27/2025 16:00,12.42400143,16.49180828,15.8044483,R1111
5/27/2025 16:30,8.82990633,13.84365918,15.42719463,R1111
5/27/2025 17:00,4.972108442,7.216686413,3.717285961,R1111
5/27/2025 17:30,2.834073972,3.852652061,-1.016755904,R1111
5/27/2025 18:00,1.618512464,3.42451791,2.046909457,R1111
5/27/2025 18:30,0.84299945,3.375508658,1.714712595,R1111
5/27/2025 19:00,-0.348420744,2.319789149,-1.00899849,R1111
5/27/2025 19:30,-0.095150984,2.461313237,-0.889430911,R1111
5/27/2025 20:00,1.480753615,1.890046144,NA,R1111
5/27/2025 20:30,-0.078159542,2.3294152,-0.058427501,R1111
5/27/2025 21:00,-0.720525869,2.005958828,-0.470611729,R1111
5/27/2025 21:30,0.084583531,1.851264476,-4.817735,R1111
5/27/2025 22:00,-0.676889463,1.734466482,0.942990265,R1111
5/27/2025 22:30,-1.685576662,1.619713982,-1.984413232,R1111
5/27/2025 23:00,-2.209220833,1.622370849,-1.107269565,R1111
5/27/2025 23:30,-0.749385772,1.945006107,-0.545044222,R1111
5/28/2025 0:00,0.285875904,1.381243317,NA,R1111
5/28/2025 0:30,0.710840131,1.387979836,NA,R1111
5/28/2025 1:00,-0.415250421,1.464373889,NA,R1111
5/28/2025 1:30,-1.083017628,1.300435925,-4.788447612,R1111
5/28/2025 2:00,-1.126296957,1.613583004,-3.845976205,R1111
5/28/2025 2:30,0.380721552,1.642531061,NA,R1111
5/28/2025 3:00,-0.661592283,1.762346073,-1.141951189,R1111
5/28/2025 3:30,-0.703266456,2.045266225,-0.607483959,R1111
5/28/2025 4:00,-1.37185915,1.993232953,0.485277849,R1111
5/28/2025 4:30,-0.732189685,2.380921308,-1.698675832,R1111
5/28/2025 5:00,-1.239235973,1.902417651,-0.078664517,R1111
5/28/2025 5:30,-1.718653227,1.722817037,-1.439506872,R1111
5/28/2025 6:00,0.184025293,3.877349549,0.527666419,R1111
5/28/2025 6:30,6.086829999,8.478276224,2.203684214,R1111
5/28/2025 7:00,6.346936727,10.88613349,10.13769828,R1111
5/28/2025 7:30,7.940360522,10.91524945,4.849029745,R1111
5/28/2025 8:00,8.201809712,11.32883706,6.470262441,R1111
5/28/2025 8:30,7.221336283,12.272074,11.48928837,R1111
5/28/2025 9:00,10.74436303,13.99635136,10.33992088,R1111
5/28/2025 9:30,10.67576839,14.9174578,15.23803796,R1111
5/28/2025 10:00,11.98067996,15.61030357,14.32013268,R1111
5/28/2025 10:30,12.63182573,16.09230932,14.94502763,R1111
5/28/2025 11:00,13.41907312,16.4399116,11.25646967,R1111
5/28/2025 11:30,11.30129733,16.21475451,19.1325813,R1111
5/28/2025 12:00,11.90301809,14.94342172,12.87529548,R1111
5/28/2025 12:30,11.36948988,15.28689596,16.95750383,R1111
5/28/2025 13:00,13.41496535,17.00883731,18.21009517,R1111
5/28/2025 13:30,14.03219822,18.22903166,20.82362466,R1111
5/28/2025 14:00,16.00991528,18.27506558,10.98573892,R1111
5/28/2025 14:30,12.53648298,17.84058951,20.27503901,R1111
5/28/2025 15:00,11.82968526,16.60701198,15.77117364,R1111
5/28/2025 15:30,10.60438931,15.89046964,16.57914993,R1111
5/28/2025 16:00,10.07942107,14.75293868,12.88150936,R1111
5/28/2025 16:30,8.104713407,13.37540886,13.14461317,R1111
5/28/2025 17:00,4.061149915,8.580104048,6.588949706,R1111
5/28/2025 17:30,3.153437704,6.893901189,3.925770321,R1111
5/28/2025 18:00,4.123337817,5.090953977,NA,R1111
5/28/2025 18:30,1.926496113,3.600983507,-3.029526735,R1111
5/28/2025 19:00,0.790083233,3.118333878,-1.749294893,R1111
5/28/2025 19:30,0.282910857,2.052434787,NA,R1111
5/28/2025 20:00,-1.630694513,1.804911643,-2.336146362,R1111
5/28/2025 20:30,-1.104491752,1.633826551,-1.890997264,R1111
5/28/2025 21:00,0.291906424,1.584618133,NA,R1111
5/28/2025 21:30,0.281740209,1.793523141,-2.61595957,R1111
5/28/2025 22:00,-1.634006923,1.67620483,-0.247930539,R1111
5/28/2025 22:30,-1.476746626,1.795327225,0.388959341,R1111
5/28/2025 23:00,-1.451017624,1.654598725,-0.988276292,R1111
5/28/2025 23:30,-1.394086494,1.63440621,-0.378429641,R1111
5/29/2025 0:00,-1.080835656,1.529076659,-2.344083751,R1111
5/29/2025 0:30,-2.603072181,-0.328191765,-2.684176971,R1111
5/29/2025 1:00,0.600702638,-0.32161664,-2.033359605,R1111
5/29/2025 1:30,-3.447160605,-1.824364195,-2.428674864,R1111
5/29/2025 2:00,-3.239861488,-1.849834472,-2.969848395,R1111
5/29/2025 2:30,-0.866169632,-2.118340129,NA,R1111
5/29/2025 3:00,-1.421960261,-2.288560286,NA,R1111
5/29/2025 3:30,-1.342676956,-2.138862654,NA,R1111
5/29/2025 4:00,-0.670938058,-1.828001942,NA,R1111
5/29/2025 4:30,-0.677239098,-1.508559693,NA,R1111
5/29/2025 5:00,-0.313727011,-0.773107412,NA,R1111
5/29/2025 5:30,-1.136014232,-0.002731012,NA,R1111
5/29/2025 6:00,0.28642774,0.566226518,NA,R1111
5/29/2025 6:30,0.746792736,1.774045653,NA,R1111
5/29/2025 7:00,-0.578011988,3.064883893,3.131557026,R1111
5/29/2025 7:30,1.070054068,5.498354772,5.726733583,R1111
5/29/2025 8:00,1.636882751,6.593969303,6.818114674,R1111
5/29/2025 8:30,3.175469158,8.225439029,7.441771216,R1111
5/29/2025 9:00,5.36423145,9.341828663,7.229412678,R1111
5/29/2025 9:30,7.401697207,12.74646525,12.71259493,R1111
5/29/2025 10:00,10.30047658,14.81933298,15.45347873,R1111
5/29/2025 10:30,10.54561981,14.80741906,14.39260946,R1111
5/29/2025 11:00,10.05159046,15.5809057,18.14563775,R1111
5/29/2025 11:30,10.41981133,16.26139099,18.31307012,R1111
5/29/2025 12:00,10.36098331,16.19712249,17.4858391,R1111
5/29/2025 12:30,14.17688459,17.51044096,14.24930692,R1111
5/29/2025 13:00,12.45081468,17.39426635,18.07432153,R1111
5/29/2025 13:30,13.05006532,18.80426372,22.36407217,R1111
5/29/2025 14:00,14.21209317,18.55902962,15.26784781,R1111
5/29/2025 14:30,14.41790872,17.73143774,12.61473447,R1111
5/29/2025 15:00,13.54133801,16.70179575,10.23324274,R1111
5/29/2025 15:30,12.03227753,15.28211435,8.17140665,R1111
5/29/2025 16:00,10.7207505,13.68927995,6.702864048,R1111
5/29/2025 16:30,9.15206864,11.68248682,6.135264211,R1111
5/29/2025 17:00,5.24708004,6.678123485,-2.549265186,R1111
5/29/2025 17:30,3.655749746,3.951266637,NA,R1111
5/29/2025 18:00,2.938031409,3.441218679,NA,R1111
5/29/2025 18:30,3.658034458,4.422504638,-4.045876097,R1111
5/29/2025 19:00,2.142652495,2.229640986,NA,R1111
5/29/2025 19:30,1.846840598,1.69278951,NA,R1111
5/29/2025 20:00,1.854624663,1.905069693,NA,R1111
5/29/2025 20:30,1.964574225,2.013280642,NA,R1111
5/29/2025 21:00,-0.174138043,1.9911923,-2.883672744,R1111
5/29/2025 21:30,-0.780368543,2.172540671,-0.850084297,R1111
5/29/2025 22:00,2.188480916,2.509069864,NA,R1111
5/29/2025 22:30,-0.718317138,2.338572038,1.468680396,R1111
5/29/2025 23:00,-0.531691829,2.42105158,-0.786268515,R1111
5/29/2025 23:30,2.098143962,2.164175616,NA,R1111
5/30/2025 0:00,3.022124295,2.236845646,NA,R1111
5/30/2025 0:30,2.443406366,2.83662645,-4.962037729,R1111
5/30/2025 1:00,2.386486852,2.774981341,-3.151104775,R1111
5/30/2025 1:30,1.725028022,2.844099981,-4.053467701,R1111
5/30/2025 2:00,2.076288274,2.315837348,-4.796602438,R1111
5/30/2025 2:30,1.887798939,2.077829472,NA,R1111
5/30/2025 3:00,2.881901807,2.54147922,NA,R1111
5/30/2025 3:30,2.113540765,2.648793012,-3.957449151,R1111
5/30/2025 4:00,1.627697828,2.220343475,NA,R1111
5/30/2025 4:30,-0.007164511,2.320541219,0.211916198,R1111
5/30/2025 5:00,2.02947319,1.818103412,NA,R1111
5/30/2025 5:30,2.27042512,1.600854102,NA,R1111
5/30/2025 6:00,2.981573426,3.271897734,NA,R1111
5/30/2025 6:30,4.964218225,6.706032646,-0.629757285,R1111
5/30/2025 7:00,5.102133504,7.752474608,1.280796305,R1111
5/30/2025 7:30,5.701068501,8.368678488,6.797966106,R1111
5/30/2025 8:00,7.006687724,9.820407384,9.967770716,R1111
5/30/2025 8:30,9.742688927,11.44676862,7.304335621,R1111
5/30/2025 9:00,8.639067321,8.821806444,NA,R1111
5/30/2025 9:30,8.811583827,9.995412125,NA,R1111
5/30/2025 10:00,8.808012734,12.28873141,6.590305357,R1111
5/30/2025 10:30,11.74518187,12.94500489,4.332860293,R1111
5/30/2025 11:00,12.55816593,13.61091541,2.016547895,R1111
5/30/2025 11:30,12.22326253,13.7110861,5.013405813,R1111
5/30/2025 12:00,12.97109642,17.22350452,17.86317542,R1111
5/30/2025 12:30,13.08309272,17.75888398,18.56887697,R1111
5/30/2025 13:00,14.64748428,18.8132463,19.69312357,R1111
5/30/2025 13:30,14.75130623,19.52663069,22.40289036,R1111
5/30/2025 14:00,14.10625371,19.22367298,23.24026314,R1111
5/30/2025 14:30,13.9324794,18.03071688,16.9928177,R1111
5/30/2025 15:00,11.91219864,16.39603369,14.91404968,R1111
5/30/2025 15:30,12.1200203,15.21420621,11.16505921,R1111
5/30/2025 16:00,10.86076576,13.69083178,8.981321482,R1111
5/30/2025 16:30,7.48612248,11.1168447,9.170596812,R1111
5/30/2025 17:00,5.433263142,8.058345024,3.407720001,R1111
5/30/2025 17:30,4.003829423,6.376974668,1.887617534,R1111
5/30/2025 18:00,2.02493402,4.697137117,1.238804071,R1111
5/30/2025 18:30,1.029235321,3.953870807,2.725932575,R1111
5/30/2025 19:00,0.032920967,2.743616826,0.643508812,R1111
5/30/2025 19:30,1.692223014,2.051882807,NA,R1111
5/30/2025 20:00,-0.927865212,1.950614376,1.164439312,R1111
5/30/2025 20:30,2.23899212,1.797477559,NA,R1111
5/30/2025 21:00,1.368861629,1.846779288,NA,R1111
5/30/2025 21:30,2.006949822,1.866830281,NA,R1111
5/30/2025 22:00,1.219282336,2.441043181,-3.443533769,R1111
5/30/2025 22:30,0.804049043,2.425456663,NA,R1111
5/30/2025 23:00,1.492182837,2.359708198,NA,R1111
5/30/2025 23:30,1.703909552,2.210930892,NA,R1111
5/31/2025 0:00,-0.318787238,2.324554322,-0.056983462,R1111
5/31/2025 0:30,0.954490229,2.145596258,NA,R1111
5/31/2025 1:00,1.344800398,2.377741051,NA,R1111
5/31/2025 1:30,0.256670361,2.514715796,-0.459958659,R1111
5/31/2025 2:00,1.230793037,2.283665032,NA,R1111
5/31/2025 2:30,1.501273306,2.368173824,NA,R1111
5/31/2025 3:00,1.434300263,2.473051362,NA,R1111
5/31/2025 3:30,2.295834951,2.404353902,NA,R1111
5/31/2025 4:00,1.694272901,2.342077369,NA,R1111
5/31/2025 4:30,2.202235464,2.235161406,NA,R1111
5/31/2025 5:00,1.873762827,2.001026742,NA,R1111
5/31/2025 5:30,2.058192455,2.443712175,NA,R1111
5/31/2025 6:00,2.153485058,2.152003134,NA,R1111
5/31/2025 6:30,5.352594516,6.929541593,-3.782212822,R1111
5/31/2025 7:00,4.991778957,6.596980023,-3.474365273,R1111
5/31/2025 7:30,4.973372811,6.438722409,-4.465672322,R1111
5/31/2025 8:00,4.638895,5.749927705,NA,R1111
5/31/2025 8:30,6.914552203,9.085288963,-0.400782429,R1111
5/31/2025 9:00,10.7602816,13.82848117,6.36932791,R1111
5/31/2025 9:30,9.168399313,12.55227297,6.48771858,R1111
5/31/2025 10:00,11.64601496,14.61635093,8.773642644,R1111
5/31/2025 10:30,13.30580691,16.26570741,11.28432218,R1111
5/31/2025 11:00,14.21070569,16.78730023,10.44872614,R1111
5/31/2025 11:30,12.83587167,15.75497691,8.698056893,R1111
5/31/2025 12:00,13.69315317,16.69433113,11.81092469,R1111
5/31/2025 12:30,14.76494144,17.8111905,13.31095611,R1111
5/31/2025 13:00,16.27233082,18.89655854,14.83900059,R1111
5/31/2025 13:30,14.25449118,17.67045829,12.7262419,R1111
5/31/2025 14:00,15.43860796,18.19674064,14.25134934,R1111
5/31/2025 14:30,15.13875738,18.28140435,14.62190587,R1111
5/31/2025 15:00,13.88620273,17.16100913,13.43957374,R1111
5/31/2025 15:30,13.12223843,16.00760773,12.49329912,R1111
5/31/2025 16:00,11.38936822,14.52040859,9.44029569,R1111
5/31/2025 16:30,9.203550252,12.24637411,11.19403224,R1111
5/31/2025 17:00,6.081943492,7.896364985,5.927599991,R1111
5/31/2025 17:30,5.338043915,6.61112532,2.167526703,R1111
5/31/2025 18:00,4.139517545,4.495416468,-2.584533167,R1111
5/31/2025 18:30,3.758723764,4.05915599,-2.809667388,R1111
5/31/2025 19:00,3.424731619,3.471021035,-3.836684065,R1111
5/31/2025 19:30,3.162797103,3.066176004,-3.843018053,R1111
5/31/2025 20:00,2.881737944,3.190232012,-3.108384514,R1111
5/31/2025 20:30,2.649773265,3.333060093,-2.831285524,R1111
5/31/2025 21:00,3.090142249,3.204240988,-1.539760295,R1111
5/31/2025 21:30,2.905603821,3.678252882,-1.004580435,R1111
5/31/2025 22:00,3.395198226,2.931601029,NA,R1111
5/31/2025 22:30,2.608598114,3.17421585,NA,R1111
5/31/2025 23:00,2.831734018,3.449342709,-3.749271229,R1111
5/31/2025 23:30,3.017642597,3.625291903,-4.029778757,R1111
6/1/2025 0:00,3.44212919,3.678720079,-2.305623866,R1111
6/1/2025 0:30,1.650389831,1.29082576,NA,R1111
6/1/2025 1:00,0.37915613,-0.012227698,NA,R1111
6/1/2025 1:30,-0.063979609,-1.101125798,NA,R1111
6/1/2025 2:00,-0.273500426,-1.17050167,NA,R1111
6/1/2025 2:30,0.037546007,-1.218731749,NA,R1111
6/1/2025 3:00,0.495639129,-0.792432472,-3.280403309,R1111
6/1/2025 3:30,-0.009948448,-1.618579333,NA,R1111
6/1/2025 4:00,-0.998783641,-1.844484624,NA,R1111
6/1/2025 4:30,-0.586515723,-1.634255519,NA,R1111
6/1/2025 5:00,0.445650938,-0.868215983,NA,R1111
6/1/2025 5:30,0.748770052,-0.095400288,NA,R1111
6/1/2025 6:00,0.7343641,0.53190753,NA,R1111
6/1/2025 6:30,1.705398469,1.481343576,NA,R1111
6/1/2025 7:00,2.475990695,2.778391114,NA,R1111
6/1/2025 7:30,1.943594311,1.876811812,NA,R1111
6/1/2025 8:00,1.726123195,1.751049669,NA,R1111
6/1/2025 8:30,2.155806165,1.889825291,NA,R1111
6/1/2025 9:00,3.07151802,3.308170154,NA,R1111
6/1/2025 9:30,6.991380998,9.157061783,2.442144003,R1111
6/1/2025 10:00,6.494369139,8.408798521,1.299622009,R1111
6/1/2025 10:30,6.635181934,8.231921257,2.016494014,R1111
6/1/2025 11:00,9.69910222,12.93933501,9.668201185,R1111
6/1/2025 11:30,10.36814083,13.70027666,9.400395277,R1111
6/1/2025 12:00,11.43311102,14.57826126,9.864111532,R1111
6/1/2025 12:30,12.2380317,15.50845447,11.35832522,R1111
6/1/2025 13:00,12.15918062,16.10273975,11.42222016,R1111
6/1/2025 13:30,13.62197149,17.56544588,12.83020453,R1111
6/1/2025 14:00,12.6805168,16.35146452,11.40976784,R1111
6/1/2025 14:30,11.49730461,15.01777007,11.60591447,R1111
6/1/2025 15:00,10.57817338,13.44556283,7.292156781,R1111
6/1/2025 15:30,9.404532277,12.16559268,7.198642058,R1111
6/1/2025 16:00,8.089076385,10.01969587,4.30699366,R1111
6/1/2025 16:30,5.773182379,7.112060856,5.04779113,R1111
6/1/2025 17:00,3.027045039,3.184230859,-4.870619314,R1111
6/1/2025 17:30,2.401271617,3.417649821,1.559342406,R1111
6/1/2025 18:00,1.611433286,2.222125096,-3.891576922,R1111
6/1/2025 18:30,0.660955228,1.359510099,NA,R1111
6/1/2025 19:00,1.256943532,0.965779611,NA,R1111
6/1/2025 19:30,0.949717661,0.908940015,NA,R1111
6/1/2025 20:00,0.40213836,0.834138403,NA,R1111
6/1/2025 20:30,1.405812009,0.870137691,NA,R1111
6/1/2025 21:00,1.263226181,1.014327889,NA,R1111
6/1/2025 21:30,2.153263058,2.055705335,2.081826765,R1111
6/1/2025 22:00,1.639721071,2.004843615,-0.631074346,R1111
6/1/2025 22:30,1.364959325,1.934685957,3.065434689,R1111
6/1/2025 23:00,1.332043458,2.187867524,-1.39311857,R1111
6/1/2025 23:30,1.170253462,2.249158564,1.387049402,R1111
6/2/2025 0:00,1.149889593,2.283339686,-1.562347959,R1111
6/2/2025 0:30,1.807474813,2.43167599,2.930246416,R1111
6/2/2025 1:00,2.015057644,2.453246528,1.001319711,R1111
6/2/2025 1:30,1.790046599,2.305128564,-2.808695783,R1111
6/2/2025 2:00,2.12261743,2.327051752,-4.698561915,R1111
6/2/2025 2:30,2.228835084,2.457974249,0.626292416,R1111
6/2/2025 3:00,2.438149719,2.677208547,0.70998395,R1111
6/2/2025 3:30,2.038979619,2.191023876,-2.167118276,R1111
6/2/2025 4:00,2.329966885,2.200802995,-3.836918561,R1111
6/2/2025 4:30,2.10443206,2.257734976,-2.556611763,R1111
6/2/2025 5:00,1.380880912,2.574990229,0.407346905,R1111
6/2/2025 5:30,1.833432688,2.122932066,-4.493505037,R1111
6/2/2025 6:00,1.065316033,1.398705882,NA,R1111
6/2/2025 6:30,2.192541439,2.574276979,-1.812902049,R1111
6/2/2025 7:00,2.47482911,3.132058034,-4.233667492,R1111
6/2/2025 7:30,2.966531324,3.607605514,-2.440098005,R1111
6/2/2025 8:00,7.001580509,8.937633943,4.535963558,R1111
6/2/2025 8:30,6.92975164,9.076514157,5.756026112,R1111
6/2/2025 9:00,7.540377983,10.36698182,6.002848676,R1111
6/2/2025 9:30,9.599594465,12.5869416,9.185411055,R1111
6/2/2025 10:00,11.2373199,14.65087618,12.25831949,R1111
6/2/2025 10:30,12.05365003,15.5639125,13.66503538,R1111
6/2/2025 11:00,12.90589547,16.21489952,11.84495069,R1111
6/2/2025 11:30,14.15798189,17.2825356,15.32408935,R1111
6/2/2025 12:00,14.16014382,17.57830936,13.88717848,R1111
6/2/2025 12:30,13.99795092,17.89486148,13.94541289,R1111
6/2/2025 13:00,16.4103066,19.25423482,15.12089778,R1111
6/2/2025 13:30,17.09119377,19.60968359,13.61192697,R1111
6/2/2025 14:00,15.71854523,18.72460461,13.70255885,R1111
6/2/2025 14:30,14.73305807,17.93514151,12.79910017,R1111
6/2/2025 15:00,12.24176595,15.79466016,11.85324549,R1111
6/2/2025 15:30,10.45086922,13.32132855,5.79456281,R1111
6/2/2025 16:00,9.803083516,12.04274639,4.650009661,R1111
6/2/2025 16:30,8.715971259,10.8647204,1.845199785,R1111
6/2/2025 17:00,6.651082307,7.787865909,-2.232681988,R1111
6/2/2025 17:30,3.562377814,4.305265052,NA,R1111
6/2/2025 18:00,2.758974821,3.188538612,NA,R1111
6/2/2025 18:30,2.53541755,2.703444215,NA,R1111
6/2/2025 19:00,1.979837771,1.957895812,NA,R1111
6/2/2025 19:30,1.624245898,2.023240652,NA,R1111
6/2/2025 20:00,2.160846362,2.015715045,NA,R1111
6/2/2025 20:30,1.797891957,1.700926267,NA,R1111
6/2/2025 21:00,1.934945399,1.610212591,NA,R1111
6/2/2025 21:30,1.284971292,1.479962585,NA,R1111
6/2/2025 22:00,1.194010596,1.263565232,NA,R1111
6/2/2025 22:30,0.58053091,1.135270165,NA,R1111
6/2/2025 23:00,0.122889202,1.420095118,-4.572839709,R1111
6/2/2025 23:30,1.159541556,1.679437381,NA,R1111
6/3/2025 0:00,1.227590032,1.501264197,NA,R1111
6/3/2025 0:30,-1.206299832,-0.682046915,NA,R1111
6/3/2025 1:00,-0.621307868,-1.007267059,NA,R1111
6/3/2025 1:30,-0.881926341,-1.39484618,NA,R1111
6/3/2025 2:00,-0.246167396,-0.701590108,NA,R1111
6/3/2025 2:30,-0.682342208,-1.15453987,NA,R1111
6/3/2025 3:00,-0.847517897,-1.688843153,NA,R1111
6/3/2025 3:30,-1.099355046,-1.795803688,NA,R1111
6/3/2025 4:00,-0.669561794,-2.232415181,NA,R1111
6/3/2025 4:30,-1.275775768,-1.362199066,NA,R1111
6/3/2025 5:00,-0.104912401,-0.680035288,NA,R1111
6/3/2025 5:30,-0.27564057,0.055616154,NA,R1111
6/3/2025 6:00,1.40779032,1.883976264,0.536068712,R1111
6/3/2025 6:30,3.164920942,4.172856195,-0.441248578,R1111
6/3/2025 7:00,4.031132599,5.120368877,0.939217808,R1111
6/3/2025 7:30,4.568250746,6.384180819,3.870786672,R1111
6/3/2025 8:00,5.597052547,7.391668917,0.553758984,R1111
6/3/2025 8:30,6.99755482,9.687061428,5.056092695,R1111
6/3/2025 9:00,9.449042595,12.08196122,6.178441925,R1111
6/3/2025 9:30,10.56762108,14.01543661,9.620521273,R1111
6/3/2025 10:00,11.5042201,14.66930398,9.806062229,R1111
6/3/2025 10:30,11.69312362,15.76447327,12.42134199,R1111
6/3/2025 11:00,11.7171967,15.84254772,10.53739633,R1111
6/3/2025 11:30,10.96077042,14.98737811,11.41516995,R1111
6/3/2025 12:00,11.35525879,15.42515831,12.55919155,R1111
6/3/2025 12:30,10.52355252,14.14595867,10.93607021,R1111
6/3/2025 13:00,8.355758985,11.29897038,4.750766645,R1111
6/3/2025 13:30,7.544493626,10.54576566,7.419708089,R1111
6/3/2025 14:00,8.168234553,11.07378974,5.620533066,R1111
6/3/2025 14:30,8.636904163,11.92112336,7.915070063,R1111
6/3/2025 15:00,8.140575505,11.13563103,7.33716263,R1111
6/3/2025 15:30,7.039078303,9.843421934,5.765444861,R1111
6/3/2025 16:00,6.391854005,8.814834739,4.185811281,R1111
6/3/2025 16:30,4.527533657,6.518755433,-0.41787838,R1111
6/3/2025 17:00,2.986288119,4.007835232,-1.643502648,R1111
6/3/2025 17:30,3.168634293,3.614664902,-2.136067934,R1111
6/3/2025 18:00,1.861311809,2.196314859,NA,R1111
6/3/2025 18:30,1.723158439,2.045710138,NA,R1111
6/3/2025 19:00,1.570261322,1.618853548,-3.430264978,R1111
6/3/2025 19:30,1.73055433,1.7788094,-0.274629785,R1111
6/3/2025 20:00,0.850585971,0.994202747,NA,R1111
6/3/2025 20:30,1.590738103,2.093602725,-3.98938759,R1111
6/3/2025 21:00,1.417352668,2.295736188,-3.928062936,R1111
6/3/2025 21:30,1.621996441,2.069071202,NA,R1111
6/3/2025 22:00,1.055367548,1.341773327,NA,R1111
6/3/2025 22:30,0.537353787,1.244266155,NA,R1111
6/3/2025 23:00,1.411066879,1.221095628,NA,R1111
6/3/2025 23:30,1.226193504,1.280777433,NA,R1111
6/4/2025 0:00,1.06807353,1.368638359,NA,R1111
6/4/2025 0:30,0.871132579,1.030463847,NA,R1111
6/4/2025 1:00,0.935119788,1.276066055,NA,R1111
6/4/2025 1:30,1.600114263,1.811930555,NA,R1111
6/4/2025 2:00,1.718396491,1.966527178,NA,R1111
6/4/2025 2:30,0.842075732,1.514857776,NA,R1111
6/4/2025 3:00,2.064672891,2.826204345,-2.65057232,R1111
6/4/2025 3:30,1.645761042,1.728047994,NA,R1111
6/4/2025 4:00,1.604271765,1.962969424,NA,R1111
6/4/2025 4:30,1.863800018,1.850240199,NA,R1111
6/4/2025 5:00,1.250213603,2.291040907,NA,R1111
6/4/2025 5:30,1.976028485,1.820077793,NA,R1111
6/4/2025 6:00,1.777489954,1.429859652,NA,R1111
6/4/2025 6:30,2.85794774,4.037087383,1.513518606,R1111
6/4/2025 7:00,4.041972487,5.679581994,0.643641946,R1111
6/4/2025 7:30,5.018218875,6.72555699,1.087574921,R1111
6/4/2025 8:00,5.915284518,7.929266607,2.830722232,R1111
6/4/2025 8:30,7.260014689,10.37830804,4.922956625,R1111
6/4/2025 9:00,8.813116743,11.61708813,6.07485018,R1111
6/4/2025 9:30,10.43124782,13.9387579,9.454866696,R1111
6/4/2025 10:00,11.71821273,15.48446292,11.13278029,R1111
6/4/2025 10:30,12.1480391,15.93729334,11.46878656,R1111
6/4/2025 11:00,13.15253633,16.61000666,12.85797831,R1111
6/4/2025 11:30,13.65801449,17.97778204,17.57347184,R1111
6/4/2025 12:00,14.68258059,18.36288671,17.12637192,R1111
6/4/2025 12:30,14.21630193,18.37245082,17.45580105,R1111
6/4/2025 13:00,16.09307896,19.75050781,17.55572003,R1111
6/4/2025 13:30,16.6170928,20.04300313,17.7990619,R1111
6/4/2025 14:00,15.35304334,19.4694471,17.38206862,R1111
6/4/2025 14:30,14.32268355,18.63291915,18.29304619,R1111
6/4/2025 15:00,12.60144975,16.73223704,12.15963441,R1111
6/4/2025 15:30,10.65311105,14.13737619,11.04306278,R1111
6/4/2025 16:00,10.30714736,13.53659656,12.79537077,R1111
6/4/2025 16:30,9.106066646,12.37144024,14.05209506,R1111
6/4/2025 17:00,6.263420151,8.705257953,3.433583129,R1111
6/4/2025 17:30,6.00297827,7.461124888,4.332123954,R1111
6/4/2025 18:00,3.762052203,4.505298917,-2.704152521,R1111
6/4/2025 18:30,3.145355686,4.054698971,-2.431375857,R1111
6/4/2025 19:00,2.452454087,2.998464191,-3.379550765,R1111
6/4/2025 19:30,2.307025883,3.150839972,-0.806250292,R1111
6/4/2025 20:00,3.148891754,4.144305415,2.320690403,R1111
6/4/2025 20:30,2.6977342,3.807688732,3.363770135,R1111
6/4/2025 21:00,1.565890686,2.285417222,-4.998602433,R1111
6/4/2025 21:30,1.27782964,1.853901228,NA,R1111
6/4/2025 22:00,1.31510166,1.907417603,NA,R1111
6/4/2025 22:30,1.312800899,1.814703221,NA,R1111
6/4/2025 23:00,0.959071848,1.734728521,NA,R1111
6/4/2025 23:30,1.569076434,1.933825436,NA,R1111
6/5/2025 0:00,0.700781885,1.417396828,NA,R1111
6/5/2025 0:30,-0.896271546,-0.65712228,NA,R1111
6/5/2025 1:00,-0.944712924,-1.362376927,NA,R1111
6/5/2025 1:30,-0.877864626,-1.738322099,NA,R1111
6/5/2025 2:00,-1.064270147,-1.805770465,NA,R1111
6/5/2025 2:30,-1.241087826,-1.962513578,NA,R1111
6/5/2025 3:00,-1.219062521,-2.340932366,NA,R1111
6/5/2025 3:30,-1.305421837,-2.23910231,NA,R1111
6/5/2025 4:00,-1.201916852,-2.121290351,NA,R1111
6/5/2025 4:30,-1.677889289,-1.603083695,NA,R1111
6/5/2025 5:00,-1.122292449,-0.726480907,NA,R1111
6/5/2025 5:30,-0.458033355,-0.731602966,NA,R1111
6/5/2025 6:00,-0.268964881,-0.384191842,NA,R1111
6/5/2025 6:30,1.129422559,1.843271773,NA,R1111
6/5/2025 7:00,2.03649325,3.190732372,-2.856945178,R1111
6/5/2025 7:30,2.701935292,4.20205701,-1.822787599,R1111
6/5/2025 8:00,4.323583569,6.566257391,1.636490391,R1111
6/5/2025 8:30,5.750679435,8.893252835,13.75000548,R1111
6/5/2025 9:00,8.138115521,11.52613837,10.0508588,R1111
6/5/2025 9:30,8.879427917,13.14393567,12.07462689,R1111
6/5/2025 10:00,10.12863192,14.38266171,13.28621859,R1111
6/5/2025 10:30,10.90054731,15.38797024,14.72355589,R1111
6/5/2025 11:00,11.86220966,16.12085487,14.6107474,R1111
6/5/2025 11:30,12.11477241,17.03266626,17.09243884,R1111
6/5/2025 12:00,13.6471937,17.32690199,13.51535113,R1111
6/5/2025 12:30,13.76504832,17.67376051,15.27465488,R1111
6/5/2025 13:00,15.11268856,18.89470771,16.98463485,R1111
6/5/2025 13:30,14.52568913,19.69278744,19.70922175,R1111
6/5/2025 14:00,15.10502749,18.63179009,16.04978395,R1111
6/5/2025 14:30,14.13901964,17.46999554,12.83488468,R1111
6/5/2025 15:00,12.90055182,16.16000663,14.69435705,R1111
6/5/2025 15:30,10.64447938,15.05474346,10.96582479,R1111
6/5/2025 16:00,9.521524376,13.77934103,11.13607246,R1111
6/5/2025 16:30,8.98731744,12.7704982,8.955671057,R1111
6/5/2025 17:00,7.205988137,9.198316712,1.869569249,R1111
6/5/2025 17:30,5.277472273,7.010856916,-2.988542796,R1111
6/5/2025 18:00,4.07720814,5.042204894,-0.150133633,R1111
6/5/2025 18:30,3.698375991,4.344301544,-3.302187942,R1111
6/5/2025 19:00,2.461631346,2.698230752,NA,R1111
6/5/2025 19:30,1.069440328,1.973104346,NA,R1111
6/5/2025 20:00,1.66520414,1.891158147,-4.427694334,R1111
6/5/2025 20:30,1.761974235,1.828025272,-4.139122042,R1111
6/5/2025 21:00,1.095750604,1.524438483,NA,R1111
6/5/2025 21:30,0.901483359,1.634077503,-4.691977052,R1111
6/5/2025 22:00,0.786081263,1.554006593,NA,R1111
6/5/2025 22:30,1.056597853,1.512945945,-3.841400215,R1111
6/5/2025 23:00,0.709302394,1.340482969,-4.774589634,R1111
6/5/2025 23:30,0.752092582,1.379172423,-4.625020022,R1111
6/6/2025 0:00,0.926391701,2.035362279,-2.325870135,R1111
6/6/2025 0:30,1.012014885,1.42978478,NA,R1111
6/6/2025 1:00,0.928310006,1.263577118,-4.709583601,R1111
6/6/2025 1:30,0.686326543,1.597285985,NA,R1111
6/6/2025 2:00,0.875425757,1.539487553,NA,R1111
6/6/2025 2:30,0.876611716,1.73269006,-4.14884146,R1111
6/6/2025 3:00,1.055859205,1.651044228,-4.431341017,R1111
6/6/2025 3:30,1.377772255,1.973281131,-4.055516295,R1111
6/6/2025 4:00,1.033941509,1.953222849,-4.342697551,R1111
6/6/2025 4:30,0.850984125,1.351209982,NA,R1111
6/6/2025 5:00,1.289117042,1.329597486,NA,R1111
6/6/2025 5:30,1.125285722,1.545663474,NA,R1111
6/6/2025 6:00,1.253805374,2.194159257,NA,R1111
6/6/2025 6:30,3.42634834,5.391032097,-1.418877152,R1111
6/6/2025 7:00,3.901853235,6.321535275,0.195712651,R1111
6/6/2025 7:30,4.72474763,7.119984375,1.728746924,R1111
6/6/2025 8:00,6.242072404,9.253834357,3.470930633,R1111
6/6/2025 8:30,7.891114302,11.24993605,9.702536192,R1111
6/6/2025 9:00,9.6828158,13.72621173,12.29696466,R1111
6/6/2025 9:30,11.2911724,15.90095629,14.83923956,R1111
6/6/2025 10:00,12.47289453,17.23137973,16.73771471,R1111
6/6/2025 10:30,12.74391803,18.03570235,17.92208895,R1111
6/6/2025 11:00,13.56256558,18.97716611,20.43327593,R1111
6/6/2025 11:30,13.90322167,19.01801471,19.69782342,R1111
6/6/2025 12:00,14.75110395,20.17367544,20.63310746,R1111
6/6/2025 12:30,14.17381687,19.89125487,25.70361004,R1111
6/6/2025 13:00,15.41624188,20.36970013,22.38809363,R1111
6/6/2025 13:30,15.5401834,21.05049656,27.12739552,R1111
6/6/2025 14:00,14.72482854,20.23676172,22.93860173,R1111
6/6/2025 14:30,13.84441605,18.64048942,18.54116087,R1111
6/6/2025 15:00,12.68672619,17.59573132,16.63955559,R1111
6/6/2025 15:30,11.34997317,15.74134343,13.76118067,R1111
6/6/2025 16:00,10.11600931,14.9599253,15.00016445,R1111
6/6/2025 16:30,8.553678979,12.87384446,11.92740543,R1111
6/6/2025 17:00,5.435003602,8.285079396,3.739889264,R1111
6/6/2025 17:30,4.322810597,7.249948003,5.020360388,R1111
6/6/2025 18:00,3.105880931,5.212020959,-3.605832934,R1111
6/6/2025 18:30,2.590433493,4.946831666,0.937714804,R1111
6/6/2025 19:00,1.830528445,3.851807533,-0.349028452,R1111
6/6/2025 19:30,1.797599577,3.137140595,-2.247983292,R1111
6/6/2025 20:00,1.34520853,3.785968345,1.566857149,R1111
6/6/2025 20:30,1.265010188,3.346709441,-0.64500203,R1111
6/6/2025 21:00,0.966389701,2.720983271,-3.008992476,R1111
6/6/2025 21:30,0.890980799,3.116548615,-0.221866019,R1111
6/6/2025 22:00,1.074508267,2.461751204,-3.666345295,R1111
6/6/2025 22:30,0.907922503,1.629358332,NA,R1111
6/6/2025 23:00,1.266937191,2.20494825,-3.594791323,R1111
6/6/2025 23:30,1.092452219,2.180958217,-2.105634158,R1111
6/7/2025 0:00,1.167176096,2.828486484,-1.204473561,R1111
6/7/2025 0:30,1.295114468,2.37239298,-2.634060556,R1111
6/7/2025 1:00,1.663913792,2.855352627,-2.656521463,R1111
6/7/2025 1:30,1.17341118,2.210547168,-4.45791051,R1111
6/7/2025 2:00,1.682968304,2.83446069,-0.357989742,R1111
6/7/2025 2:30,1.46514824,2.238458974,NA,R1111
6/7/2025 3:00,1.370976053,2.038698393,NA,R1111
6/7/2025 3:30,1.467587104,2.212117709,-4.815520937,R1111
6/7/2025 4:00,1.248445744,2.392616348,NA,R1111
6/7/2025 4:30,1.421572218,2.511228956,0.187671427,R1111
6/7/2025 5:00,0.939782165,2.042262222,-2.11958221,R1111
6/7/2025 5:30,1.873183093,2.669496775,-1.793382857,R1111
6/7/2025 6:00,2.710381568,3.826768244,-2.613437571,R1111
6/7/2025 6:30,4.474341025,6.544675971,0.212779923,R1111
6/7/2025 7:00,4.984292179,7.188828533,2.41061619,R1111
6/7/2025 7:30,5.885634596,8.578277069,4.436343535,R1111
6/7/2025 8:00,7.733995764,11.0764157,7.984636658,R1111
6/7/2025 8:30,9.604284486,13.630677,10.72064929,R1111
6/7/2025 9:00,11.66355778,16.07244098,14.66433812,R1111
6/7/2025 9:30,12.87243071,17.53190421,17.63298396,R1111
6/7/2025 10:00,13.82659863,18.35607885,18.27501386,R1111
6/7/2025 10:30,13.76721916,18.17951178,16.38137861,R1111
6/7/2025 11:00,14.24609482,18.54831952,17.72919051,R1111
6/7/2025 11:30,14.72940695,19.25063869,16.72823284,R1111
6/7/2025 12:00,14.78869411,18.92002292,18.20296394,R1111
6/7/2025 12:30,15.16501401,19.7550305,19.99950885,R1111
6/7/2025 13:00,15.75935175,19.52835909,19.85779641,R1111
6/7/2025 13:30,16.55926219,19.60325244,19.45327821,R1111
6/7/2025 14:00,15.92570915,19.95744566,21.52908266,R1111
6/7/2025 14:30,14.60446879,18.68422459,18.07880598,R1111
6/7/2025 15:00,13.39189128,17.62661205,17.0903569,R1111
6/7/2025 15:30,12.2288196,15.86232958,13.70711579,R1111
6/7/2025 16:00,10.83763098,14.1062703,11.77960549,R1111
6/7/2025 16:30,9.096967478,12.12545683,9.795455257,R1111
6/7/2025 17:00,6.124110505,8.05352261,5.199431288,R1111
6/7/2025 17:30,5.166845257,6.084452796,0.305951446,R1111
6/7/2025 18:00,4.502002822,5.69267004,3.652124528,R1111
6/7/2025 18:30,3.789060437,4.786216998,-2.593980552,R1111
6/7/2025 19:00,2.843156471,3.342847947,-3.867085768,R1111
6/7/2025 19:30,2.010385795,2.508789887,NA,R1111
6/7/2025 20:00,2.65878818,2.647908025,-4.878124818,R1111
6/7/2025 20:30,1.916614079,2.205722185,-4.862461105,R1111
6/7/2025 21:00,1.974386809,2.398550833,-4.287716005,R1111
6/7/2025 21:30,2.088123907,2.961594197,-0.910870954,R1111
6/7/2025 22:00,1.871741954,2.729946938,-1.404564169,R1111
6/7/2025 22:30,1.886578334,2.802878154,-1.418231641,R1111
6/7/2025 23:00,2.272135265,2.820044262,-1.284980681,R1111
6/7/2025 23:30,1.675432589,2.477744991,-3.918685695,R1111
6/8/2025 0:00,1.886774952,2.113249822,NA,R1111
6/8/2025 0:30,0.620743059,0.706054387,NA,R1111
6/8/2025 1:00,-0.526412164,-1.217522729,NA,R1111
6/8/2025 1:30,-0.371628602,-1.220141584,NA,R1111
6/8/2025 2:00,-0.531693133,-1.402900673,NA,R1111
6/8/2025 2:30,-0.339700063,-1.721903132,NA,R1111
6/8/2025 3:00,-0.334478748,-1.293210201,-3.948896361,R1111
6/8/2025 3:30,-0.733198197,-1.484999276,NA,R1111
6/8/2025 4:00,0.018433886,-1.223233671,NA,R1111
6/8/2025 4:30,0.3878994,-0.323131537,-3.385955723,R1111
6/8/2025 5:00,0.623776632,0.026827459,-4.805427856,R1111
6/8/2025 5:30,1.386515327,0.461857198,NA,R1111
6/8/2025 6:00,2.455861662,2.564603251,-0.754251908,R1111
6/8/2025 6:30,3.951635217,4.902394018,-0.877159637,R1111
6/8/2025 7:00,4.46240259,5.757629283,2.197340291,R1111
6/8/2025 7:30,5.075099499,6.972903108,4.098980768,R1111
6/8/2025 8:00,6.511410754,8.714379668,4.780615221,R1111
6/8/2025 8:30,8.329948435,11.35048956,8.696757085,R1111
6/8/2025 9:00,9.932634575,13.51825863,10.96393573,R1111
6/8/2025 9:30,11.60979286,15.96215115,14.83809844,R1111
6/8/2025 10:00,12.99842356,16.91541323,16.67797813,R1111
6/8/2025 10:30,13.28851745,17.46013083,16.30033594,R1111
6/8/2025 11:00,13.84765592,17.7086989,17.29039633,R1111
6/8/2025 11:30,14.24970712,19.10744102,22.40032525,R1111
6/8/2025 12:00,14.51888894,18.86417683,19.70489143,R1111
6/8/2025 12:30,14.6940657,18.96930941,19.70730056,R1111
6/8/2025 13:00,16.08864819,19.90967965,22.17883472,R1111
6/8/2025 13:30,17.18368735,20.22385865,22.95558372,R1111
6/8/2025 14:00,16.2309967,19.92378925,20.46685095,R1111
6/8/2025 14:30,15.25120427,19.28478055,20.39413274,R1111
6/8/2025 15:00,13.96181491,17.54387491,17.12199801,R1111
6/8/2025 15:30,12.27888516,15.73791963,14.77406841,R1111
6/8/2025 16:00,10.75954672,13.73839861,12.22063447,R1111
6/8/2025 16:30,8.626658609,11.68545947,9.432504713,R1111
6/8/2025 17:00,6.325720045,7.807429113,3.094105812,R1111
6/8/2025 17:30,5.763329257,6.188291172,0.008046985,R1111
6/8/2025 18:00,4.327403846,4.751303125,-2.133724256,R1111
6/8/2025 18:30,4.027409906,4.127892354,-1.071692231,R1111
6/8/2025 19:00,3.055319917,3.261039595,NA,R1111
6/8/2025 19:30,2.123587008,2.701218795,NA,R1111
6/8/2025 20:00,2.585963467,2.49813868,NA,R1111
6/8/2025 20:30,2.748189137,2.678660703,NA,R1111
6/8/2025 21:00,1.822395085,2.136188867,NA,R1111
6/8/2025 21:30,1.825469577,2.008323623,-1.827467432,R1111
6/8/2025 22:00,1.813692827,1.915432234,NA,R1111
6/8/2025 22:30,1.935384309,1.935121383,-4.051476051,R1111
6/8/2025 23:00,1.72934346,1.790748503,NA,R1111
6/8/2025 23:30,1.582195938,1.526184181,-4.116474125,R1111
6/9/2025 0:00,1.785996001,1.833664964,-1.834430504,R1111
6/9/2025 0:30,2.20351319,1.901360714,-3.98716044,R1111
6/9/2025 1:00,2.283327865,2.085760757,-2.246906824,R1111
6/9/2025 1:30,2.564108672,2.199832798,-2.474963083,R1111
6/9/2025 2:00,2.567183199,2.068318208,-4.745388131,R1111
6/9/2025 2:30,2.416621105,2.380609941,-2.299495844,R1111
6/9/2025 3:00,1.894819075,2.314729582,-1.614595636,R1111
6/9/2025 3:30,2.886732961,2.893072863,-2.227120848,R1111
6/9/2025 4:00,2.988500187,3.487213549,2.527773463,R1111
6/9/2025 4:30,2.557626395,2.856718948,-1.480728536,R1111
6/9/2025 5:00,3.189025364,3.381528014,2.984564412,R1111
6/9/2025 5:30,2.338778484,2.385050384,-3.106913344,R1111
6/9/2025 6:00,3.163029932,3.827757252,-1.603763776,R1111
6/9/2025 6:30,4.620498668,6.066607106,1.094938248,R1111
6/9/2025 7:00,5.724263517,6.690301372,4.547267894,R1111
6/9/2025 7:30,6.823161323,8.146129835,3.462370015,R1111
6/9/2025 8:00,8.788649644,10.62414836,9.271276072,R1111
6/9/2025 8:30,10.54866589,14.01237342,14.49472634,R1111
6/9/2025 9:00,12.20897812,16.53022748,17.65379815,R1111
6/9/2025 9:30,13.55832583,17.32510854,18.38074925,R1111
6/9/2025 10:00,14.54486751,18.28697008,19.473379,R1111
6/9/2025 10:30,14.9616471,18.34598815,19.54400565,R1111
6/9/2025 11:00,14.73746304,18.5524342,21.72964708,R1111
6/9/2025 11:30,15.21649774,18.56222254,18.94594553,R1111
6/9/2025 12:00,15.3232541,18.71212938,18.98882667,R1111
6/9/2025 12:30,15.48446849,18.80822183,18.79204766,R1111
6/9/2025 13:00,16.55167664,19.33495336,16.85788108,R1111
6/9/2025 13:30,17.2125942,19.4467745,20.19647125,R1111
6/9/2025 14:00,17.05232367,20.5155816,22.3271685,R1111
6/9/2025 14:30,15.12579496,18.31741401,17.72211979,R1111
6/9/2025 15:00,13.99328495,17.51286181,17.59713904,R1111
6/9/2025 15:30,12.42467529,15.63031316,13.09880161,R1111
6/9/2025 16:00,11.481396,14.86047917,12.91302025,R1111
6/9/2025 16:30,10.47572072,13.5031894,12.52132529,R1111
6/9/2025 17:00,8.230230252,10.31578647,8.452754401,R1111
6/9/2025 17:30,6.184170213,7.650604114,2.846680275,R1111
6/9/2025 18:00,4.446564437,5.876492927,0.848979633,R1111
6/9/2025 18:30,3.484833565,4.435236521,-4.013435181,R1111
6/9/2025 19:00,3.051929571,3.499031204,-2.951339557,R1111
6/9/2025 19:30,2.526552716,2.63148845,-4.902641222,R1111
6/9/2025 20:00,2.158719394,3.157197465,-1.228771075,R1111
6/9/2025 20:30,2.378293036,3.038083613,NA,R1111
6/9/2025 21:00,2.65205428,2.878355361,NA,R1111
6/9/2025 21:30,1.957161027,2.6726698,-4.06229275,R1111
6/9/2025 22:00,2.15901982,2.677294693,-0.843858065,R1111
6/9/2025 22:30,1.961240079,2.047378686,NA,R1111
6/9/2025 23:00,1.47160083,2.033920176,NA,R1111
6/9/2025 23:30,1.977212315,1.933083858,NA,R1111
6/10/2025 0:00,1.80574722,1.941960072,NA,R1111
6/10/2025 0:30,0.474052323,-0.441947699,NA,R1111
6/10/2025 1:00,-0.273166619,-0.456784334,NA,R1111
6/10/2025 1:30,-0.810657399,-1.532545308,NA,R1111
6/10/2025 2:00,-0.393048589,-0.568400384,-3.764213689,R1111
6/10/2025 2:30,-0.707782981,-1.593687293,NA,R1111
6/10/2025 3:00,-0.62182056,-1.334182034,NA,R1111
6/10/2025 3:30,-0.692236693,-1.664421666,NA,R1111
6/10/2025 4:00,-0.999222456,-2.244113052,NA,R1111
6/10/2025 4:30,-0.522181402,-1.302000736,NA,R1111
6/10/2025 5:00,0.066464199,0.251712375,NA,R1111
6/10/2025 5:30,0.793768178,0.454188781,NA,R1111
6/10/2025 6:00,1.870904329,2.154720086,NA,R1111
6/10/2025 6:30,3.253439536,4.525811381,1.822221102,R1111
6/10/2025 7:00,3.909878371,5.685148701,5.36549134,R1111
6/10/2025 7:30,4.989676056,6.990837193,6.211192936,R1111
6/10/2025 8:00,5.942318323,8.464426411,4.778043322,R1111
6/10/2025 8:30,9.012446467,12.04125511,10.52618216,R1111
6/10/2025 9:00,11.47807641,14.56651103,12.04527696,R1111
6/10/2025 9:30,12.99294066,16.64779269,16.11502677,R1111
6/10/2025 10:00,13.05672574,17.43105477,15.5895812,R1111
6/10/2025 10:30,14.66548761,18.62685391,20.42067647,R1111
6/10/2025 11:00,14.57148947,18.56610264,18.53751126,R1111
6/10/2025 11:30,14.80764697,18.91201681,18.75193681,R1111
6/10/2025 12:00,14.75779232,19.04365897,20.25267125,R1111
6/10/2025 12:30,15.40471198,19.5108007,19.64611126,R1111
6/10/2025 13:00,16.60588771,19.88552693,19.81989459,R1111
6/10/2025 13:30,17.15113485,20.2150536,21.47347273,R1111
6/10/2025 14:00,16.50725055,19.95775567,20.05064388,R1111
6/10/2025 14:30,15.53387074,19.57450367,19.89299228,R1111
6/10/2025 15:00,14.18688521,18.37766821,18.20137602,R1111
6/10/2025 15:30,12.53131521,16.82277501,15.17450163,R1111
6/10/2025 16:00,11.10531053,14.58480555,11.26697496,R1111
6/10/2025 16:30,9.894289273,13.2142051,11.39072281,R1111
6/10/2025 17:00,7.036892832,9.655659099,4.312886209,R1111
6/10/2025 17:30,5.506041903,7.879013497,3.406236539,R1111
6/10/2025 18:00,5.1477869,6.827618508,2.043139875,R1111
6/10/2025 18:30,3.639655687,5.178154513,0.068735292,R1111
6/10/2025 19:00,3.228741309,4.592018749,2.843152086,R1111
6/10/2025 19:30,1.949468181,2.999407154,-1.593659796,R1111
6/10/2025 20:00,1.679189464,2.604811576,-2.587744987,R1111
6/10/2025 20:30,1.581049669,2.332581548,NA,R1111
6/10/2025 21:00,2.084489247,2.969929395,-0.92307181,R1111
6/10/2025 21:30,1.14828042,2.469031565,-3.977194167,R1111
6/10/2025 22:00,1.689190708,2.61625957,-2.906503397,R1111
6/10/2025 22:30,2.191981395,2.910542837,-1.765643337,R1111
6/10/2025 23:00,1.781273669,3.182290526,-0.935330183,R1111
6/10/2025 23:30,2.337080914,3.320906748,-0.10576334,R1111
6/11/2025 0:00,2.035646034,3.126745009,-0.665828952,R1111
6/11/2025 0:30,1.861334229,2.240166894,NA,R1111
6/11/2025 1:00,1.682881866,2.443067682,NA,R1111
6/11/2025 1:30,1.960369341,2.381826996,-4.615921894,R1111
6/11/2025 2:00,2.040351701,2.509967866,-2.911028326,R1111
6/11/2025 2:30,2.495588867,2.606678906,-2.83925394,R1111
6/11/2025 3:00,2.768062222,3.317298524,-1.449380013,R1111
6/11/2025 3:30,1.983818763,3.00512268,-2.050140313,R1111
6/11/2025 4:00,2.356821398,3.441251319,0.938351214,R1111
6/11/2025 4:30,2.451691164,3.141935636,-1.372565401,R1111
6/11/2025 5:00,1.72517085,2.823165836,-0.782124033,R1111
6/11/2025 5:30,1.255321666,2.590306897,-2.281181992,R1111
6/11/2025 6:00,3.769025795,4.870686747,0.282092986,R1111
6/11/2025 6:30,5.161742173,7.332953597,6.541082464,R1111
6/11/2025 7:00,5.448583583,7.923825381,4.139230626,R1111
6/11/2025 7:30,6.70187098,9.315552998,5.964443981,R1111
6/11/2025 8:00,8.035707246,11.18323023,8.553160995,R1111
6/11/2025 8:30,10.60895522,14.07549163,13.31304193,R1111
6/11/2025 9:00,12.45980598,16.07163016,14.59199778,R1111
6/11/2025 9:30,13.99878181,17.52872925,15.6748082,R1111
6/11/2025 10:00,14.00407922,17.64390592,17.38583408,R1111
6/11/2025 10:30,14.28725828,17.81937256,15.41204822,R1111
6/11/2025 11:00,14.92325139,18.2027134,16.23936925,R1111
6/11/2025 11:30,15.45103528,19.14445151,17.14131418,R1111
6/11/2025 12:00,15.93756877,19.26348457,16.97682232,R1111
6/11/2025 12:30,16.12824409,19.47897853,20.37663204,R1111
6/11/2025 13:00,17.28894594,20.34893903,22.71786836,R1111
6/11/2025 13:30,18.45037274,21.01432983,23.87587584,R1111
6/11/2025 14:00,17.53091023,20.45829677,20.88753629,R1111
6/11/2025 14:30,16.44820697,19.72640345,16.9774049,R1111
6/11/2025 15:00,15.55531711,19.13738016,18.32390023,R1111
6/11/2025 15:30,13.76504069,17.87861034,16.51960938,R1111
6/11/2025 16:00,13.3394735,16.695759,15.19924698,R1111
6/11/2025 16:30,11.79090136,15.07876441,12.34808146,R1111
6/11/2025 17:00,9.181900443,12.12266392,9.878548818,R1111
6/11/2025 17:30,7.381188912,9.460173329,5.670133256,R1111
6/11/2025 18:00,5.847592399,7.292061025,3.008689933,R1111
6/11/2025 18:30,4.429220181,5.494794204,1.452382413,R1111
6/11/2025 19:00,3.626853966,4.30352905,0.642313881,R1111
6/11/2025 19:30,2.522284735,3.528062606,-0.705924917,R1111
6/11/2025 20:00,2.742640518,3.285576988,-2.609254857,R1111
6/11/2025 20:30,3.138084754,4.259443769,0.78535845,R1111
6/11/2025 21:00,2.91901118,4.487804458,0.142750374,R1111
6/11/2025 21:30,3.143916798,4.813411244,2.740587453,R1111
6/11/2025 22:00,3.209768359,4.210715674,-1.413832881,R1111
6/11/2025 22:30,3.23590713,4.273863757,-0.055177327,R1111
6/11/2025 23:00,3.681145412,4.529993919,-1.301015142,R1111
6/11/2025 23:30,3.318229376,4.801512502,-0.991704706,R1111
6/12/2025 0:00,3.407112608,4.995511285,0.383323313,R1111
6/12/2025 0:30,1.072342252,1.120305175,NA,R1111
6/12/2025 1:00,0.577809157,0.167236883,NA,R1111
6/12/2025 1:30,0.173764465,-0.639124059,NA,R1111
6/12/2025 2:00,-0.141370737,0.001042438,-3.653064984,R1111
6/12/2025 2:30,-0.66044305,-0.56253016,-4.139026734,R1111
6/12/2025 3:00,-0.552367906,-1.095834234,NA,R1111
6/12/2025 3:30,-0.037911146,-0.452960545,-4.495594113,R1111
6/12/2025 4:00,-0.008235563,-0.609326,NA,R1111
6/12/2025 4:30,0.410791037,-0.13181828,NA,R1111
6/12/2025 5:00,0.619289913,0.977862125,-3.056518342,R1111
6/12/2025 5:30,1.509095351,1.513472392,-1.662328149,R1111
6/12/2025 6:00,1.742096538,2.37839402,-1.979632658,R1111
6/12/2025 6:30,3.02890315,4.47647646,0.689768753,R1111
6/12/2025 7:00,3.877845625,5.697491736,2.138046987,R1111
6/12/2025 7:30,4.377177233,6.806047724,0.922812932,R1111
6/12/2025 8:00,6.858512511,9.199519314,6.646461865,R1111
6/12/2025 8:30,7.729870014,11.35355984,6.879220884,R1111
6/12/2025 9:00,9.831956721,13.92744214,11.4954944,R1111
6/12/2025 9:30,11.38164292,16.45339065,15.49698603,R1111
6/12/2025 10:00,12.10998838,16.84025555,15.35345208,R1111
6/12/2025 10:30,13.29090508,17.33238565,15.42588585,R1111
6/12/2025 11:00,13.16207171,17.76395577,16.96666683,R1111
6/12/2025 11:30,14.26880319,18.03471906,16.71428819,R1111
6/12/2025 12:00,14.21996268,18.57049472,17.42132864,R1111
6/12/2025 12:30,14.33942044,18.65318869,16.87461013,R1111
6/12/2025 13:00,15.81188968,20.4383769,21.37199211,R1111
6/12/2025 13:30,15.9887141,19.7430879,17.84411164,R1111
6/12/2025 14:00,15.80247929,19.91912812,18.33732992,R1111
6/12/2025 14:30,14.91567693,19.49182507,19.23027556,R1111
6/12/2025 15:00,13.45267765,17.50235373,16.30056932,R1111
6/12/2025 15:30,12.26160238,16.54501741,14.24537393,R1111
6/12/2025 16:00,10.79937093,14.8781007,11.16869157,R1111
6/12/2025 16:30,10.02438909,13.90623807,11.91382518,R1111
6/12/2025 17:00,7.907672723,10.79380114,7.016514695,R1111
6/12/2025 17:30,6.037545104,8.634739974,4.307951893,R1111
6/12/2025 18:00,4.718259204,6.167050083,1.203772875,R1111
6/12/2025 18:30,3.843286915,5.238111703,-0.684268031,R1111
6/12/2025 19:00,2.966635993,4.390259827,0.794244435,R1111
6/12/2025 19:30,2.751883632,3.790202547,-1.760558909,R1111
6/12/2025 20:00,2.383670722,3.755631846,-1.329264241,R1111
6/12/2025 20:30,2.747728881,3.531086168,-1.405677672,R1111
6/12/2025 21:00,2.617154728,3.559461037,-1.621589389,R1111
6/12/2025 21:30,2.385329113,3.36513154,-2.25352042,R1111
6/12/2025 22:00,2.4040948,3.292416872,-2.072364952,R1111
6/12/2025 22:30,2.069698475,2.60246317,-3.965393966,R1111
6/12/2025 23:00,1.897862227,2.56832331,NA,R1111
6/12/2025 23:30,2.402087057,2.285371919,-4.889984766,R1111
6/13/2025 0:00,2.366880443,2.903919458,-3.137511178,R1111
6/13/2025 0:30,2.49014827,3.315818807,-1.675661997,R1111
6/13/2025 1:00,2.223898775,2.904333046,-3.588306957,R1111
6/13/2025 1:30,2.102319719,2.937414478,-3.566014463,R1111
6/13/2025 2:00,2.191944892,2.36001353,NA,R1111
6/13/2025 2:30,2.446686332,3.000074795,-1.451945937,R1111
6/13/2025 3:00,2.072199544,2.660272033,-4.006088033,R1111
6/13/2025 3:30,2.722414403,2.79423009,-1.964628502,R1111
6/13/2025 4:00,2.77848085,3.116834463,-2.312960681,R1111
6/13/2025 4:30,2.061572257,3.182273113,-1.356627617,R1111
6/13/2025 5:00,2.112755772,3.539818913,1.425117859,R1111
6/13/2025 5:30,2.497045946,3.505667954,-0.073786507,R1111
6/13/2025 6:00,3.390028364,4.692318088,1.0688408,R1111
6/13/2025 6:30,6.010119456,7.244336837,3.755440366,R1111
6/13/2025 7:00,5.385002406,7.280404654,4.515222762,R1111
6/13/2025 7:30,5.822287384,8.374488846,6.163564023,R1111
6/13/2025 8:00,9.227836164,11.4721735,8.861873951,R1111
6/13/2025 8:30,9.956524849,12.71344593,10.4280936,R1111
6/13/2025 9:00,11.78290321,14.74374261,10.74888025,R1111
6/13/2025 9:30,13.19657878,16.97569323,18.50547175,R1111
6/13/2025 10:00,13.8679235,17.713353,17.42488786,R1111
6/13/2025 10:30,14.71610226,18.18959653,18.10550141,R1111
6/13/2025 11:00,14.90754564,18.75281483,21.09163919,R1111
6/13/2025 11:30,15.13357011,18.90847392,21.27143334,R1111
6/13/2025 12:00,15.61874521,19.61150288,18.63857361,R1111
6/13/2025 12:30,16.29628833,19.99576129,20.3809513,R1111
6/13/2025 13:00,17.8515712,20.94142247,21.50758511,R1111
6/13/2025 13:30,16.90605218,21.186452,23.67019258,R1111
6/13/2025 14:00,16.38362933,21.26088209,24.14487033,R1111
6/13/2025 14:30,15.96746798,20.09464106,19.32631992,R1111
6/13/2025 15:00,14.70767809,18.78025255,18.49407248,R1111
6/13/2025 15:30,14.15000513,17.62222587,14.08854954,R1111
6/13/2025 16:00,12.86923996,16.65481129,16.15885669,R1111
6/13/2025 16:30,11.24639675,14.6824493,11.65120622,R1111
6/13/2025 17:00,8.035757406,10.67492627,7.685799719,R1111
6/13/2025 17:30,6.849488442,8.500766928,3.973618887,R1111
6/13/2025 18:00,4.975337728,6.774553624,1.525735008,R1111
6/13/2025 18:30,4.113193266,5.988077567,0.681848404,R1111
6/13/2025 19:00,3.561606568,5.009426404,0.036296827,R1111
6/13/2025 19:30,3.139124796,4.652607152,-1.049295366,R1111
6/13/2025 20:00,3.239482974,4.663870786,-0.828124062,R1111
6/13/2025 20:30,2.613647181,4.338131421,-0.30907509,R1111
6/13/2025 21:00,2.161832382,4.061150234,0.564085718,R1111
6/13/2025 21:30,2.361502332,4.139207778,-0.210835896,R1111
6/13/2025 22:00,2.730407218,4.421650523,2.000718829,R1111
6/13/2025 22:30,2.416337491,3.185605982,-3.784458547,R1111
6/13/2025 23:00,1.684374162,3.318632968,-2.690556225,R1111
6/13/2025 23:30,2.227631329,3.497841135,-2.133088414,R1111
6/14/2025 0:00,2.680777164,3.618394393,-1.252600159,R1111
6/14/2025 0:30,2.111943865,3.626975483,1.609435525,R1111
6/14/2025 1:00,1.761248461,3.002494272,-2.427676451,R1111
6/14/2025 1:30,1.840424621,2.870720665,NA,R1111
6/14/2025 2:00,2.449544982,3.616097351,-0.118665813,R1111
6/14/2025 2:30,2.334197124,4.468240027,-2.915545697,R1111
6/14/2025 3:00,1.983316648,2.929449503,-3.719637591,R1111
6/14/2025 3:30,2.562173008,3.496174222,0.150601836,R1111
6/14/2025 4:00,2.38852583,3.373855927,-2.908118567,R1111
6/14/2025 4:30,2.500465639,2.718086308,-4.168611685,R1111
6/14/2025 5:00,2.378318447,2.602695832,-2.285647997,R1111
6/14/2025 5:30,2.121644575,2.917219981,-2.747642873,R1111
6/14/2025 6:00,3.332349517,5.263493497,0.620805277,R1111
6/14/2025 6:30,5.530719644,7.732038263,3.360814826,R1111
6/14/2025 7:00,6.298528502,8.346129014,5.279670586,R1111
6/14/2025 7:30,7.446355698,9.938935285,7.137561994,R1111
6/14/2025 8:00,9.401430663,12.24600114,9.714328802,R1111
6/14/2025 8:30,10.29037248,14.98863615,15.02808884,R1111
6/14/2025 9:00,12.76573395,17.33332645,18.04297747,R1111
6/14/2025 9:30,13.35597332,18.81050115,20.72385996,R1111
6/14/2025 10:00,14.14537902,18.73154753,21.68507639,R1111
6/14/2025 10:30,14.62451736,18.93980193,20.47453932,R1111
6/14/2025 11:00,15.05917001,19.44791549,21.47162499,R1111
6/14/2025 11:30,15.51741176,19.51962793,20.12751255,R1111
6/14/2025 12:00,15.82755794,19.63807975,21.4712183,R1111
6/14/2025 12:30,16.32725411,19.86764675,20.00641694,R1111
6/14/2025 13:00,16.90957566,20.66874941,22.0512394,R1111
6/14/2025 13:30,17.24619176,20.3183239,20.28696401,R1111
6/14/2025 14:00,17.22729663,21.19123529,24.95853708,R1111
6/14/2025 14:30,16.40656982,20.0481577,18.41713685,R1111
6/14/2025 15:00,15.02955714,18.41802834,17.93033585,R1111
6/14/2025 15:30,12.55692835,16.47586028,16.11054298,R1111
6/14/2025 16:00,11.29352445,15.32846312,12.92154338,R1111
6/14/2025 16:30,9.423979814,13.23178356,11.38664556,R1111
6/14/2025 17:00,7.40667171,9.585517577,5.070209215,R1111
6/14/2025 17:30,5.322873998,7.802680192,4.641416224,R1111
6/14/2025 18:00,4.419483285,6.48291414,3.325115372,R1111
6/14/2025 18:30,3.386916388,5.445922773,2.148933913,R1111
6/14/2025 19:00,3.19883323,4.730397554,4.1770268,R1111
6/14/2025 19:30,2.351040609,3.960199754,0.025765693,R1111
6/14/2025 20:00,2.384340303,3.331527023,-1.673597737,R1111
6/14/2025 20:30,2.273475536,3.392794784,1.683480924,R1111
6/14/2025 21:00,1.694443665,3.395765217,-1.124406905,R1111
6/14/2025 21:30,2.153185274,3.24388244,-1.03279649,R1111
6/14/2025 22:00,2.43709162,2.999386573,-0.811604557,R1111
6/14/2025 22:30,1.581765141,2.450319858,1.016089962,R1111
6/14/2025 23:00,2.122768485,2.1514948,-3.532900605,R1111
6/14/2025 23:30,1.286104571,2.282334155,NA,R1111
6/15/2025 0:00,1.432213268,2.791095222,-0.978814571,R1111
6/15/2025 0:30,-1.039538391,0.69019324,-3.083063307,R1111
6/15/2025 1:00,-1.514512315,-0.65495467,NA,R1111
6/15/2025 1:30,-1.453556171,-0.615015487,-4.055909259,R1111
6/15/2025 2:00,-2.212901309,-1.157402033,NA,R1111
6/15/2025 2:30,-1.736305554,-1.075709554,NA,R1111
6/15/2025 3:00,-1.592774225,-1.554207087,NA,R1111
6/15/2025 3:30,-2.078710318,-0.904295838,-4.299438327,R1111
6/15/2025 4:00,-1.633621938,-1.688721552,-4.64812083,R1111
6/15/2025 4:30,-0.803095467,-0.884943809,NA,R1111
6/15/2025 5:00,-0.77427919,-0.2676624,NA,R1111
6/15/2025 5:30,-0.678216722,0.793253344,-3.348466421,R1111
6/15/2025 6:00,1.04989207,2.238454452,-0.338396039,R1111
6/15/2025 6:30,2.240625162,4.64104775,-0.80008624,R1111
6/15/2025 7:00,3.005977293,5.536453715,0.884555609,R1111
6/15/2025 7:30,5.114460036,7.705404038,4.208169289,R1111
6/15/2025 8:00,6.661212857,10.44644258,7.221096938,R1111
6/15/2025 8:30,8.898049529,12.59025304,10.55338441,R1111
6/15/2025 9:00,9.954629608,15.31781191,15.80121465,R1111
6/15/2025 9:30,11.78110981,17.03622928,18.3658219,R1111
6/15/2025 10:00,12.32047486,17.7013544,18.42070482,R1111
6/15/2025 10:30,13.46456787,18.12462591,19.91594948,R1111
6/15/2025 11:00,13.61421903,18.59147173,19.63413906,R1111
6/15/2025 11:30,14.24983684,18.92585497,19.90184692,R1111
6/15/2025 12:00,14.99658574,19.01148817,21.35222956,R1111
6/15/2025 12:30,15.14564864,20.03979276,24.74504153,R1111
6/15/2025 13:00,15.30888013,19.4649382,20.18780024,R1111
6/15/2025 13:30,15.80093964,19.76198994,22.01057073,R1111
6/15/2025 14:00,15.1231231,19.72344477,20.90937845,R1111
6/15/2025 14:30,14.6576678,19.29960376,19.96155576,R1111
6/15/2025 15:00,13.59882652,18.09482614,15.82229966,R1111
6/15/2025 15:30,12.23161288,17.06907971,16.13961329,R1111
6/15/2025 16:00,10.82433878,15.52133319,13.63894152,R1111
6/15/2025 16:30,9.63222846,13.06497413,10.52146231,R1111
6/15/2025 17:00,6.82483166,9.559426762,6.020824647,R1111
6/15/2025 17:30,5.119336492,7.583764809,3.946821435,R1111
6/15/2025 18:00,3.823427491,5.440275584,0.866759863,R1111
6/15/2025 18:30,2.653384139,4.493671545,-0.313309998,R1111
6/15/2025 19:00,2.447292179,3.896761439,0.694134256,R1111
6/15/2025 19:30,1.813864225,3.185225411,-2.125346588,R1111
6/15/2025 20:00,1.843005879,3.474701314,-1.399156184,R1111
6/15/2025 20:30,1.42926473,2.72822894,-4.392536612,R1111
6/15/2025 21:00,1.913133042,2.746940048,-2.767610574,R1111
6/15/2025 21:30,0.916651789,2.395691253,-3.302187748,R1111
6/15/2025 22:00,1.294399588,2.823358964,-3.226898337,R1111
6/15/2025 22:30,1.663891886,2.937898732,-2.368440849,R1111
6/15/2025 23:00,1.194934111,3.193955794,-1.937640768,R1111
6/15/2025 23:30,1.821607591,3.340843304,-1.209953717,R1111
6/16/2025 0:00,1.994520633,3.125530913,-2.260502392,R1111
6/16/2025 0:30,2.294513583,3.148767659,0.11515903,R1111
6/16/2025 1:00,2.302590408,3.29723118,NA,R1111
6/16/2025 1:30,2.272721741,3.137286546,-3.6699846,R1111
6/16/2025 2:00,2.51295245,3.10947484,NA,R1111
6/16/2025 2:30,2.515258001,3.825694296,1.12597453,R1111
6/16/2025 3:00,2.797870632,3.414184486,-4.922077259,R1111
6/16/2025 3:30,2.357036921,3.508592932,NA,R1111
6/16/2025 4:00,2.720385519,3.433995557,-1.73554658,R1111
6/16/2025 4:30,3.107166809,4.483010369,1.72979011,R1111
6/16/2025 5:00,2.77678322,4.420639129,1.942005147,R1111
6/16/2025 5:30,2.043278628,2.662959209,-4.414632901,R1111
6/16/2025 6:00,3.051885551,3.754991651,NA,R1111
6/16/2025 6:30,3.950587782,5.01093094,-2.926407387,R1111
6/16/2025 7:00,6.017435165,8.222364999,0.515246405,R1111
6/16/2025 7:30,6.679471453,9.621804302,0.23686272,R1111
6/16/2025 8:00,9.159654495,12.08016992,7.780471903,R1111
6/16/2025 8:30,9.597173019,15.3632944,15.99139208,R1111
6/16/2025 9:00,13.34925978,17.30079836,16.67483801,R1111
6/16/2025 9:30,14.48966196,18.52941011,18.41315226,R1111
6/16/2025 10:00,14.90514215,19.23036409,17.06161264,R1111
6/16/2025 10:30,15.38651106,18.62401976,14.78893191,R1111
6/16/2025 11:00,15.04423587,18.57932912,19.26766254,R1111
6/16/2025 11:30,15.37102716,18.70988735,17.29385279,R1111
6/16/2025 12:00,15.37151305,18.80290521,18.73122811,R1111
6/16/2025 12:30,15.56219004,19.28190489,20.58137508,R1111
6/16/2025 13:00,16.00035241,19.33466961,19.4025145,R1111
6/16/2025 13:30,15.66653209,18.9649478,34.37975928,R1111
6/16/2025 14:00,16.68448871,19.26906232,17.07143951,R1111
6/16/2025 14:30,15.31958038,18.65576069,14.744254,R1111
6/16/2025 15:00,14.35429101,17.74064942,10.61434878,R1111
6/16/2025 15:30,13.30733363,16.49691848,11.90984466,R1111
6/16/2025 16:00,11.5878818,15.8879161,15.40462627,R1111
6/16/2025 16:30,10.32764057,14.40536012,11.27762226,R1111
6/16/2025 17:00,7.967045901,11.36219116,7.239550046,R1111
6/16/2025 17:30,6.189937379,8.493159485,4.937483788,R1111
6/16/2025 18:00,4.091831136,6.347321587,1.59872036,R1111
6/16/2025 18:30,2.479996124,4.492537908,-0.803260315,R1111
6/16/2025 19:00,1.587641925,3.038892724,-2.401826893,R1111
6/16/2025 19:30,1.41458784,2.278527365,NA,R1111
6/16/2025 20:00,1.237694493,2.193796827,-1.737247767,R1111
6/16/2025 20:30,2.455513051,2.674999832,NA,R1111
6/16/2025 21:00,0.22491271,1.440890827,-4.361790354,R1111
6/16/2025 21:30,-0.507415523,1.172247783,-4.420413443,R1111
6/16/2025 22:00,1.411427597,0.966780109,NA,R1111
6/16/2025 22:30,-0.89389195,0.81245277,-3.149859586,R1111
6/16/2025 23:00,0.758607227,0.908079636,NA,R1111
6/16/2025 23:30,0.957721675,0.633511498,NA,R1111
6/17/2025 0:00,-0.464689437,0.666992652,NA,R1111
6/17/2025 0:30,-0.224427163,-0.475529688,-4.511779214,R1111
6/17/2025 1:00,-0.772733296,-0.813675165,-3.550372143,R1111
6/17/2025 1:30,-0.873564129,-0.818782811,NA,R1111
6/17/2025 2:00,-2.031933679,-2.438406038,NA,R1111
6/17/2025 2:30,-0.579979687,-1.076321369,1.156778302,R1111
6/17/2025 3:00,-3.109663174,-1.906820379,-4.367942357,R1111
6/17/2025 3:30,-2.169704648,-3.046104366,NA,R1111
6/17/2025 4:00,-3.062480708,-2.434820863,NA,R1111
6/17/2025 4:30,-2.410246826,-1.726412341,NA,R1111
6/17/2025 5:00,-1.842010438,-0.915930857,NA,R1111
6/17/2025 5:30,-0.977643196,-0.595746534,-3.155171641,R1111
6/17/2025 6:00,1.269837788,1.423397399,NA,R1111
6/17/2025 6:30,1.95989466,3.361071727,-0.518742392,R1111
6/17/2025 7:00,3.340237339,4.830546,1.180597692,R1111
6/17/2025 7:30,4.912765681,6.950752115,4.330040984,R1111
6/17/2025 8:00,5.253929772,9.547994379,12.59692963,R1111
6/17/2025 8:30,7.177996638,11.67302294,13.27449344,R1111
6/17/2025 9:00,9.545433814,14.6078113,8.743435576,R1111
6/17/2025 9:30,10.71434333,16.09819431,14.08688665,R1111
6/17/2025 10:00,10.83887852,16.66942772,20.44762898,R1111
6/17/2025 10:30,12.13942504,17.01869157,18.37719884,R1111
6/17/2025 11:00,11.850894,17.23705458,23.0434299,R1111
6/17/2025 11:30,12.40206174,17.25459017,24.77459305,R1111
6/17/2025 12:00,12.63424607,17.9689196,20.54419435,R1111
6/17/2025 12:30,13.82548849,17.90581288,20.85510219,R1111
6/17/2025 13:00,14.68464857,18.72474028,22.2243174,R1111
6/17/2025 13:30,14.96321892,18.9130252,25.70576152,R1111
6/17/2025 14:00,14.30992114,19.03987306,19.75756882,R1111
6/17/2025 14:30,14.4858746,17.91157212,22.85478604,R1111
6/17/2025 15:00,13.66857436,16.87672551,16.41271542,R1111
6/17/2025 15:30,11.28170278,16.60010932,16.28911192,R1111
6/17/2025 16:00,10.03632854,14.73661268,13.18437599,R1111
6/17/2025 16:30,7.727523702,11.91718473,13.04505346,R1111
6/17/2025 17:00,4.705461897,8.178754524,16.7520259,R1111
6/17/2025 17:30,4.483109025,6.127981911,9.018132308,R1111
6/17/2025 18:00,1.752581702,4.696089191,-1.494010749,R1111
6/17/2025 18:30,1.939785705,3.54982329,-2.67391255,R1111
6/17/2025 19:00,0.895232287,2.402034562,NA,R1111
6/17/2025 19:30,0.643467173,1.237940688,-1.70993162,R1111
6/17/2025 20:00,0.02871837,1.142663979,NA,R1111
6/17/2025 20:30,-0.045877882,0.443220106,6.376672118,R1111
6/17/2025 21:00,0.064235595,0.710381105,0.58957585,R1111
6/17/2025 21:30,-0.789453666,1.252680821,1.674520472,R1111
6/17/2025 22:00,-0.368519518,1.151453678,2.931884789,R1111
6/17/2025 22:30,-0.899446119,1.122125964,4.517765452,R1111
6/17/2025 23:00,-0.676212834,0.881435845,6.050326878,R1111
6/17/2025 23:30,-0.507594626,0.933004082,1.349345875,R1111
6/18/2025 0:00,-0.367091581,1.08360191,-1.121276725,R1111
6/18/2025 0:30,-0.799506356,0.645015498,4.855647136,R1111
6/18/2025 1:00,-0.18111514,0.812913902,-0.223249226,R1111
6/18/2025 1:30,-0.380701704,0.720244644,-2.072455466,R1111
6/18/2025 2:00,-2.070297351,0.600907694,1.401428903,R1111
6/18/2025 2:30,-1.275523761,0.789746155,2.258568895,R1111
6/18/2025 3:00,-1.610188687,0.774446137,8.227736414,R1111
6/18/2025 3:30,1.060761465,1.402621598,NA,R1111
6/18/2025 4:00,-0.008697155,1.133997168,-1.277557737,R1111
6/18/2025 4:30,0.733929458,1.484047287,0.624638568,R1111
6/18/2025 5:00,-0.739590938,2.27007626,6.373981381,R1111
6/18/2025 5:30,0.096127009,1.757619351,NA,R1111
6/18/2025 6:00,1.099382349,2.580898298,5.98957282,R1111
6/18/2025 6:30,2.626189637,5.820143895,9.080699013,R1111
6/18/2025 7:00,3.725356754,6.798474098,9.325578724,R1111
6/18/2025 7:30,4.017256127,8.321182099,12.51576591,R1111
6/18/2025 8:00,6.144329497,10.25563269,8.689292377,R1111
6/18/2025 8:30,8.059656721,11.97285678,15.41075095,R1111
6/18/2025 9:00,10.78228133,14.21317527,17.59528784,R1111
6/18/2025 9:30,12.22798148,15.71644728,14.27791351,R1111
6/18/2025 10:00,12.59048349,16.39460502,14.25921116,R1111
6/18/2025 10:30,14.56004342,17.25763377,13.74377943,R1111
6/18/2025 11:00,14.9128732,17.92188727,13.38906454,R1111
6/18/2025 11:30,15.17798382,18.18432858,10.55970357,R1111
6/18/2025 12:00,16.68638366,18.16887585,NA,R1111
6/18/2025 12:30,15.45228473,18.38160339,14.99554427,R1111
6/18/2025 13:00,17.01992742,18.89367422,12.39030636,R1111
6/18/2025 13:30,15.75336324,18.32059923,19.89688794,R1111
6/18/2025 14:00,15.59734651,18.78609151,23.24179879,R1111
6/18/2025 14:30,15.40417458,18.47478735,13.44311414,R1111
6/18/2025 15:00,14.08241238,17.65407177,17.31800877,R1111
6/18/2025 15:30,13.21781542,17.04365916,15.53188983,R1111
6/18/2025 16:00,12.50674025,16.09716884,19.17772121,R1111
6/18/2025 16:30,11.1604454,14.67315852,11.26569412,R1111
6/18/2025 17:00,7.150371156,10.19415151,3.213839344,R1111
6/18/2025 17:30,4.96793805,7.78235959,1.378500162,R1111
6/18/2025 18:00,2.316036575,4.428749479,6.706635114,R1111
6/18/2025 18:30,0.344547686,3.040541821,6.644295551,R1111
6/18/2025 19:00,1.122983694,1.643383052,1.819190165,R1111
6/18/2025 19:30,2.272042065,2.821345217,-1.705158198,R1111
6/18/2025 20:00,1.073264693,2.174904589,-1.752625375,R1111
6/18/2025 20:30,-1.173415151,1.989484722,4.38762008,R1111
6/18/2025 21:00,0.728179104,2.077547618,NA,R1111
6/18/2025 21:30,-0.549145027,1.606387774,0.915575348,R1111
6/18/2025 22:00,0.94193972,2.071417174,-3.78967658,R1111
6/18/2025 22:30,0.714686539,2.065214183,NA,R1111
6/18/2025 23:00,-0.741297154,1.280741102,6.225035692,R1111
6/18/2025 23:30,0.749910062,1.864014379,NA,R1111
6/19/2025 0:00,1.265580111,1.590922488,NA,R1111
6/19/2025 0:30,-2.294572002,-0.765122252,NA,R1111
6/19/2025 1:00,-2.754584494,-1.662848872,-3.5621746,R1111
6/19/2025 1:30,NA,-3.358436833,5.7216858,R1111
6/19/2025 2:00,-3.002271587,-2.480569858,NA,R1111
6/19/2025 2:30,-1.98143733,-3.171425051,NA,R1111
6/19/2025 3:00,-3.976138216,-3.111752551,NA,R1111
6/19/2025 3:30,-1.990902858,-2.576422603,NA,R1111
6/19/2025 4:00,-3.525468358,-3.033454081,2.067274871,R1111
6/19/2025 4:30,-1.163166437,-1.973406687,NA,R1111
6/19/2025 5:00,-3.096516222,-1.344418903,4.983451131,R1111
6/19/2025 5:30,-2.488301204,-0.35803154,-0.743627497,R1111
6/19/2025 6:00,-0.736257537,1.163343581,NA,R1111
6/19/2025 6:30,0.621307031,4.534537938,2.102557047,R1111
6/19/2025 7:00,2.553239122,5.75774298,7.796271351,R1111
6/19/2025 7:30,3.611633738,8.434393414,5.036289262,R1111
6/19/2025 8:00,5.835626289,11.55566777,12.84086427,R1111
6/19/2025 8:30,7.546585435,13.92838246,19.02208514,R1111
6/19/2025 9:00,10.3877316,16.61870264,15.70379179,R1111
6/19/2025 9:30,10.99848826,18.07249814,20.28270069,R1111
6/19/2025 10:00,11.60794616,18.36073874,22.83320172,R1111
6/19/2025 10:30,12.67843759,18.65064122,19.077248,R1111
6/19/2025 11:00,12.67356572,19.04462687,20.9197573,R1111
6/19/2025 11:30,13.50017554,19.43801534,21.37302176,R1111
6/19/2025 12:00,12.80358498,19.64033347,19.68656126,R1111
6/19/2025 12:30,13.51116929,19.97819465,18.21533216,R1111
6/19/2025 13:00,13.01089907,20.43439418,20.22146539,R1111
6/19/2025 13:30,14.13193826,20.94032817,12.87189913,R1111
6/19/2025 14:00,14.84192404,21.17666578,19.16586341,R1111
6/19/2025 14:30,13.70528686,20.65713447,15.81646703,R1111
6/19/2025 15:00,12.76453985,19.50583313,16.81940289,R1111
6/19/2025 15:30,11.77625729,18.6141178,19.12911824,R1111
6/19/2025 16:00,10.83101502,17.44292467,14.32160538,R1111
6/19/2025 16:30,8.426833253,15.23513851,19.18249084,R1111
6/19/2025 17:00,7.342762596,11.95311927,7.920628671,R1111
6/19/2025 17:30,3.893397193,7.723831536,9.088745252,R1111
6/19/2025 18:00,2.207967924,5.340659306,4.42099848,R1111
6/19/2025 18:30,2.350081606,5.323798868,1.924652318,R1111
6/19/2025 19:00,2.388177157,3.643429497,10.17278883,R1111
6/19/2025 19:30,1.190969378,3.082476285,0.906386866,R1111
6/19/2025 20:00,-1.654955783,1.77397975,3.372370282,R1111
6/19/2025 20:30,-0.49541096,1.834716443,NA,R1111
6/19/2025 21:00,-1.213925775,1.679143395,NA,R1111
6/19/2025 21:30,-0.2230076,1.128135112,NA,R1111
6/19/2025 22:00,-1.227677003,0.445418286,-3.469077727,R1111
6/19/2025 22:30,-0.579895722,0.608868616,NA,R1111
6/19/2025 23:00,-1.888549759,0.317389339,-1.833729699,R1111
6/19/2025 23:30,-1.152347582,2.201965507,NA,R1111
6/20/2025 0:00,-1.34230839,2.668656711,NA,R1111
6/20/2025 0:30,-1.168276246,1.959334523,4.043593629,R1111
6/20/2025 1:00,-1.972577701,2.133753847,-3.349384983,R1111
6/20/2025 1:30,-2.518266587,2.119483171,-0.923054998,R1111
6/20/2025 2:00,-1.166801995,2.414932146,NA,R1111
6/20/2025 2:30,-1.362515139,2.154099187,NA,R1111
6/20/2025 3:00,-0.556099565,2.566758364,NA,R1111
6/20/2025 3:30,-1.427880059,2.067942516,1.556508586,R1111
6/20/2025 4:00,-1.284133811,2.471133421,-3.722230426,R1111
6/20/2025 4:30,-1.130882282,2.359775912,1.111962788,R1111
6/20/2025 5:00,-0.262174428,2.44097663,-4.79473711,R1111
6/20/2025 5:30,-0.412021227,2.558110234,NA,R1111
6/20/2025 6:00,0.771315856,4.049964791,-1.539884672,R1111
6/20/2025 6:30,0.755481467,4.311050743,-4.882918119,R1111
6/20/2025 7:00,2.196216374,5.778584261,-1.42008902,R1111
6/20/2025 7:30,2.062883623,6.475567328,-1.745465741,R1111
6/20/2025 8:00,4.263862623,7.516595187,-3.332441815,R1111
6/20/2025 8:30,6.062702484,11.47602188,9.110993555,R1111
6/20/2025 9:00,7.992060316,13.35561063,8.720795404,R1111
6/20/2025 9:30,9.109569666,14.91155605,10.15589769,R1111
6/20/2025 10:00,10.36659331,15.40753678,11.47039016,R1111
6/20/2025 10:30,10.51711633,15.72376264,11.15980781,R1111
6/20/2025 11:00,12.42298361,18.61087095,14.75785775,R1111
6/20/2025 11:30,12.93859179,19.21915779,16.56850752,R1111
6/20/2025 12:00,13.39939458,20.13042675,16.88548004,R1111
6/20/2025 12:30,13.40891661,20.30812574,19.51243124,R1111
6/20/2025 13:00,15.12847204,20.45457424,21.81331168,R1111
6/20/2025 13:30,13.7940668,20.91606633,15.49361489,R1111
6/20/2025 14:00,14.6320136,21.38578791,17.16624919,R1111
6/20/2025 14:30,14.7367291,20.86192033,16.03054882,R1111
6/20/2025 15:00,13.25233367,20.13758895,16.18543954,R1111
6/20/2025 15:30,13.43693211,18.9633268,13.95866184,R1111
6/20/2025 16:00,11.33850401,17.93591637,12.94187776,R1111
6/20/2025 16:30,9.639651309,16.4744039,12.9477336,R1111
6/20/2025 17:00,5.005033545,10.35164118,6.81025651,R1111
6/20/2025 17:30,3.543997882,7.001558743,1.709409054,R1111
6/20/2025 18:00,0.829655958,4.677016809,-1.575982013,R1111
6/20/2025 18:30,0.494213295,3.287129341,NA,R1111
6/20/2025 19:00,-1.108484765,1.910280788,0.032941962,R1111
6/20/2025 19:30,-0.289015272,1.573565146,-4.69647244,R1111
6/20/2025 20:00,-1.926936005,0.232483299,-3.656229561,R1111
6/20/2025 20:30,-2.43407618,0.47725629,-2.904379541,R1111
6/20/2025 21:00,-4.271460857,-0.035517043,-4.090875481,R1111
6/20/2025 21:30,-3.005905267,-0.062457601,NA,R1111
6/20/2025 22:00,-3.744734945,-0.194424643,-3.96764471,R1111
6/20/2025 22:30,-3.279585638,-0.153147904,-4.714633345,R1111
6/20/2025 23:00,-3.38953229,-0.160196944,-0.615451867,R1111
6/20/2025 23:30,-4.88524436,-0.042711371,-2.265114055,R1111
6/21/2025 0:00,-4.17851285,-0.49494175,-2.109869352,R1111
6/21/2025 0:30,0.317756879,-0.533565169,NA,R1111
6/21/2025 1:00,-3.191350355,-0.75486021,-3.882718321,R1111
6/21/2025 1:30,0.411669836,-0.89632193,NA,R1111
6/21/2025 2:00,-0.038125127,-0.713767703,NA,R1111
6/21/2025 2:30,-4.228156853,-0.749491484,-3.757253908,R1111
6/21/2025 3:00,-0.399918881,-0.203662704,NA,R1111
6/21/2025 3:30,0.761373642,0.691477274,NA,R1111
6/21/2025 4:00,0.594651502,0.769157893,NA,R1111
6/21/2025 4:30,-1.158487848,0.793241573,-0.588805166,R1111
6/21/2025 5:00,1.638540953,1.719493466,-4.400735829,R1111
6/21/2025 5:30,-0.961153384,0.787322311,-1.093619843,R1111
6/21/2025 6:00,1.961952,3.118371327,-2.935425756,R1111
6/21/2025 6:30,6.792402568,8.149647884,4.54429423,R1111
6/21/2025 7:00,6.999461579,9.814693869,8.246417073,R1111
6/21/2025 7:30,8.483113739,10.14034387,6.693347048,R1111
6/21/2025 8:00,10.99668402,13.09759931,6.765586565,R1111
6/21/2025 8:30,12.95127146,15.3272339,10.51686919,R1111
6/21/2025 9:00,14.34249987,17.96919167,17.45825864,R1111
6/21/2025 9:30,16.28093684,19.00249301,17.8554805,R1111
6/21/2025 10:00,16.43230619,19.73352043,20.24027397,R1111
6/21/2025 10:30,15.35551596,18.69840832,17.94648443,R1111
6/21/2025 11:00,12.45442248,18.99719028,24.57032932,R1111
6/21/2025 11:30,15.81310412,19.95092345,22.17315115,R1111
6/21/2025 12:00,13.50527785,18.84356667,22.02804971,R1111
6/21/2025 12:30,16.93180104,18.51950741,13.43899861,R1111
6/21/2025 13:00,16.56830682,18.94019204,9.895207861,R1111
6/21/2025 13:30,16.09523085,18.72069947,21.87589268,R1111
6/21/2025 14:00,17.09030191,19.83766849,16.69526056,R1111
6/21/2025 14:30,17.09726526,19.3461929,13.86871568,R1111
6/21/2025 15:00,15.67229758,18.66774312,13.35460968,R1111
6/21/2025 15:30,13.9746218,16.95933734,11.96049678,R1111
6/21/2025 16:00,10.14575291,13.22116017,8.058103925,R1111
6/21/2025 16:30,8.77972322,11.03002563,4.111058938,R1111
6/21/2025 17:00,5.456818947,7.234366596,-3.959400579,R1111
6/21/2025 17:30,4.916060107,4.551330713,NA,R1111
6/21/2025 18:00,3.882233908,2.479811361,NA,R1111
6/21/2025 18:30,2.187524654,1.527938636,NA,R1111
6/21/2025 19:00,2.459407195,1.400114196,NA,R1111
6/21/2025 19:30,1.271931741,0.567897045,NA,R1111
6/21/2025 20:00,0.957724415,-0.37044103,NA,R1111
6/21/2025 20:30,1.372001344,-0.380096362,NA,R1111
6/21/2025 21:00,1.855239114,0.174802877,NA,R1111
6/21/2025 21:30,1.837527655,-0.207977201,NA,R1111
6/21/2025 22:00,1.695991555,0.148891495,NA,R1111
6/21/2025 22:30,1.179069186,0.844919244,NA,R1111
6/21/2025 23:00,2.870361747,0.910506793,NA,R1111
6/21/2025 23:30,-0.252746314,0.766450002,-3.932177725,R1111
6/22/2025 0:00,2.522799138,2.282295669,-3.71122503,R1111
6/22/2025 0:30,1.101904073,0.525540469,-2.346535783,R1111
6/22/2025 1:00,0.771530181,-0.186992133,-2.940611736,R1111
6/22/2025 1:30,0.491089187,-0.522457813,NA,R1111
6/22/2025 2:00,0.747549551,-1.076540852,NA,R1111
6/22/2025 2:30,-3.726135491,-1.589506328,-4.781058396,R1111
6/22/2025 3:00,0.363589927,-2.50435435,NA,R1111
6/22/2025 3:30,0.357186874,-2.087656937,NA,R1111
6/22/2025 4:00,1.083785488,-1.216641915,NA,R1111
6/22/2025 4:30,0.955947955,-0.706133787,NA,R1111
6/22/2025 5:00,-1.841454443,-0.589269793,-2.218348888,R1111
6/22/2025 5:30,-1.685245608,-0.110778095,-1.945423121,R1111
6/22/2025 6:00,-0.213680232,2.238819139,2.982386729,R1111
6/22/2025 6:30,3.385730789,7.10255844,8.091800868,R1111
6/22/2025 7:00,3.770734233,8.569514141,8.924078167,R1111
6/22/2025 7:30,6.412735413,11.12789474,10.28623159,R1111
6/22/2025 8:00,6.766038878,13.86495211,17.32591854,R1111
6/22/2025 8:30,8.965318816,15.61883312,18.39639741,R1111
6/22/2025 9:00,9.817178556,18.17971223,22.37397644,R1111
6/22/2025 9:30,10.94735834,19.45519097,24.38741224,R1111
6/22/2025 10:00,14.1034347,20.03398176,19.34586319,R1111
6/22/2025 10:30,15.63612947,21.48464502,19.68139271,R1111
6/22/2025 11:00,14.27699254,20.8536508,29.48449921,R1111
6/22/2025 11:30,13.39693,21.91116649,27.15725433,R1111
6/22/2025 12:00,13.19799178,22.71502114,26.1950813,R1111
6/22/2025 12:30,15.51059034,22.65610979,22.80909993,R1111
6/22/2025 13:00,15.85954248,22.35684426,21.40346453,R1111
6/22/2025 13:30,15.60444613,22.53310425,23.54205825,R1111
6/22/2025 14:00,15.58991705,22.24911104,22.8433635,R1111
6/22/2025 14:30,14.99290933,21.45927001,20.50668663,R1111
6/22/2025 15:00,12.45591527,20.19850545,22.43487334,R1111
6/22/2025 15:30,11.74754042,18.42895618,18.05194327,R1111
6/22/2025 16:00,11.00460056,16.77482205,17.16062153,R1111
6/22/2025 16:30,7.793210405,13.75160923,12.67846921,R1111
6/22/2025 17:00,5.449357922,10.22739123,8.305509479,R1111
6/22/2025 17:30,3.406760206,6.967334697,4.842641007,R1111
6/22/2025 18:00,-0.151953833,5.225214667,7.922238441,R1111
6/22/2025 18:30,1.119657618,3.492202885,0.541947601,R1111
6/22/2025 19:00,2.280704964,2.904919268,-1.572649038,R1111
6/22/2025 19:30,-1.569320725,2.102473888,0.506368889,R1111
6/22/2025 20:00,0.352524251,1.952386764,-2.421246495,R1111
6/22/2025 20:30,-2.694464358,2.530288519,6.221205092,R1111
6/22/2025 21:00,-0.4543831,1.999947855,-1.011991913,R1111
6/22/2025 21:30,-0.296087797,1.751379238,-0.308453721,R1111
6/22/2025 22:00,0.383361665,1.735523603,-3.723176128,R1111
6/22/2025 22:30,-0.632042046,1.396529205,-1.880389757,R1111
6/22/2025 23:00,0.582662165,0.726428895,-4.853431963,R1111
6/22/2025 23:30,-1.637109598,1.121312505,0.351820258,R1111
6/23/2025 0:00,-1.679914227,0.497267812,-2.719352177,R1111
6/23/2025 0:30,-1.298247073,1.070303348,-0.857156988,R1111
6/23/2025 1:00,-1.588147712,1.018227388,0.44315245,R1111
6/23/2025 1:30,-0.551083067,1.56843647,1.040969947,R1111
6/23/2025 2:00,0.658599759,1.521330141,-2.84319937,R1111
6/23/2025 2:30,0.691628819,2.364125731,0.029028922,R1111
6/23/2025 3:00,0.317658756,2.690161489,2.31397557,R1111
6/23/2025 3:30,1.136622067,2.339317608,0.362857598,R1111
6/23/2025 4:00,1.712543131,2.916965439,-1.417560393,R1111
6/23/2025 4:30,0.145308968,2.614497217,-0.076668573,R1111
6/23/2025 5:00,0.997976282,2.931251769,-1.233035849,R1111
6/23/2025 5:30,0.647222467,3.230189617,0.393018071,R1111
6/23/2025 6:00,0.148325634,4.531131793,3.63069667,R1111
6/23/2025 6:30,3.305088354,9.699677599,11.39486808,R1111
6/23/2025 7:00,5.76726996,10.63139594,10.62145635,R1111
6/23/2025 7:30,7.158204435,12.62147519,11.82986952,R1111
6/23/2025 8:00,10.35790268,15.89156799,14.54219511,R1111
6/23/2025 8:30,9.223626462,17.90709459,20.37316808,R1111
6/23/2025 9:00,11.30042217,19.95447532,25.2842269,R1111
6/23/2025 9:30,13.12107251,22.3086734,26.33597868,R1111
6/23/2025 10:00,14.77671943,22.5551381,24.73396025,R1111
6/23/2025 10:30,12.08622785,21.87214617,24.82900722,R1111
6/23/2025 11:00,12.7232562,21.88218311,24.97754184,R1111
6/23/2025 11:30,13.26493206,21.29394233,22.71528043,R1111
6/23/2025 12:00,12.70177806,21.03732426,20.97208274,R1111
6/23/2025 12:30,13.63551265,21.34014042,21.55813965,R1111
6/23/2025 13:00,14.19244148,21.63467335,22.85644748,R1111
6/23/2025 13:30,16.08192931,22.87289065,18.9916562,R1111
6/23/2025 14:00,14.60321515,22.39946588,23.25105086,R1111
6/23/2025 14:30,14.02393026,21.48018643,19.47420327,R1111
6/23/2025 15:00,12.68208655,19.58218589,17.93922921,R1111
6/23/2025 15:30,9.297604562,18.0801274,19.6950898,R1111
6/23/2025 16:00,11.66146614,17.10422092,16.58856172,R1111
6/23/2025 16:30,8.194338763,13.80949995,11.34159904,R1111
6/23/2025 17:00,3.632813576,9.559140413,9.381767478,R1111
6/23/2025 17:30,4.604945725,7.08991402,-0.775585976,R1111
6/23/2025 18:00,2.505450825,5.130490092,0.007698536,R1111
6/23/2025 18:30,2.585973911,4.460718326,-3.418030873,R1111
6/23/2025 19:00,-2.145567669,3.116388766,4.880696313,R1111
6/23/2025 19:30,-3.094761113,1.666549986,3.780946705,R1111
6/23/2025 20:00,-0.397099551,1.588666195,-0.280516103,R1111
6/23/2025 20:30,0.527913061,1.440494959,-0.853638587,R1111
6/23/2025 21:00,-4.485640787,1.604165531,5.758237065,R1111
6/23/2025 21:30,-3.363609216,0.296072381,2.837797697,R1111
6/23/2025 22:00,-3.191748559,-0.385712485,0.869283111,R1111
6/23/2025 22:30,-1.681404501,-0.416034503,-3.149915037,R1111
6/23/2025 23:00,-4.778923995,-0.535478521,1.306792173,R1111
6/23/2025 23:30,-1.064938039,-0.574538467,-2.340487184,R1111
6/24/2025 0:00,-2.898098401,0.135868628,-1.108178378,R1111
6/24/2025 0:30,-2.300447502,-2.633888053,NA,R1111
6/24/2025 1:00,-3.339966697,-2.900693121,-4.861425395,R1111
6/24/2025 1:30,-4.092980277,-3.689133578,-4.256832944,R1111
6/24/2025 2:00,-4.2361902,-3.572404304,NA,R1111
6/24/2025 2:30,-3.997633301,-3.318446647,NA,R1111
6/24/2025 3:00,-4.023997501,-3.623719936,NA,R1111
6/24/2025 3:30,-3.871447157,-3.177347,-4.613987472,R1111
6/24/2025 4:00,-3.383933877,-2.594515427,-4.390056706,R1111
6/24/2025 4:30,-2.922852808,-1.697470378,-2.598879596,R1111
6/24/2025 5:00,-3.013618535,-1.280268341,NA,R1111
6/24/2025 5:30,-1.927861966,-0.335609344,-2.209629489,R1111
6/24/2025 6:00,-0.663535465,0.870638897,-0.586463661,R1111
6/24/2025 6:30,-0.154818512,3.754380566,2.800937078,R1111
6/24/2025 7:00,0.765514643,4.455538039,5.22656905,R1111
6/24/2025 7:30,3.080079627,6.978693527,5.185734952,R1111
6/24/2025 8:00,6.172734379,10.82532804,12.04232365,R1111
6/24/2025 8:30,7.446569201,12.19204505,10.89632225,R1111
6/24/2025 9:00,9.574667137,15.82778207,16.20210399,R1111
6/24/2025 9:30,10.20401625,18.14218508,18.56507396,R1111
6/24/2025 10:00,9.745008384,17.11875168,17.74920165,R1111
6/24/2025 10:30,8.593847008,14.51850868,12.0111484,R1111
6/24/2025 11:00,8.012415323,14.93200711,13.48951595,R1111
6/24/2025 11:30,9.40738523,16.36116757,14.27659363,R1111
6/24/2025 12:00,10.8630926,19.08057546,18.6744841,R1111
6/24/2025 12:30,11.5049183,19.66111658,17.27775523,R1111
6/24/2025 13:00,13.31537676,20.95097933,17.91155481,R1111
6/24/2025 13:30,13.45934343,21.34385538,16.58345416,R1111
6/24/2025 14:00,13.18290726,21.17492679,17.10817177,R1111
6/24/2025 14:30,12.50374626,19.90417434,14.67043036,R1111
6/24/2025 15:00,11.44980107,18.41501693,12.22896611,R1111
6/24/2025 15:30,10.20256676,17.0552624,12.17581868,R1111
6/24/2025 16:00,8.534801514,15.75393858,10.82475781,R1111
6/24/2025 16:30,5.418557722,10.7421876,3.698048659,R1111
6/24/2025 17:00,3.943709452,8.330292377,0.541769556,R1111
6/24/2025 17:30,2.528382907,6.251999774,-1.959496718,R1111
6/24/2025 18:00,0.95096479,4.069290627,-3.26538381,R1111
6/24/2025 18:30,-0.688884496,3.04653174,-2.622553624,R1111
6/24/2025 19:00,-1.051859569,1.974726556,NA,R1111
6/24/2025 19:30,-0.636157496,1.363921853,NA,R1111
6/24/2025 20:00,-1.586312154,0.713724651,NA,R1111
6/24/2025 20:30,-1.491922001,0.520970648,NA,R1111
6/24/2025 21:00,-1.469610396,0.540408474,NA,R1111
6/24/2025 21:30,-0.951604501,0.138927539,NA,R1111
6/24/2025 22:00,-1.068164024,0.094679984,NA,R1111
6/24/2025 22:30,-0.926775214,0.051887266,NA,R1111
6/24/2025 23:00,-0.433698309,-0.121431579,NA,R1111
6/24/2025 23:30,-0.571617303,-0.477985772,NA,R1111
6/25/2025 0:00,-0.989172185,-0.309708668,NA,R1111
6/25/2025 0:30,-1.630360261,-0.500310887,NA,R1111
6/25/2025 1:00,-2.429138508,-0.657077977,NA,R1111
6/25/2025 1:30,-1.550023439,-0.647491586,NA,R1111
6/25/2025 2:00,-2.688563214,-0.803903726,NA,R1111
6/25/2025 2:30,-2.238448307,-0.950178844,NA,R1111
6/25/2025 3:00,-1.912073249,-1.069546607,NA,R1111
6/25/2025 3:30,-1.915504152,0.605842599,-4.557470764,R1111
6/25/2025 4:00,-1.607739896,1.075366308,-4.775074283,R1111
6/25/2025 4:30,-1.364597882,1.459241072,-4.018100016,R1111
6/25/2025 5:00,0.34070553,1.614280828,NA,R1111
6/25/2025 5:30,-1.274097549,1.584321792,-2.72172109,R1111
6/25/2025 6:00,-0.059703328,4.749437289,-0.007882709,R1111
6/25/2025 6:30,2.907328686,8.15460497,2.836671557,R1111
6/25/2025 7:00,4.867855387,8.616050943,1.495594511,R1111
6/25/2025 7:30,3.551193525,6.402439101,0.966363803,R1111
6/25/2025 8:00,4.377379184,9.041340398,6.880066797,R1111
6/25/2025 8:30,10.32643828,15.70362831,9.341763571,R1111
6/25/2025 9:00,11.66174295,17.06293203,11.3449829,R1111
6/25/2025 9:30,12.02910142,17.83043866,11.72902435,R1111
6/25/2025 10:00,13.40009383,18.15119651,13.38669375,R1111
6/25/2025 10:30,12.98845922,18.54685152,15.09511929,R1111
6/25/2025 11:00,13.5165704,18.68297257,12.34401091,R1111
6/25/2025 11:30,12.68186949,19.0958629,16.78426829,R1111
6/25/2025 12:00,12.08070335,18.57799188,15.32954081,R1111
6/25/2025 12:30,13.98477236,18.91339357,12.31653224,R1111
6/25/2025 13:00,14.22865058,20.05166642,14.10010753,R1111
6/25/2025 13:30,14.38857613,20.83001011,15.00652992,R1111
6/25/2025 14:00,15.79026377,21.53244583,16.13984098,R1111
6/25/2025 14:30,14.7446778,20.42392443,15.62848482,R1111
6/25/2025 15:00,13.39560677,19.19781319,14.58106458,R1111
6/25/2025 15:30,12.60205875,17.91945724,12.96577305,R1111
6/25/2025 16:00,10.71006326,16.45095146,11.21936797,R1111
6/25/2025 16:30,6.803811507,10.93011772,4.249406968,R1111
6/25/2025 17:00,6.059929481,8.991442319,-1.255128478,R1111
6/25/2025 17:30,4.302631902,6.037367441,NA,R1111
6/25/2025 18:00,2.45516447,3.839973638,NA,R1111
6/25/2025 18:30,1.227073214,2.711272191,NA,R1111
6/25/2025 19:00,0.91180697,1.606703744,NA,R1111
6/25/2025 19:30,-1.264757281,0.514994675,NA,R1111
6/25/2025 20:00,-2.478370998,0.573333891,-3.102074535,R1111
6/25/2025 20:30,-4.575027858,0.451140676,-1.32912048,R1111
6/25/2025 21:00,NA,0.384324108,-0.798701899,R1111
6/25/2025 21:30,NA,1.029097983,9.355869132,R1111
6/25/2025 22:00,-1.495813791,1.166921105,NA,R1111
6/25/2025 22:30,-1.26335286,0.748893925,NA,R1111
6/25/2025 23:00,-1.176754821,1.031385795,-4.275464157,R1111
6/25/2025 23:30,NA,-0.310458637,-3.157129866,R1111
6/26/2025 0:00,-2.832406224,-0.725053545,NA,R1111
6/26/2025 0:30,-4.530147588,-1.750909424,NA,R1111
6/26/2025 1:00,-2.53963241,-1.994583375,-4.889319215,R1111
6/26/2025 1:30,-1.920729532,-3.060279512,NA,R1111
6/26/2025 2:00,NA,-3.275454141,-4.766037537,R1111
6/26/2025 2:30,-3.549625614,-3.322528772,NA,R1111
6/26/2025 3:00,-2.853415592,-3.36896908,NA,R1111
6/26/2025 3:30,-0.28730139,-2.087207418,NA,R1111
6/26/2025 4:00,NA,-0.938969793,1.8460179,R1111
6/26/2025 4:30,NA,-0.795202079,3.418494294,R1111
6/26/2025 5:00,0.396479554,-0.570872948,NA,R1111
6/26/2025 5:30,NA,0.446117527,1.763051221,R1111
6/26/2025 6:00,0.906560811,1.993444371,-0.607395804,R1111
6/26/2025 6:30,1.158488491,6.137581345,6.651558251,R1111
6/26/2025 7:00,3.471908025,7.740234423,4.918963596,R1111
6/26/2025 7:30,4.608309822,10.73167687,10.35559343,R1111
6/26/2025 8:00,6.603099282,12.24560057,11.51379697,R1111
6/26/2025 8:30,8.60196321,14.28568949,13.03481423,R1111
6/26/2025 9:00,12.85861217,17.72894658,16.92203657,R1111
6/26/2025 9:30,11.39923197,20.42510082,24.36375027,R1111
6/26/2025 10:00,14.98273265,21.65515416,23.10945369,R1111
6/26/2025 10:30,14.97532681,21.80343933,19.44084608,R1111
6/26/2025 11:00,15.34381546,21.05084087,14.98874911,R1111
6/26/2025 11:30,14.41750559,21.03485567,15.06870693,R1111
6/26/2025 12:00,14.31102998,21.23728908,16.88871271,R1111
6/26/2025 12:30,15.01408764,22.03538801,16.04018521,R1111
6/26/2025 13:00,14.88342631,22.52448078,15.96633321,R1111
6/26/2025 13:30,14.97284839,23.22024401,18.01875869,R1111
6/26/2025 14:00,14.3882147,23.53227644,21.69416899,R1111
6/26/2025 14:30,14.75574782,22.3749379,17.25097592,R1111
6/26/2025 15:00,14.34336656,20.34919602,14.97219504,R1111
6/26/2025 15:30,13.07419555,19.44518509,17.78744912,R1111
6/26/2025 16:00,10.02206234,16.67742168,12.28588518,R1111
6/26/2025 16:30,8.794456014,13.23762645,9.158904448,R1111
6/26/2025 17:00,6.408829034,9.250690166,4.442040164,R1111
6/26/2025 17:30,4.267318861,6.562606872,0.508525268,R1111
6/26/2025 18:00,3.344641739,4.497202143,-1.844492333,R1111
6/26/2025 18:30,2.798785949,4.600633905,0.621932257,R1111
6/26/2025 19:00,2.601201084,2.075271533,NA,R1111
6/26/2025 19:30,1.702027595,1.649635942,NA,R1111
6/26/2025 20:00,-1.325319299,0.854714636,NA,R1111
6/26/2025 20:30,0.594796623,0.855883834,NA,R1111
6/26/2025 21:00,-0.065680794,0.936842399,NA,R1111
6/26/2025 21:30,1.062054492,1.263611123,NA,R1111
6/26/2025 22:00,-0.89764285,1.482232052,-1.637454231,R1111
6/26/2025 22:30,0.766077369,0.850592289,NA,R1111
6/26/2025 23:00,0.805198788,1.216883664,NA,R1111
6/26/2025 23:30,0.538579632,2.138386426,-2.895037649,R1111
6/27/2025 0:00,-0.103771684,0.736356821,NA,R1111
6/27/2025 0:30,1.122380573,0.304915075,NA,R1111
6/27/2025 1:00,0.836998022,0.535817103,NA,R1111
6/27/2025 1:30,1.118865379,0.10312725,NA,R1111
6/27/2025 2:00,0.798984903,0.57644109,NA,R1111
6/27/2025 2:30,0.555309087,0.649759344,-4.872396715,R1111
6/27/2025 3:00,1.102752161,1.490851614,NA,R1111
6/27/2025 3:30,0.35093249,1.675420223,0.624603074,R1111
6/27/2025 4:00,2.185581724,1.366474531,NA,R1111
6/27/2025 4:30,1.963172116,1.099812359,NA,R1111
6/27/2025 5:00,2.420342168,1.320451352,2.458342708,R1111
6/27/2025 5:30,1.869976869,1.012682014,-4.919798062,R1111
6/27/2025 6:00,3.139337881,2.773086771,NA,R1111
6/27/2025 6:30,6.410893541,7.901327649,-1.144347706,R1111
6/27/2025 7:00,7.75385664,9.938365828,-0.2941111,R1111
6/27/2025 7:30,8.869022183,11.04960396,1.732073549,R1111
6/27/2025 8:00,9.063823816,12.61470213,6.133600258,R1111
6/27/2025 8:30,12.30951938,15.65870329,7.084918605,R1111
6/27/2025 9:00,14.43701553,18.46633782,12.63881065,R1111
6/27/2025 9:30,15.20303758,20.87669911,17.33953267,R1111
6/27/2025 10:00,15.23793606,21.25169024,17.87537124,R1111
6/27/2025 10:30,16.01445731,21.28789059,17.64962857,R1111
6/27/2025 11:00,16.64215529,22.96496752,22.76953101,R1111
6/27/2025 11:30,16.48411367,22.52298229,20.54238915,R1111
6/27/2025 12:00,16.76013765,22.53471154,17.87100594,R1111
6/27/2025 12:30,16.64752944,22.11962246,16.22029305,R1111
6/27/2025 13:00,17.43394031,22.91484371,17.06296777,R1111
6/27/2025 13:30,18.25817642,22.9280306,12.20649535,R1111
6/27/2025 14:00,16.48074052,22.97400206,33.25409618,R1111
6/27/2025 14:30,16.79716341,22.01500414,15.56065626,R1111
6/27/2025 15:00,16.39872514,21.28336062,18.10597487,R1111
6/27/2025 15:30,12.40661982,16.79324703,11.44398118,R1111
6/27/2025 16:00,11.02473731,14.97446688,11.53131307,R1111
6/27/2025 16:30,9.699181524,13.24058304,11.04036488,R1111
6/27/2025 17:00,7.521151618,10.18394728,7.605400071,R1111
6/27/2025 17:30,3.622983523,6.557849548,2.037348631,R1111
6/27/2025 18:00,2.979636734,4.878310944,-0.357374288,R1111
6/27/2025 18:30,2.842612094,4.016042686,0.493413213,R1111
6/27/2025 19:00,2.748863161,4.394444462,0.097851288,R1111
6/27/2025 19:30,3.259518122,5.337092478,3.159640245,R1111
6/27/2025 20:00,2.537018096,4.361399503,-1.744743354,R1111
6/27/2025 20:30,2.871576971,3.879498809,-2.195034667,R1111
6/27/2025 21:00,1.654371522,2.054703145,NA,R1111
6/27/2025 21:30,1.815199149,2.306233245,NA,R1111
6/27/2025 22:00,1.975137745,1.778202292,NA,R1111
6/27/2025 22:30,1.592560696,1.096433836,NA,R1111
6/27/2025 23:00,0.632951212,0.740080009,NA,R1111
6/27/2025 23:30,1.727095396,1.901157477,NA,R1111
6/28/2025 0:00,1.790267234,0.763024034,NA,R1111
6/28/2025 0:30,0.882156328,0.721459973,NA,R1111
6/28/2025 1:00,1.688494661,1.543161397,-2.601721119,R1111
6/28/2025 1:30,2.144354352,2.457681107,NA,R1111
6/28/2025 2:00,1.521364467,2.428471742,NA,R1111
6/28/2025 2:30,2.684996138,3.117915457,-3.017020784,R1111
6/28/2025 3:00,1.826462699,2.045431099,NA,R1111
6/28/2025 3:30,2.204171156,2.765721857,-2.214928557,R1111
6/28/2025 4:00,2.075582539,2.142450109,-4.55402483,R1111
6/28/2025 4:30,1.694623463,0.763486353,NA,R1111
6/28/2025 5:00,1.932743005,1.115139631,NA,R1111
6/28/2025 5:30,2.107240878,2.017054503,-4.375101192,R1111
6/28/2025 6:00,1.971495174,2.56161771,2.780443932,R1111
6/28/2025 6:30,4.762321592,6.362426223,-1.711283112,R1111
6/28/2025 7:00,5.38053006,6.506288989,-0.671389294,R1111
6/28/2025 7:30,5.593692361,9.179435106,6.946189927,R1111
6/28/2025 8:00,7.927131737,11.44808042,9.513834988,R1111
6/28/2025 8:30,10.08070632,15.12860418,17.41946081,R1111
6/28/2025 9:00,13.7717166,18.20903145,16.81396935,R1111
6/28/2025 9:30,14.20765717,18.79512185,13.24188736,R1111
6/28/2025 10:00,14.27600639,20.90227257,22.3363393,R1111
6/28/2025 10:30,15.48531117,20.89078345,16.57952232,R1111
6/28/2025 11:00,15.66886074,21.29907091,17.60517117,R1111
6/28/2025 11:30,15.92900043,21.86988361,19.3426939,R1111
6/28/2025 12:00,16.3589928,22.99846569,19.25211119,R1111
6/28/2025 12:30,17.61561169,23.54549043,25.73797442,R1111
6/28/2025 13:00,18.36506091,24.90838258,19.77556075,R1111
6/28/2025 13:30,18.37222063,24.43733005,18.47067863,R1111
6/28/2025 14:00,18.80108731,24.44138985,19.69579341,R1111
6/28/2025 14:30,17.12158207,23.45131915,28.36083573,R1111
6/28/2025 15:00,15.70616883,21.59965176,21.6818518,R1111
6/28/2025 15:30,12.94686683,17.00013303,12.34670268,R1111
6/28/2025 16:00,10.98736021,14.42948598,11.4785087,R1111
6/28/2025 16:30,8.766176652,12.11752822,4.611148496,R1111
6/28/2025 17:00,6.47836887,7.880433229,0.312201731,R1111
6/28/2025 17:30,4.611239318,5.731265656,-1.352658656,R1111
6/28/2025 18:00,2.760674586,3.199147248,-4.838858355,R1111
6/28/2025 18:30,2.458323391,3.128316572,-3.334473359,R1111
6/28/2025 19:00,2.187238018,2.325936686,2.91676125,R1111
6/28/2025 19:30,1.255731072,2.292419021,NA,R1111
6/28/2025 20:00,1.585138284,0.087575116,NA,R1111
6/28/2025 20:30,1.249668965,1.514675913,4.041580909,R1111
6/28/2025 21:00,2.011128717,1.599592255,2.680582214,R1111
6/28/2025 21:30,1.972760929,1.524325231,NA,R1111
6/28/2025 22:00,2.293025512,2.098561083,-1.287670019,R1111
6/28/2025 22:30,1.83097466,1.24368661,5.02844473,R1111
6/28/2025 23:00,1.192772234,1.936175515,-3.651814178,R1111
6/28/2025 23:30,0.651364476,0.208328674,-4.369880135,R1111
6/29/2025 0:00,0.998192075,1.707245972,4.387736045,R1111
6/29/2025 0:30,0.216000082,0.123583713,2.007041094,R1111
6/29/2025 1:00,0.834065201,1.287713437,-0.939799173,R1111
6/29/2025 1:30,-1.094679214,-1.489583365,1.247318295,R1111
6/29/2025 2:00,-1.187452782,-1.55467953,8.536538,R1111
6/29/2025 2:30,-1.368734426,-1.634478635,-4.989866245,R1111
6/29/2025 3:00,-0.106315441,-1.45043443,-2.198039061,R1111
6/29/2025 3:30,0.351663535,-1.659047318,-1.513534312,R1111
6/29/2025 4:00,-0.842500256,-2.884562806,9.529591699,R1111
6/29/2025 4:30,-0.531724106,-1.951118413,0.48972937,R1111
6/29/2025 5:00,-1.728671362,-2.710476461,-3.287110406,R1111
6/29/2025 5:30,-0.798373825,-1.466444693,1.143183858,R1111
6/29/2025 6:00,-0.187662698,-1.441010265,-4.197745454,R1111
6/29/2025 6:30,-0.500184343,-0.838383966,-3.81529948,R1111
6/29/2025 7:00,0.788610909,0.333723109,7.423590989,R1111
6/29/2025 7:30,1.534786876,0.354977652,2.787951249,R1111
6/29/2025 8:00,2.755057011,2.439398097,2.200055577,R1111
6/29/2025 8:30,4.854427688,5.420128328,8.427173802,R1111
6/29/2025 9:00,5.411000906,7.257221348,10.87365392,R1111
6/29/2025 9:30,8.955386351,9.991746449,5.023414813,R1111
6/29/2025 10:00,8.921895644,11.68669655,14.00672542,R1111
6/29/2025 10:30,11.10502646,13.14728464,13.79980977,R1111
6/29/2025 11:00,10.77811941,13.42823293,16.20180839,R1111
6/29/2025 11:30,12.14311371,14.81245917,19.92356712,R1111
6/29/2025 12:00,12.04659601,15.58703784,22.8778788,R1111
6/29/2025 12:30,13.46280105,16.01830095,12.55853958,R1111
6/29/2025 13:00,15.62728406,18.1723163,14.91847933,R1111
6/29/2025 13:30,16.67319676,19.95137004,25.74182221,R1111
6/29/2025 14:00,16.17486392,19.04996059,21.79206696,R1111
6/29/2025 14:30,13.37078791,16.67476792,18.38049466,R1111
6/29/2025 15:00,12.10133871,15.76588115,17.95335906,R1111
6/29/2025 15:30,10.314085,12.92929659,16.50901966,R1111
6/29/2025 16:00,8.719982554,12.25106751,15.61838972,R1111
6/29/2025 16:30,7.78522055,10.29592682,12.70252749,R1111
6/29/2025 17:00,5.788097086,6.783934817,3.23496144,R1111
6/29/2025 17:30,3.952778418,5.268005018,9.874924796,R1111
6/29/2025 18:00,3.05643897,3.699401949,-4.499601342,R1111
6/29/2025 18:30,2.888147165,2.302836617,3.096952916,R1111
6/29/2025 19:00,1.715023084,2.124838659,0.873647614,R1111
6/29/2025 19:30,1.901204201,2.097417543,-1.892826336,R1111
6/29/2025 20:00,1.659367705,1.421890163,NA,R1111
6/29/2025 20:30,1.565032886,0.999134559,-3.235776224,R1111
6/29/2025 21:00,0.904096959,-0.194949514,NA,R1111
6/29/2025 21:30,0.702341473,0.271924548,NA,R1111
6/29/2025 22:00,0.589083497,-0.418433323,NA,R1111
6/29/2025 22:30,0.108718039,0.121666112,NA,R1111
6/29/2025 23:00,0.134549822,0.320412036,1.086734274,R1111
6/29/2025 23:30,-0.58307374,-0.298478909,-0.056103613,R1111
6/30/2025 0:00,-0.174085247,-0.067552911,-2.048499649,R1111
6/30/2025 0:30,0.834567027,0.728696911,-3.782313084,R1111
6/30/2025 1:00,2.064917486,1.052164666,-2.898474388,R1111
6/30/2025 1:30,1.286206393,0.86510226,-1.845738558,R1111
6/30/2025 2:00,0.635809224,0.430946385,3.91543221,R1111
6/30/2025 2:30,1.217000259,0.774823484,4.304493778,R1111
6/30/2025 3:00,1.233293047,1.214952837,6.427415846,R1111
6/30/2025 3:30,2.809467102,2.001903054,-1.64465561,R1111
6/30/2025 4:00,1.769701125,2.106965116,1.303689395,R1111
6/30/2025 4:30,1.343945839,2.46571633,7.011109617,R1111
6/30/2025 5:00,2.304894807,2.555833155,5.934657051,R1111
6/30/2025 5:30,0.981010494,2.955246538,0.85261594,R1111
6/30/2025 6:00,1.137973401,3.946238094,4.489805588,R1111
6/30/2025 6:30,4.277767879,8.783149783,9.034341051,R1111
6/30/2025 7:00,6.269227551,8.599177015,8.917437218,R1111
6/30/2025 7:30,6.150612986,9.977017956,11.41270118,R1111
6/30/2025 8:00,9.366790451,13.75984452,16.13846289,R1111
6/30/2025 8:30,11.58025125,16.14289447,20.82192996,R1111
6/30/2025 9:00,13.36656902,17.83847296,19.84717064,R1111
6/30/2025 9:30,15.50491043,18.94259827,24.15480342,R1111
6/30/2025 10:00,12.20053907,17.52796732,26.15662273,R1111
6/30/2025 10:30,11.36188875,18.58506349,26.12218805,R1111
6/30/2025 11:00,11.89462539,18.90726917,30.35245883,R1111
6/30/2025 11:30,11.03459058,19.12459054,33.44708223,R1111
6/30/2025 12:00,13.39646849,19.4674759,27.11780573,R1111
6/30/2025 12:30,13.30066797,19.00455437,31.05827902,R1111
6/30/2025 13:00,12.11179053,19.65675488,27.35770044,R1111
6/30/2025 13:30,12.08936705,19.7164033,29.28700783,R1111
6/30/2025 14:00,10.11148543,17.36147903,26.36276555,R1111
6/30/2025 14:30,9.893725125,16.88295152,23.38074688,R1111
6/30/2025 15:00,6.319926562,13.75824301,20.8378322,R1111
6/30/2025 15:30,5.748032154,12.80724854,21.47513306,R1111
6/30/2025 16:00,4.907280963,12.77237123,18.62639552,R1111
6/30/2025 16:30,3.612961981,9.828239738,13.0254792,R1111
6/30/2025 17:00,0.765073319,6.368585272,8.842858305,R1111
6/30/2025 17:30,0.97893171,7.167342405,11.01060347,R1111
6/30/2025 18:00,-0.368919073,5.883166568,9.493230005,R1111
6/30/2025 18:30,-3.394034882,2.784106449,5.021718462,R1111
6/30/2025 19:00,-0.097404747,1.662782777,6.902795522,R1111
6/30/2025 19:30,-3.470030191,1.805803388,12.54273885,R1111
6/30/2025 20:00,-2.317285524,1.93877559,7.764167499,R1111
6/30/2025 20:30,-2.703771246,2.177762721,8.262839378,R1111
6/30/2025 21:00,NA,1.238829432,12.71476366,R1111
6/30/2025 21:30,NA,1.274521941,11.48068276,R1111
6/30/2025 22:00,-0.105035459,1.791905168,10.29296949,R1111
6/30/2025 22:30,-4.734264614,0.104888264,8.052583968,R1111
6/30/2025 23:00,NA,0.165435049,8.872597467,R1111
6/30/2025 23:30,-0.254497771,1.006885451,7.385392111,R1111
7/1/2025 0:00,NA,-0.012434121,8.890127659,R1111
7/1/2025 0:30,NA,-0.274713054,13.92231679,R1111
7/1/2025 1:00,NA,-1.216544853,11.96862498,R1111
7/1/2025 1:30,NA,-1.738093713,12.35881284,R1111
7/1/2025 2:00,-0.539865803,-1.187657128,0.596057739,R1111
7/1/2025 2:30,-1.61579928,-0.774991198,3.45036845,R1111
7/1/2025 3:00,-0.995758126,-0.724125495,-2.673180222,R1111
7/1/2025 3:30,-1.641435049,-1.302213883,7.176818277,R1111
7/1/2025 4:00,-3.264474812,-0.534743237,9.453570198,R1111
7/1/2025 4:30,-0.567371451,1.048990901,0.639297459,R1111
7/1/2025 5:00,-2.391864398,0.355914725,5.862722257,R1111
7/1/2025 5:30,-0.354064078,1.639857097,7.24927367,R1111
7/1/2025 6:00,-4.130309962,1.928299779,12.34963804,R1111
7/1/2025 6:30,-1.827555731,5.043619381,12.3922747,R1111
7/1/2025 7:00,3.305596123,6.477324708,11.55160131,R1111
7/1/2025 7:30,-1.967902388,8.591176886,19.1078014,R1111
7/1/2025 8:00,8.101112261,12.03438488,11.79683076,R1111
7/1/2025 8:30,6.52505159,14.68787939,24.75645513,R1111
7/1/2025 9:00,9.246620929,17.02155613,24.66622969,R1111
7/1/2025 9:30,8.926049165,18.1798414,32.75232585,R1111
7/1/2025 10:00,8.338167901,18.37079874,34.61280968,R1111
7/1/2025 10:30,14.65508985,18.59354292,24.35956137,R1111
7/1/2025 11:00,12.2294385,18.37604927,24.94538088,R1111
7/1/2025 11:30,8.873560864,17.76712304,27.72222172,R1111
7/1/2025 12:00,12.20650176,19.46926027,30.03889654,R1111
7/1/2025 12:30,9.278826998,18.63391368,31.26524436,R1111
7/1/2025 13:00,9.186711902,18.52719911,30.93414988,R1111
7/1/2025 13:30,11.1483617,18.87082283,26.58395061,R1111
7/1/2025 14:00,11.97454787,19.33127989,33.55358904,R1111
7/1/2025 14:30,12.70073156,19.51208479,25.06148529,R1111
7/1/2025 15:00,9.768484294,17.28279903,21.89146534,R1111
7/1/2025 15:30,8.958079981,17.01389425,21.98277872,R1111
7/1/2025 16:00,8.670833659,15.60711205,20.38617912,R1111
7/1/2025 16:30,7.203202038,9.38819037,7.385224131,R1111
7/1/2025 17:00,3.914952808,10.35876529,15.84822108,R1111
7/1/2025 17:30,-0.831047222,4.939860342,9.96106945,R1111
7/1/2025 18:00,1.98349507,3.106486387,-1.219933399,R1111
7/1/2025 18:30,2.816669105,2.79321656,0.144449593,R1111
7/1/2025 19:00,NA,2.205474733,13.77294997,R1111
7/1/2025 19:30,-4.216319013,1.920202619,11.90318561,R1111
7/1/2025 20:00,NA,1.60897017,12.98470866,R1111
7/1/2025 20:30,1.395508231,2.500068913,-0.223478294,R1111
7/1/2025 21:00,0.597136412,2.125382557,2.001992026,R1111
7/1/2025 21:30,-4.833700637,2.522426003,8.716409673,R1111
7/1/2025 22:00,-2.67165992,2.040369653,6.783311785,R1111
7/1/2025 22:30,0.216496828,1.960935217,5.069091195,R1111
7/1/2025 23:00,1.901020853,3.097382687,4.373356708,R1111
7/1/2025 23:30,1.68083406,2.461169088,7.373584858,R1111
7/2/2025 0:00,1.313622727,1.718251054,-1.442452717,R1111
7/2/2025 0:30,2.073412672,2.092538894,1.331665371,R1111
7/2/2025 1:00,-0.482154238,2.284077837,2.590797832,R1111
7/2/2025 1:30,1.221117239,2.759377635,-1.897719995,R1111
7/2/2025 2:00,-4.316146622,2.826619031,11.73881123,R1111
7/2/2025 2:30,-4.176560379,3.103183911,13.84111634,R1111
7/2/2025 3:00,1.105049135,3.345102974,5.014653969,R1111
7/2/2025 3:30,-0.348417702,3.845920769,9.760861254,R1111
7/2/2025 4:00,3.682857521,3.96344291,4.11181126,R1111
7/2/2025 4:30,3.152311396,3.52757714,0.736488997,R1111
7/2/2025 5:00,-3.565309409,3.23839434,7.168510743,R1111
7/2/2025 5:30,1.639489303,3.666156522,3.729146573,R1111
7/2/2025 6:00,-2.598816107,5.728154431,10.94175618,R1111
7/2/2025 6:30,5.117333916,10.41963296,16.09039324,R1111
7/2/2025 7:00,8.217994518,12.02341408,14.09360527,R1111
7/2/2025 7:30,9.525201968,13.38960819,19.29602757,R1111
7/2/2025 8:00,11.58054696,14.84005452,19.43074768,R1111
7/2/2025 8:30,13.88340784,17.25342621,20.46478459,R1111
7/2/2025 9:00,15.29547014,17.81974236,18.8945532,R1111
7/2/2025 9:30,15.48947978,18.11999557,18.0350159,R1111
7/2/2025 10:00,13.53327733,15.1434076,18.92443728,R1111
7/2/2025 10:30,11.78897884,13.51305109,9.754172789,R1111
7/2/2025 11:00,11.77795969,13.17411538,10.37343115,R1111
7/2/2025 11:30,12.84715682,14.46180879,10.14289198,R1111
7/2/2025 12:00,13.6482738,15.75023273,14.63843618,R1111
7/2/2025 12:30,14.47425277,16.94499512,16.01578199,R1111
7/2/2025 13:00,13.32740947,16.25668607,12.29941259,R1111
7/2/2025 13:30,12.55017564,14.44199042,9.155832094,R1111
7/2/2025 14:00,10.97971488,12.08571754,4.488873473,R1111
7/2/2025 14:30,7.919371463,10.4566151,2.803492079,R1111
7/2/2025 15:00,7.430965379,8.671988889,NA,R1111
7/2/2025 15:30,5.874759951,6.779466957,NA,R1111
7/2/2025 16:00,5.475676752,5.849313774,NA,R1111
7/2/2025 16:30,3.42383462,2.676245579,NA,R1111
7/2/2025 17:00,NA,2.753683268,18.75137633,R1111
7/2/2025 17:30,2.786989668,2.98323801,10.24384834,R1111
7/2/2025 18:00,NA,2.027478661,8.176144577,R1111
7/2/2025 18:30,NA,2.746943674,8.211075454,R1111
7/2/2025 19:00,NA,1.671154398,2.629896184,R1111
7/2/2025 19:30,0.915260358,2.350239578,0.467920817,R1111
7/2/2025 20:00,-1.977858972,3.327879769,-0.988330084,R1111
7/2/2025 20:30,-0.592620231,-0.578667781,-4.875265901,R1111
7/2/2025 21:00,NA,0.725010447,11.18867487,R1111
7/2/2025 21:30,-4.093521143,-1.127801176,NA,R1111
7/2/2025 22:00,NA,-3.36230524,-1.715533029,R1111
7/2/2025 22:30,1.048104341,-0.55384589,-0.773446095,R1111
7/2/2025 23:00,1.378076508,-0.235664274,NA,R1111
7/2/2025 23:30,1.240289068,-2.93900941,NA,R1111
7/3/2025 0:00,0.894212704,-0.517589905,NA,R1111
7/3/2025 0:30,-1.67987403,-3.373409411,9.238415171,R1111
7/3/2025 1:00,-4.115043526,-3.114625014,NA,R1111
7/3/2025 1:30,NA,-9.346043209,16.09738622,R1111
7/3/2025 2:00,NA,-3.052123952,-4.961637111,R1111
7/3/2025 2:30,NA,-6.821878886,6.149574205,R1111
7/3/2025 3:00,NA,-4.366329589,17.39254349,R1111
7/3/2025 9:00,11.06107071,14.73138395,13.74876334,R1111
7/3/2025 9:30,10.92548037,15.37290107,17.32328252,R1111
7/3/2025 10:00,12.83322625,17.15549551,19.9429915,R1111
7/3/2025 10:30,12.92768159,18.30146633,22.10659379,R1111
7/3/2025 11:00,13.61201434,18.80663077,22.54678269,R1111
7/3/2025 11:30,15.10130815,19.6619615,22.12303616,R1111
7/3/2025 12:00,15.93119642,19.88260036,22.72910487,R1111
7/3/2025 12:30,14.28396529,18.45512079,20.62195932,R1111
7/3/2025 13:00,16.91813064,20.10013509,24.64588115,R1111
7/3/2025 13:30,17.49631607,19.76159134,23.2189382,R1111
7/3/2025 14:00,16.84675202,20.40060986,25.10666972,R1111
7/3/2025 14:30,9.921095643,13.05545761,13.80637735,R1111
7/3/2025 15:00,7.510036075,9.180809644,8.919920486,R1111
7/3/2025 15:30,6.198210773,7.378699609,5.764644771,R1111
7/3/2025 16:00,3.934787547,5.302097254,4.52937603,R1111
7/3/2025 16:30,2.733466775,4.530718324,3.696909642,R1111
7/3/2025 17:00,1.06279193,2.588264833,3.567661389,R1111
7/3/2025 17:30,3.752772602,4.080131894,2.184089144,R1111
7/3/2025 18:00,-3.10427179,2.338758417,7.810835774,R1111
7/3/2025 18:30,-4.936783373,1.875700074,7.122139424,R1111
7/3/2025 19:00,1.399225687,1.819516742,-2.534013885,R1111
7/3/2025 19:30,1.736356049,0.848807791,-3.295907915,R1111
7/3/2025 20:00,1.303115786,0.348887796,-3.77418057,R1111
7/3/2025 20:30,1.781479496,0.658483439,-1.450559193,R1111
7/3/2025 21:00,-2.25816886,0.528091691,3.60561904,R1111
7/3/2025 21:30,0.772694347,-0.45197104,-2.199155122,R1111
7/3/2025 22:00,0.044301774,-0.225928391,0.145500764,R1111
7/3/2025 22:30,0.546895483,0.285555711,-0.808126781,R1111
7/3/2025 23:00,1.238817196,0.317794781,-1.839612164,R1111
7/3/2025 23:30,2.514016545,0.11326358,-2.37918034,R1111
7/4/2025 0:00,1.143141567,0.914649031,-0.343945074,R1111
7/4/2025 0:30,1.222363812,0.797884514,0.560998575,R1111
7/4/2025 1:00,1.024955079,0.437611817,1.19669475,R1111
7/4/2025 1:30,1.81087539,0.717761702,-2.680686493,R1111
7/4/2025 2:00,0.79335219,0.206728493,0.315654229,R1111
7/4/2025 2:30,2.229842859,0.026395911,-4.455220742,R1111
7/4/2025 3:00,0.245051254,0.623148673,-1.487701426,R1111
7/4/2025 3:30,1.434306649,0.63234306,-2.025088632,R1111
7/4/2025 4:00,1.876437559,0.784987665,1.800921729,R1111
7/4/2025 4:30,-2.219453417,0.632178121,0.430733127,R1111
7/4/2025 5:00,-0.440938801,0.230429327,3.11106421,R1111
7/4/2025 5:30,0.713216222,0.3218955,-1.354080617,R1111
7/4/2025 6:00,0.451426224,0.92295809,7.072153519,R1111
7/4/2025 6:30,1.297052904,2.869330895,-3.588853294,R1111
7/4/2025 7:00,0.872558921,3.219842393,11.05525342,R1111
7/4/2025 7:30,3.651204072,3.853959146,10.73962224,R1111
7/4/2025 8:00,3.710294929,5.883316582,3.130170527,R1111
7/4/2025 8:30,6.449596729,8.22304758,9.011851826,R1111
7/4/2025 9:00,7.60087723,10.38413291,10.5049118,R1111
7/4/2025 9:30,9.516593217,12.22416761,13.05417586,R1111
7/4/2025 10:00,7.91702473,12.88154686,17.66067953,R1111
7/4/2025 10:30,9.072923404,14.19158237,19.30748984,R1111
7/4/2025 11:00,11.49701785,15.31434984,18.65222282,R1111
7/4/2025 11:30,12.1261289,16.11734213,18.27263474,R1111
7/4/2025 12:00,11.89511704,16.29621962,20.00803208,R1111
7/4/2025 12:30,12.64716704,16.72020035,19.18462496,R1111
7/4/2025 13:00,15.28819763,18.86413097,19.57123321,R1111
7/4/2025 13:30,16.0600705,20.36321471,24.2170761,R1111
7/4/2025 14:00,12.55549872,19.40566523,26.25057045,R1111
7/4/2025 14:30,12.87700191,17.67136872,19.44872529,R1111
7/4/2025 15:00,10.02122547,15.41283472,18.66727854,R1111
7/4/2025 15:30,10.31018445,13.91469732,13.94753507,R1111
7/4/2025 16:00,9.63846882,12.50923564,11.2112582,R1111
7/4/2025 16:30,8.594088341,10.60225245,8.071274624,R1111
7/4/2025 17:00,6.451844692,8.196608881,6.461236435,R1111
7/4/2025 17:30,5.432025534,5.997847681,3.458028769,R1111
7/4/2025 18:00,2.951507894,4.299419333,4.301314549,R1111
7/4/2025 18:30,1.754568667,3.057984829,3.646822319,R1111
7/4/2025 19:00,1.3716739,2.313473778,1.46140686,R1111
7/4/2025 19:30,-0.058703801,1.811202395,2.858686787,R1111
7/4/2025 20:00,0.024565192,1.43059204,2.446242318,R1111
7/4/2025 20:30,-0.401783437,1.217459539,1.430699333,R1111
7/4/2025 21:00,-0.521820021,1.444356453,1.90721169,R1111
7/4/2025 21:30,0.118115354,1.351339278,0.946840942,R1111
7/4/2025 22:00,-1.582820106,1.456496297,4.108985218,R1111
7/4/2025 22:30,-0.672549522,1.475023093,2.550047895,R1111
7/4/2025 23:00,-0.139205083,1.467768408,0.306879573,R1111
7/4/2025 23:30,-0.590589501,1.637678385,0.79837598,R1111
7/5/2025 0:00,-3.333416388,1.657105018,4.836901428,R1111
7/5/2025 0:30,-1.853677173,1.633474547,4.535375197,R1111
7/5/2025 1:00,0.556397714,1.534496593,-0.502840658,R1111
7/5/2025 1:30,NA,1.216097258,9.310438698,R1111
7/5/2025 2:00,-0.102003819,1.429818992,1.328548446,R1111
7/5/2025 2:30,-2.383597294,1.534768605,2.943178054,R1111
7/5/2025 3:00,-3.532906596,1.612142425,4.081173178,R1111
7/5/2025 3:30,-1.378482671,1.628913587,1.734178957,R1111
7/5/2025 4:00,-4.956273545,1.416519626,8.257018102,R1111
7/5/2025 4:30,-1.873714606,1.615610947,-0.239808051,R1111
7/5/2025 5:00,-2.0711984,0.949995411,2.034374502,R1111
7/5/2025 5:30,-1.54751585,1.387915144,3.251942173,R1111
7/5/2025 6:00,NA,1.825428707,11.63912574,R1111
7/5/2025 6:30,2.214027017,4.742300409,5.522854685,R1111
7/5/2025 7:00,0.068028154,4.998249158,10.29133305,R1111
7/5/2025 7:30,2.44702563,6.828238662,9.406887927,R1111
7/5/2025 8:00,4.883472415,8.630326982,10.21635834,R1111
7/5/2025 8:30,5.572508391,9.171622997,10.57554136,R1111
7/5/2025 9:00,3.947960048,9.271369685,13.97720408,R1111
7/5/2025 9:30,5.135379385,11.04675467,15.27268762,R1111
7/5/2025 10:00,9.099974832,14.12650252,17.03855902,R1111
7/5/2025 10:30,6.865344505,14.10625848,20.53260145,R1111
7/5/2025 11:00,9.852735055,15.2832042,17.39052699,R1111
7/5/2025 11:30,11.44112427,15.33426412,16.47395776,R1111
7/5/2025 12:00,8.335250346,16.35932404,23.95866029,R1111
7/5/2025 12:30,10.74485415,16.66718573,20.72573435,R1111
7/5/2025 13:00,10.67081603,18.57324002,26.15157452,R1111
7/5/2025 13:30,15.05263123,20.42468526,24.59190358,R1111
7/5/2025 14:00,14.60882745,19.92507412,24.30045563,R1111
7/5/2025 14:30,7.521983593,17.84676317,25.47458873,R1111
7/5/2025 15:00,5.991057794,15.71125884,24.90990873,R1111
7/5/2025 15:30,5.962243973,14.12907491,20.80811183,R1111
7/5/2025 16:00,8.822948543,12.91783771,14.4051898,R1111
7/5/2025 16:30,6.753895122,10.58203703,13.16884048,R1111
7/5/2025 17:00,5.502140274,8.117935331,9.752948232,R1111
7/5/2025 17:30,-1.737063815,6.429668175,14.26642203,R1111
7/5/2025 18:00,-1.348146328,5.639378165,12.93676712,R1111
7/5/2025 18:30,-3.297146433,5.025727275,13.97838746,R1111
7/5/2025 19:00,NA,2.376194492,12.14686844,R1111
7/5/2025 19:30,3.040021226,2.5809009,1.020915533,R1111
7/5/2025 20:00,2.538507335,2.123077103,0.67216257,R1111
7/5/2025 20:30,-4.749132776,1.744119155,11.23109654,R1111
7/5/2025 21:00,1.207280784,1.845642918,2.036862033,R1111
7/5/2025 21:30,-4.625238417,1.829425054,11.68554513,R1111
7/5/2025 22:00,1.92706191,2.242887907,0.277011944,R1111
7/5/2025 22:30,-2.256008224,1.819290051,7.56469818,R1111
7/5/2025 23:00,0.866374113,2.009704183,1.776176193,R1111
7/5/2025 23:30,1.306292653,2.108028073,1.060040297,R1111
7/6/2025 0:00,-3.801008275,1.833660262,9.565734397,R1111
7/6/2025 0:30,0.557802441,1.011921142,-1.150987168,R1111
7/6/2025 1:00,-0.555309404,0.61639676,-0.16892763,R1111
7/6/2025 1:30,1.047837076,0.059907589,-3.025826742,R1111
7/6/2025 2:00,0.23926211,0.083901414,-2.364572782,R1111
7/6/2025 2:30,0.87366384,0.103176243,-4.108457554,R1111
7/6/2025 3:00,0.210648608,-0.334900231,-2.170913706,R1111
7/6/2025 3:30,0.79402503,-0.248370021,-3.278508932,R1111
7/6/2025 4:00,0.187926798,-0.010184096,-2.534599493,R1111
7/6/2025 4:30,NA,-0.154714285,10.81182173,R1111
7/6/2025 5:00,NA,-0.241796313,10.45295758,R1111
7/6/2025 5:30,-0.554300535,0.028915709,0.909189222,R1111
7/6/2025 6:00,-0.748147676,0.438638532,-1.635760648,R1111
7/6/2025 6:30,0.208175207,0.234320138,-0.749432911,R1111
7/6/2025 7:00,NA,0.71818341,10.45395426,R1111
7/6/2025 7:30,1.908235293,1.444821031,-0.915850286,R1111
7/6/2025 8:00,-4.187434085,2.548316308,12.5363217,R1111
7/6/2025 8:30,4.0247637,5.333635506,4.420171253,R1111
7/6/2025 9:00,1.212181592,7.815442162,16.38295683,R1111
7/6/2025 9:30,7.372139742,10.1555437,10.28671597,R1111
7/6/2025 10:00,4.230292731,11.62541352,20.77510411,R1111
7/6/2025 10:30,9.281902091,13.10558609,13.67471993,R1111
7/6/2025 11:00,9.936390912,13.99402557,14.19215493,R1111
7/6/2025 11:30,10.91168313,14.32137198,14.82699677,R1111
7/6/2025 12:00,10.56744443,15.237399,16.95465416,R1111
7/6/2025 12:30,12.3455108,15.94096726,16.33188631,R1111
7/6/2025 13:00,13.54930162,17.72947817,19.14610226,R1111
7/6/2025 13:30,16.0300111,19.63350606,20.5324106,R1111
7/6/2025 14:00,13.3684615,18.87649821,23.16514647,R1111
7/6/2025 14:30,11.56311946,16.89417835,21.45655864,R1111
7/6/2025 15:00,7.076479614,14.60405518,23.67956005,R1111
7/6/2025 15:30,5.540814749,13.2461617,21.96038772,R1111
7/6/2025 16:00,4.24284562,11.78939304,20.58999247,R1111
7/6/2025 16:30,1.295671377,9.537392824,18.65232633,R1111
7/6/2025 17:00,-1.006717291,7.169836132,16.26252054,R1111
7/6/2025 17:30,-0.902219589,4.950217842,14.24273433,R1111
7/6/2025 18:00,3.089727962,4.041164509,3.266373446,R1111
7/6/2025 18:30,3.121901508,3.259980382,1.381207305,R1111
7/6/2025 19:00,1.344453491,2.451605414,1.894934807,R1111
7/6/2025 19:30,1.023350871,2.088338844,-0.262438323,R1111
7/6/2025 20:00,1.799539219,1.703100468,-2.380800073,R1111
7/6/2025 20:30,1.416730748,1.584444147,-2.679579626,R1111
7/6/2025 21:00,0.853671908,1.604442538,-1.414865465,R1111
7/6/2025 21:30,0.961992052,1.765259808,-2.959778869,R1111
7/6/2025 22:00,0.827604101,1.747504941,-3.181408695,R1111
7/6/2025 22:30,0.58197899,1.571902925,-2.260160966,R1111
7/6/2025 23:00,0.516445129,1.551802101,-2.244621909,R1111
7/6/2025 23:30,0.418163638,1.672402463,-1.967972364,R1111
7/7/2025 0:00,0.670538299,1.377446285,-2.604893201,R1111
7/7/2025 0:30,1.576985356,1.475043832,-3.538082934,R1111
7/7/2025 1:00,1.138480984,1.383938603,-2.512599041,R1111
7/7/2025 1:30,0.697799481,1.256145985,-2.149277059,R1111
7/7/2025 2:00,0.716552365,1.279889023,-2.097473489,R1111
7/7/2025 2:30,1.813332329,1.23209757,-3.506440631,R1111
7/7/2025 3:00,0.307392098,1.232488445,-2.264171079,R1111
7/7/2025 3:30,0.023252568,1.034693818,-1.649445257,R1111
7/7/2025 4:00,-0.218801593,1.045697836,-0.865442019,R1111
7/7/2025 4:30,0.16233549,0.857297909,-1.154739706,R1111
7/7/2025 5:00,0.378301187,0.987225824,-1.152817966,R1111
7/7/2025 5:30,0.507212642,0.894223625,-0.968600591,R1111
7/7/2025 6:00,-0.017408805,1.089284112,-0.152999468,R1111
7/7/2025 6:30,2.468900041,2.621516489,-0.305214715,R1111
7/7/2025 7:00,3.149809842,3.411167338,0.503225933,R1111
7/7/2025 7:30,4.96197286,5.642814788,3.320313655,R1111
7/7/2025 8:00,6.199444542,7.480393137,5.93610437,R1111
7/7/2025 8:30,8.366906412,9.840351636,8.10129585,R1111
7/7/2025 9:00,8.70524046,12.32811278,12.18464037,R1111
7/7/2025 9:30,11.12670837,13.45793029,13.09766649,R1111
7/7/2025 10:00,11.35810389,14.98012261,15.90805811,R1111
7/7/2025 10:30,11.00584265,14.0215232,14.26705859,R1111
7/7/2025 11:00,11.29705628,14.66425089,14.72499346,R1111
7/7/2025 11:30,11.72009848,16.11236404,17.84335661,R1111
7/7/2025 12:00,13.74065269,16.95634928,16.91130482,R1111
7/7/2025 12:30,12.76250401,17.34435737,19.83116803,R1111
7/7/2025 13:00,15.75512218,18.87972818,19.65931715,R1111
7/7/2025 13:30,17.61431576,19.55818634,20.02021467,R1111
7/7/2025 14:00,15.79097939,19.81193264,21.47851294,R1111
7/7/2025 14:30,15.25887285,19.09567396,21.69280135,R1111
7/7/2025 15:00,13.00002089,17.93174041,20.24635601,R1111
7/7/2025 15:30,12.23618002,16.43238965,17.96501327,R1111
7/7/2025 16:00,10.38006487,14.45848305,15.3799,R1111
7/7/2025 16:30,9.303023055,12.65058131,13.6880339,R1111
7/7/2025 17:00,6.580868582,9.878936853,10.32537432,R1111
7/7/2025 17:30,5.25518026,7.543385774,6.695870183,R1111
7/7/2025 18:00,4.023202817,5.647224274,4.529309161,R1111
7/7/2025 18:30,3.666543296,4.573531429,2.934601866,R1111
7/7/2025 19:00,3.227507934,3.578281447,1.305573329,R1111
7/7/2025 19:30,2.590240122,3.346711178,1.083504463,R1111
7/7/2025 20:00,1.708978937,2.848337657,1.888209998,R1111
7/7/2025 20:30,2.323030635,2.428037587,0.734026769,R1111
7/7/2025 21:00,1.800476493,2.192546253,0.309622472,R1111
7/7/2025 21:30,2.186631672,2.228052242,-0.008792772,R1111
7/7/2025 22:00,0.45864883,-0.933094255,0.046964077,R1111
7/7/2025 22:30,-0.058667952,-1.291404778,0.954700429,R1111
7/7/2025 23:00,-0.514012387,-1.521262318,1.008621926,R1111
7/7/2025 23:30,-0.429288077,-1.620523316,0.801941072,R1111
7/8/2025 0:00,-0.291085588,-1.983582767,1.162321361,R1111
7/8/2025 0:30,-1.652015664,-3.047195395,0.907975925,R1111
7/8/2025 1:00,-2.01557321,-3.530562558,0.823051104,R1111
7/8/2025 1:30,-0.430442558,-4.165539126,-0.91324784,R1111
7/8/2025 2:00,-2.023940981,-3.995801622,-0.064292152,R1111
7/8/2025 2:30,-1.38277154,-3.774107588,-1.152834853,R1111
7/8/2025 3:00,-0.602119748,-3.927705073,-1.440474769,R1111
7/8/2025 3:30,-0.804549589,-3.761933355,-1.5076194,R1111
7/8/2025 4:00,-1.975942595,-3.433606777,0.003612943,R1111
7/8/2025 4:30,-1.031594339,-3.459841251,-0.332856636,R1111
7/8/2025 5:00,-1.800915018,-3.225953268,-0.791006809,R1111
7/8/2025 5:30,-2.313176679,-3.040145782,-0.523666858,R1111
7/8/2025 6:00,-1.971525705,-3.034161542,-1.295240726,R1111
7/8/2025 6:30,-2.53582279,-2.614440672,-0.160071238,R1111
7/8/2025 7:00,-2.041149848,-1.893170058,-0.130488724,R1111
7/8/2025 7:30,-0.719087133,-0.874959457,0.448293316,R1111
7/8/2025 8:00,-0.731210897,0.327888066,2.675707445,R1111
7/8/2025 8:30,0.90729916,2.641930392,4.614289004,R1111
7/8/2025 9:00,3.111822495,5.38474391,6.777675647,R1111
7/8/2025 9:30,5.926871122,7.814246634,8.486001852,R1111
7/8/2025 10:00,7.690772346,9.580507573,10.19257671,R1111
7/8/2025 10:30,8.408587647,11.40157576,13.60893429,R1111
7/8/2025 11:00,8.949681024,12.26397735,12.96311047,R1111
7/8/2025 11:30,10.08790567,13.40137054,15.01580705,R1111
7/8/2025 12:00,9.130985655,13.70165888,15.03822831,R1111
7/8/2025 12:30,10.51864331,14.39628581,15.39623067,R1111
7/8/2025 13:00,12.02857367,16.34332322,17.17645918,R1111
7/8/2025 13:30,14.27315685,18.76145626,20.3754724,R1111
7/8/2025 14:00,13.46368545,17.81249529,18.96680039,R1111
7/8/2025 14:30,12.42214618,15.69622098,16.44074449,R1111
7/8/2025 15:00,10.78212058,13.89979328,14.10350501,R1111
7/8/2025 15:30,10.16763189,12.8648978,13.05910351,R1111
7/8/2025 16:00,8.797323363,11.11478304,11.22538093,R1111
7/8/2025 16:30,7.62766738,9.511947974,9.411710166,R1111
7/8/2025 17:00,6.63239196,7.349457682,5.489286439,R1111
7/8/2025 17:30,5.32648075,4.874408782,4.409486251,R1111
7/8/2025 18:00,2.881612582,1.939440705,-0.425371052,R1111
7/8/2025 18:30,1.353712963,0.321437908,-0.47667857,R1111
7/8/2025 19:00,1.409799271,-0.868225096,-1.333375445,R1111
7/8/2025 19:30,0.292734359,-0.63117161,-0.505461097,R1111
7/8/2025 20:00,1.536934805,-1.298185201,-2.725635682,R1111
7/8/2025 20:30,1.156674545,-1.553652654,-3.104137174,R1111
7/8/2025 21:00,0.305071562,-1.548010565,-1.125001588,R1111
7/8/2025 21:30,-0.042681671,-1.724935029,-0.884812627,R1111
7/8/2025 22:00,1.219625985,-1.283608389,-2.469171242,R1111
7/8/2025 22:30,-0.166536124,-1.036489573,-0.645337635,R1111
7/8/2025 23:00,0.443697355,-1.483495053,-1.950993877,R1111
7/8/2025 23:30,1.252327264,-1.702518986,-2.064894925,R1111
7/9/2025 0:00,0.097259363,-0.785361627,-0.868659312,R1111
7/9/2025 0:30,0.674471795,-1.537719604,-0.679879804,R1111
7/9/2025 1:00,1.980684626,-1.103753669,-2.847804007,R1111
7/9/2025 1:30,2.520679629,-1.946640253,-2.994665958,R1111
7/9/2025 2:00,2.186928958,-1.955282173,-4.107218153,R1111
7/9/2025 2:30,1.730642003,-1.599800341,-3.311514784,R1111
7/9/2025 3:00,2.024973235,-1.753841253,-3.045713821,R1111
7/9/2025 3:30,1.594176418,-1.645454333,-2.247777354,R1111
7/9/2025 4:00,2.309398081,-1.996949232,-2.546005325,R1111
7/9/2025 4:30,1.462545531,-1.774825301,-2.85890946,R1111
7/9/2025 5:00,1.568315118,-1.423873912,-2.482945792,R1111
7/9/2025 5:30,2.488638332,0.110006166,-1.294782989,R1111
7/9/2025 6:00,2.432933649,-0.11158685,-0.622453496,R1111
7/9/2025 6:30,3.167464639,2.38831534,3.612486879,R1111
7/9/2025 7:00,4.438036758,3.834356072,5.395300356,R1111
7/9/2025 7:30,4.171177833,5.356476052,7.917739083,R1111
7/9/2025 8:00,6.402213548,7.554120364,8.79094294,R1111
7/9/2025 8:30,9.291524865,10.04080309,11.69131245,R1111
7/9/2025 9:00,8.294595796,8.727788308,8.437899983,R1111
7/9/2025 9:30,10.04713647,10.72808234,10.6617299,R1111
7/9/2025 10:00,11.26399334,12.05893423,11.65782713,R1111
7/9/2025 10:30,11.86688204,13.40553612,13.60910231,R1111
7/9/2025 11:00,13.57703676,14.99704481,13.26835933,R1111
7/9/2025 11:30,13.36307407,14.81071886,14.46897508,R1111
7/9/2025 12:00,13.53265189,14.96925064,15.06672552,R1111
7/9/2025 12:30,14.29918889,15.28046887,15.45842481,R1111
7/9/2025 13:00,14.87412059,17.52103986,19.70590353,R1111
7/9/2025 13:30,17.04371688,19.25161405,20.30024721,R1111
7/9/2025 14:00,15.39343225,18.52554838,22.30542043,R1111
7/9/2025 14:30,14.17112948,16.7530579,19.24221236,R1111
7/9/2025 15:00,12.53541553,14.9430103,15.27961287,R1111
7/9/2025 15:30,11.60785101,13.21324715,11.95789935,R1111
7/9/2025 16:00,10.48426725,11.73160107,10.27148742,R1111
7/9/2025 16:30,9.580181419,9.786293243,7.709063146,R1111
7/9/2025 17:00,7.245624797,6.561938437,3.842993965,R1111
7/9/2025 17:30,5.523909234,4.327765408,1.57308589,R1111
7/9/2025 18:00,4.247049604,1.583112046,-0.268517884,R1111
7/9/2025 18:30,3.719310088,1.128038456,-0.513565067,R1111
7/9/2025 19:00,3.265573802,0.426433764,-2.047627014,R1111
7/9/2025 19:30,0.757576842,-0.715661447,0.181774991,R1111
7/9/2025 20:00,2.882763495,-1.345031404,-3.712829612,R1111
7/9/2025 20:30,1.548176022,-1.19993344,-3.180505444,R1111
7/9/2025 21:00,2.768542223,-1.308147683,-3.846240109,R1111
7/9/2025 21:30,1.17724453,-1.022377657,-1.849256513,R1111
7/9/2025 22:00,1.920707574,-1.191071727,-1.58571539,R1111
7/9/2025 22:30,1.914138927,-1.049468156,-2.571511321,R1111
7/9/2025 23:00,1.975742313,-1.149419915,-2.446218812,R1111
7/9/2025 23:30,1.324925736,-1.050877811,-1.851826179,R1111
7/10/2025 0:00,1.384412559,-1.034063458,-1.354382035,R1111
7/10/2025 0:30,0.010941198,-2.482465876,-1.181244109,R1111
7/10/2025 1:00,1.310373847,-2.752938818,-4.072481053,R1111
7/10/2025 1:30,1.334346963,-3.545420325,-4.391441529,R1111
7/10/2025 2:00,1.066685281,-3.363252771,-4.879701903,R1111
7/10/2025 2:30,1.03536962,-3.396274422,-4.853036492,R1111
7/10/2025 3:00,0.873904868,-3.768911135,-4.255693051,R1111
7/10/2025 3:30,-0.327644384,-4.125100025,-1.711923043,R1111
7/10/2025 4:00,0.03768838,-3.333428928,-2.563484052,R1111
7/10/2025 4:30,-0.470704388,-4.029164994,-2.073828074,R1111
7/10/2025 5:00,-0.010297443,-3.371660121,-1.545810991,R1111
7/10/2025 5:30,1.387953224,-4.38225235,-4.348260772,R1111
7/10/2025 6:00,1.414976265,-3.923398811,-4.70605274,R1111
7/10/2025 6:30,1.374250088,-3.416686912,-3.217316016,R1111
7/10/2025 7:00,2.044023103,-3.188611191,-1.896131346,R1111
7/10/2025 7:30,2.718236194,-1.535402919,-1.549544702,R1111
7/10/2025 8:00,2.585055579,-0.084005775,0.931956835,R1111
7/10/2025 8:30,4.33372315,2.207043954,3.921088275,R1111
7/10/2025 9:00,6.787254667,5.2269556,4.635936512,R1111
7/10/2025 9:30,7.847310768,7.583329995,7.889284286,R1111
7/10/2025 10:00,9.454418832,9.589539263,9.863718122,R1111
7/10/2025 10:30,10.87538732,11.155445,12.23225665,R1111
7/10/2025 11:00,10.05645942,12.20967958,13.59051427,R1111
7/10/2025 11:30,11.23083129,12.98306859,12.42097809,R1111
7/10/2025 12:00,10.95901737,13.21439864,12.68309857,R1111
7/10/2025 12:30,11.7837303,14.42213203,14.99114291,R1111
7/10/2025 13:00,13.76531785,17.12529032,19.2494799,R1111
7/10/2025 13:30,15.95493104,19.04361021,20.27144629,R1111
7/10/2025 14:00,14.80317288,17.89153804,19.76775988,R1111
7/10/2025 14:30,13.12058901,16.05030723,17.80491331,R1111
7/10/2025 15:00,11.32903054,13.65458849,14.32200208,R1111
7/10/2025 15:30,8.612028718,11.2717569,11.56030471,R1111
7/10/2025 16:00,7.853903929,8.30246859,8.790147,R1111
7/10/2025 16:30,7.16949905,8.160969432,8.905387164,R1111
7/10/2025 17:00,6.060811034,5.973515924,6.89160374,R1111
7/10/2025 17:30,4.093511228,3.992672125,4.54277487,R1111
7/10/2025 18:00,3.084388498,2.379513652,1.530140963,R1111
7/10/2025 18:30,2.903728363,2.318855699,1.580051854,R1111
7/10/2025 19:00,1.653301225,0.336721927,0.607140448,R1111
7/10/2025 19:30,2.005020166,-0.659840586,-1.709856046,R1111
7/10/2025 20:00,1.42371471,-0.665371843,-2.15075264,R1111
7/10/2025 20:30,0.56687763,-1.039829234,-0.889170963,R1111
7/10/2025 21:00,0.972336673,-1.229420821,-1.126032453,R1111
7/10/2025 21:30,0.070084634,-1.084629674,-1.386101923,R1111
7/10/2025 22:00,1.060495669,-0.923128234,-1.315666438,R1111
7/10/2025 22:30,1.415652832,-1.629402606,-2.095149957,R1111
7/10/2025 23:00,1.81788184,-0.697299214,-2.348803557,R1111
7/10/2025 23:30,1.355592675,-1.123497146,-2.40250264,R1111
7/11/2025 0:00,2.380209976,-0.832473634,-2.027487653,R1111
7/11/2025 0:30,0.83138445,-1.401434176,-0.794559655,R1111
7/11/2025 1:00,2.071289792,-1.70523656,-2.226618223,R1111
7/11/2025 1:30,2.08314605,-1.683436734,-2.251492176,R1111
7/11/2025 2:00,2.600941899,-0.891403607,-3.067382405,R1111
7/11/2025 2:30,2.48941861,-1.570754524,-2.218626464,R1111
7/11/2025 3:00,2.610090629,-1.699095161,-1.82996156,R1111
7/11/2025 3:30,2.244179236,-0.863861723,-1.032866155,R1111
7/11/2025 4:00,1.430207841,-1.663394452,-0.613361763,R1111
7/11/2025 4:30,1.692959927,-1.256238215,-0.809149736,R1111
7/11/2025 5:00,2.118001022,-1.251155795,-0.175307978,R1111
7/11/2025 5:30,1.919921565,-1.304635628,0.075287062,R1111
7/11/2025 6:00,1.978336227,1.263266839,3.009940887,R1111
7/11/2025 6:30,5.177508922,5.789474412,6.779100713,R1111
7/11/2025 7:00,8.115782419,9.489165732,11.79206102,R1111
7/11/2025 7:30,4.679182492,3.928180494,6.406946084,R1111
7/11/2025 8:00,4.602606071,4.294373438,5.857578952,R1111
7/11/2025 8:30,6.222591755,6.310388709,8.096549663,R1111
7/11/2025 9:00,7.852333795,8.568988203,10.24015257,R1111
7/11/2025 9:30,9.289996084,10.27968257,11.87269102,R1111
7/11/2025 10:00,10.10295642,11.43042066,11.78372816,R1111
7/11/2025 10:30,9.568393782,11.33695545,12.36965637,R1111
7/11/2025 11:00,11.92174767,12.80389484,12.65566166,R1111
7/11/2025 11:30,12.46701095,14.1312619,15.7740134,R1111
7/11/2025 12:00,13.08254072,15.34355383,15.24989102,R1111
7/11/2025 12:30,13.08182148,16.01971046,15.73085513,R1111
7/11/2025 13:00,12.74480122,14.26969001,13.74797956,R1111
7/11/2025 13:30,14.73853606,17.76457653,17.68672912,R1111
7/11/2025 14:00,15.92482927,18.44294588,20.62957943,R1111
7/11/2025 14:30,13.63184341,15.71849631,15.2559561,R1111
7/11/2025 15:00,11.4733969,14.26661568,15.30816583,R1111
7/11/2025 15:30,10.6455347,12.16698171,11.09602711,R1111
7/11/2025 16:00,8.854644498,10.48911013,10.77690575,R1111
7/11/2025 16:30,8.20022812,8.598742023,9.22973782,R1111
7/11/2025 17:00,7.024737775,6.508639586,4.031704754,R1111
7/11/2025 17:30,4.514798982,3.443758964,2.419630476,R1111
7/11/2025 18:00,3.673379386,1.318839106,1.229726109,R1111
7/11/2025 18:30,3.192850137,0.787990171,1.478449368,R1111
7/11/2025 19:00,2.643226744,-0.48646674,-0.166807542,R1111
7/11/2025 19:30,1.724488396,-1.121691494,-0.943917229,R1111
7/11/2025 20:00,0.923199829,-0.894957296,-0.270824825,R1111
7/11/2025 20:30,0.379752137,-0.861663904,0.921422515,R1111
7/11/2025 21:00,1.489818764,-1.318150682,-0.661368989,R1111
7/11/2025 21:30,1.762299799,-1.34985207,-0.610049325,R1111
7/11/2025 22:00,1.842798705,-1.413084229,-1.144070274,R1111
7/11/2025 22:30,2.504441037,-1.291385094,-1.839575368,R1111
7/11/2025 23:00,2.806725619,-0.992934603,-2.353370803,R1111
7/11/2025 23:30,1.948303584,-0.909788089,-1.459218747,R1111
7/12/2025 0:00,1.813894976,-1.452422952,-2.307258645,R1111
7/12/2025 0:30,0.646136898,-1.178122113,0.024648313,R1111
7/12/2025 1:00,1.010382668,-1.10601305,-0.516633016,R1111
7/12/2025 1:30,1.887057175,-1.188043544,0.057259143,R1111
7/12/2025 2:00,2.127756662,-1.328815157,-2.222187938,R1111
7/12/2025 2:30,2.549678678,-1.40398886,-1.630704633,R1111
7/12/2025 3:00,2.187572011,-1.128227878,-0.840287098,R1111
7/12/2025 3:30,2.866372087,-1.181882364,-1.106452309,R1111
7/12/2025 4:00,1.354231743,-1.061610964,1.188353439,R1111
7/12/2025 4:30,2.324942469,-1.451060481,0.118225747,R1111
7/12/2025 5:00,1.157455811,-1.622098065,0.422163072,R1111
7/12/2025 5:30,2.235195104,-1.551440048,-1.543820972,R1111
7/12/2025 6:00,2.743634778,-0.935900569,-2.114231158,R1111
7/12/2025 6:30,2.516177264,1.780945987,4.442227663,R1111
7/12/2025 7:00,4.560690373,3.11321691,3.182767232,R1111
7/12/2025 7:30,5.373112136,4.109047377,5.466328669,R1111
7/12/2025 8:00,6.277154787,5.461011305,6.4192544,R1111
7/12/2025 8:30,8.148807934,7.64181613,8.208848114,R1111
7/12/2025 9:00,9.652266979,10.22853616,10.54263181,R1111
7/12/2025 9:30,10.47549152,11.79936916,11.26146518,R1111
7/12/2025 10:00,10.51197461,13.3798057,12.71873231,R1111
7/12/2025 10:30,12.18142008,14.77648522,13.06847567,R1111
7/12/2025 11:00,13.24753155,15.1096587,13.75286132,R1111
7/12/2025 11:30,12.44584319,14.23340011,13.55578606,R1111
7/12/2025 12:00,12.43568897,14.81156036,13.9121132,R1111
7/12/2025 12:30,12.52392255,13.7134121,12.62356219,R1111
7/12/2025 13:00,14.82446613,17.33431145,17.78692601,R1111
7/12/2025 13:30,16.98031878,19.3278752,18.69472168,R1111
7/12/2025 14:00,14.94634109,17.9844371,18.72721601,R1111
7/12/2025 14:30,13.60555252,16.48959104,16.99445516,R1111
7/12/2025 15:00,11.00387947,14.06236083,14.49505805,R1111
7/12/2025 15:30,10.16692224,12.0112116,12.04878449,R1111
7/12/2025 16:00,9.518027912,10.58779188,8.960701352,R1111
7/12/2025 16:30,7.481710875,7.962999581,7.532486884,R1111
7/12/2025 17:00,6.173772963,5.506901373,4.405071909,R1111
7/12/2025 17:30,5.141837487,4.567985182,2.103756242,R1111
7/12/2025 18:00,2.631362696,1.940980636,1.033742596,R1111
7/12/2025 18:30,2.706830349,1.841680039,-1.146693324,R1111
7/12/2025 19:00,0.963336015,0.97310727,-0.405352109,R1111
7/12/2025 19:30,2.879927311,0.08145444,-2.694579006,R1111
7/12/2025 20:00,1.402385142,-0.284706891,0.159254141,R1111
7/12/2025 20:30,2.457323453,-0.333383002,-1.798490262,R1111
7/12/2025 21:00,2.737388686,0.496346965,-1.678251449,R1111
7/12/2025 21:30,0.978997029,-0.961074972,0.319276525,R1111
7/12/2025 22:00,2.629797809,-0.859245211,-1.60346348,R1111
7/12/2025 22:30,2.273639778,-0.903275748,-1.009883518,R1111
7/12/2025 23:00,1.62035903,-0.635313982,0.155572006,R1111
7/12/2025 23:30,1.717995337,-0.258577436,0.187893388,R1111
7/13/2025 0:00,1.648553303,-0.138487556,1.431632859,R1111
7/13/2025 0:30,1.609581493,-2.178072397,-1.242887473,R1111
7/13/2025 1:00,0.836048169,-2.167960401,-1.693164247,R1111
7/13/2025 1:30,0.883587214,-2.583685697,-2.728969585,R1111
7/13/2025 2:00,0.201311783,-2.744369005,-1.923996325,R1111
7/13/2025 2:30,0.360344992,-1.933300807,-2.494545866,R1111
7/13/2025 3:00,-0.524613132,-2.622525315,-1.333264321,R1111
7/13/2025 3:30,0.727492552,-3.212806711,-2.236975858,R1111
7/13/2025 4:00,0.501546456,-3.365038648,-1.347868085,R1111
7/13/2025 4:30,1.362406117,-2.665717309,-2.695635854,R1111
7/13/2025 5:00,1.251433927,-3.689679304,-2.545061581,R1111
7/13/2025 5:30,0.508693327,-3.652131394,-0.997581477,R1111
7/13/2025 6:00,1.441184896,-2.879326234,-3.055269018,R1111
7/13/2025 6:30,1.049378829,-2.777329307,-1.4375776,R1111
7/13/2025 7:00,1.520279907,-2.094100736,-1.193066325,R1111
7/13/2025 7:30,0.087391845,-1.166359547,1.686860979,R1111
7/13/2025 8:00,1.430946083,-0.035806238,1.960778015,R1111
7/13/2025 8:30,2.766879709,2.086399206,4.535461881,R1111
7/13/2025 9:00,4.467345146,5.037184934,7.058893652,R1111
7/13/2025 9:30,5.930303031,7.056160842,8.250244154,R1111
7/13/2025 10:00,6.48502489,9.095161656,9.910391662,R1111
7/13/2025 10:30,7.630018657,10.50154966,10.98791303,R1111
7/13/2025 11:00,8.393003566,11.54871934,12.49619836,R1111
7/13/2025 11:30,9.738812474,13.12007137,13.23020936,R1111
7/13/2025 12:00,9.883326314,13.49823066,14.15117225,R1111
7/13/2025 12:30,10.7071605,14.78174456,14.83257046,R1111
7/13/2025 13:00,11.89258319,17.1822581,16.47343403,R1111
7/13/2025 13:30,14.95204857,19.74086304,18.10090721,R1111
7/13/2025 14:00,14.12463993,18.68675598,16.70623667,R1111
7/13/2025 14:30,12.95940165,16.74618,15.14233939,R1111
7/13/2025 15:00,11.33347059,14.08471301,12.14667235,R1111
7/13/2025 15:30,10.46585847,10.95957009,9.641388195,R1111
7/13/2025 16:00,8.680061822,10.24864957,9.20361567,R1111
7/13/2025 16:30,7.057005336,8.667231748,7.937670407,R1111
7/13/2025 17:00,5.339595113,6.175895572,4.220677583,R1111
7/13/2025 17:30,4.812807837,3.24929702,1.261540534,R1111
7/13/2025 18:00,3.562373572,1.734647722,0.040788976,R1111
7/13/2025 18:30,2.251835099,1.353964213,0.256866538,R1111
7/13/2025 19:00,1.656699596,0.614048516,0.926500452,R1111
7/13/2025 19:30,1.684715298,-0.548655935,-0.728414564,R1111
7/13/2025 20:00,1.817049262,-0.826287315,-1.756653591,R1111
7/13/2025 20:30,1.749764506,-0.665606584,-1.417776708,R1111
7/13/2025 21:00,1.601002149,-0.733353788,-1.557025781,R1111
7/13/2025 21:30,2.871478886,-0.463948587,-2.411628309,R1111
7/13/2025 22:00,2.0199899,-0.769014716,-2.224385558,R1111
7/13/2025 22:30,2.460261693,-0.763900831,-1.541048698,R1111
7/13/2025 23:00,1.806597782,-0.841708892,-0.622042042,R1111
7/13/2025 23:30,1.997566365,0.276548409,-0.649163616,R1111
7/14/2025 0:00,1.56461922,-0.907260487,-0.448438483,R1111
7/14/2025 0:30,0.757749095,-0.987676006,0.280847002,R1111
7/14/2025 1:00,0.68417629,-0.545480873,0.414268463,R1111
7/14/2025 1:30,0.830978662,-1.020046756,0.544515992,R1111
7/14/2025 2:00,0.685986289,-0.003518057,0.746480858,R1111
7/14/2025 2:30,0.095050758,-1.252403335,1.193614286,R1111
7/14/2025 3:00,3.073278241,-1.326282611,-1.768533494,R1111
7/14/2025 3:30,2.1505473,-1.599435981,-0.736943782,R1111
7/14/2025 4:00,1.612463024,-1.110983576,0.870183698,R1111
7/14/2025 4:30,3.192994694,-1.293699775,-1.490154965,R1111
7/14/2025 5:00,2.570043117,-0.742177252,-1.324295808,R1111
7/14/2025 5:30,2.569035018,-1.196111423,-1.926839504,R1111
7/14/2025 6:00,2.055228744,-0.630511678,0.063337132,R1111
7/14/2025 6:30,3.103531813,0.705176896,0.777012573,R1111
7/14/2025 7:00,3.957486169,2.470790198,3.966081782,R1111
7/14/2025 7:30,3.328426346,5.232960297,6.300014055,R1111
7/14/2025 8:00,6.292866817,6.652148513,6.125798039,R1111
7/14/2025 8:30,7.648925209,9.099751859,9.534437576,R1111
7/14/2025 9:00,9.354048099,11.41440483,10.06199667,R1111
7/14/2025 9:30,9.751193748,13.05197356,12.84348539,R1111
7/14/2025 10:00,9.639623548,12.70338875,13.92476936,R1111
7/14/2025 10:30,10.76686064,14.83367121,15.91480299,R1111
7/14/2025 11:00,11.30569108,14.80739078,16.62646296,R1111
7/14/2025 11:30,12.57130737,15.5678161,16.43793781,R1111
7/14/2025 12:00,13.28996332,16.08337507,15.15040707,R1111
7/14/2025 12:30,13.21621381,16.46272864,15.7636774,R1111
7/14/2025 13:00,14.54390521,18.92939818,19.19939482,R1111
7/14/2025 13:30,16.08921754,20.83838707,20.95045833,R1111
7/14/2025 14:00,14.57435957,20.19933977,21.94817449,R1111
7/14/2025 14:30,13.24680284,17.96368711,17.29186462,R1111
7/14/2025 15:00,12.79863443,14.74101407,12.98669188,R1111
7/14/2025 15:30,10.66501198,13.64747877,13.12910209,R1111
7/14/2025 16:00,7.47873164,10.24367727,8.999294932,R1111
7/14/2025 16:30,5.128761336,4.256858588,1.996521755,R1111
7/14/2025 17:00,3.520018033,1.674462079,-0.771743833,R1111
7/14/2025 17:30,2.315998115,0.545764429,-0.321687141,R1111
7/14/2025 18:00,3.463193901,0.471652834,-2.818971846,R1111
7/14/2025 18:30,1.771848444,0.637705407,-1.365521729,R1111
7/14/2025 19:00,2.784589888,0.596353461,-2.204194379,R1111
7/14/2025 19:30,1.221264982,0.365233559,-0.751033514,R1111
7/14/2025 20:00,2.158557663,-0.944767991,-1.884498246,R1111
7/14/2025 20:30,2.024042049,0.8229575,-1.748235586,R1111
7/14/2025 21:00,0.643783631,-0.136891219,1.093158466,R1111
7/14/2025 21:30,0.982780232,0.081978803,-0.300972656,R1111
7/14/2025 22:00,1.722849223,1.510043396,-1.862238599,R1111
7/14/2025 22:30,1.384967406,0.370049789,-1.620135413,R1111
7/14/2025 23:00,0.770838237,0.470984162,-0.022249756,R1111
7/14/2025 23:30,1.851485012,1.392424485,-2.219997562,R1111
7/15/2025 0:00,1.306241045,0.94168573,0.353547467,R1111
7/15/2025 0:30,NA,-1.237826477,-2.555060049,R1111
7/15/2025 1:00,NA,-1.788050761,-1.25646198,R1111
7/15/2025 1:30,NA,-2.656704225,-3.540756148,R1111
7/15/2025 2:00,NA,-2.325805504,-1.23684694,R1111
7/15/2025 2:30,NA,-2.29584976,1.122006314,R1111
7/15/2025 3:00,NA,-1.882049507,-0.327173285,R1111
7/15/2025 3:30,NA,-2.427853079,-1.702063304,R1111
7/15/2025 4:00,NA,-3.084943358,-0.66336633,R1111
7/15/2025 4:30,NA,-1.972604617,-0.705275874,R1111
7/15/2025 5:00,NA,-2.283837585,-0.654689303,R1111
7/15/2025 5:30,NA,-2.274109252,-1.17808088,R1111
7/15/2025 6:00,NA,-0.94418023,-1.887510912,R1111
7/15/2025 6:30,NA,-2.369076811,0.1906943,R1111
7/15/2025 7:00,NA,-0.446249489,0.236416384,R1111
7/15/2025 7:30,NA,-1.100504745,2.136928805,R1111
7/15/2025 8:00,NA,0.776599926,3.5238151,R1111
7/15/2025 8:30,NA,3.445538488,3.757993263,R1111
7/15/2025 9:00,NA,4.997441445,5.956426227,R1111
7/15/2025 9:30,NA,8.28795761,8.739578743,R1111
7/15/2025 10:00,NA,8.943057865,9.944714163,R1111
7/15/2025 10:30,NA,10.45879579,11.51541198,R1111
7/15/2025 11:00,NA,11.37606205,12.49987151,R1111
7/15/2025 11:30,NA,12.64738862,13.68979498,R1111
7/15/2025 12:00,NA,13.18226914,14.54082475,R1111
7/15/2025 12:30,NA,13.78467166,13.60112795,R1111
7/15/2025 13:00,NA,16.52455148,16.06468257,R1111
7/15/2025 13:30,NA,18.30764964,19.19031421,R1111
7/15/2025 14:00,NA,17.88496697,18.05896717,R1111
7/15/2025 14:30,NA,16.11726495,15.75868483,R1111
7/15/2025 15:00,NA,12.98477767,11.59296422,R1111
7/15/2025 15:30,NA,12.27769078,12.2871048,R1111
7/15/2025 16:00,NA,9.566963375,10.71946521,R1111
7/15/2025 16:30,NA,7.880743406,9.052497368,R1111
7/15/2025 17:00,NA,6.0281023,5.07043856,R1111
7/15/2025 17:30,NA,2.047735528,2.525912589,R1111
7/15/2025 18:00,NA,-0.197291706,1.657612065,R1111
7/15/2025 18:30,NA,-0.503661961,-0.573087278,R1111
7/15/2025 19:00,NA,-1.310377467,-0.583571244,R1111
7/15/2025 19:30,NA,-1.783544662,-1.624584067,R1111
7/15/2025 20:00,NA,-2.221025454,-2.039372881,R1111
7/15/2025 20:30,NA,-1.090003401,-1.906186999,R1111
7/15/2025 21:00,NA,-0.155404197,1.028494457,R1111
7/15/2025 21:30,NA,-2.01622772,0.310728796,R1111
7/15/2025 22:00,NA,-0.367317067,1.180354935,R1111
7/15/2025 22:30,NA,-1.848965123,-2.033612676,R1111
7/15/2025 23:00,NA,-2.2956597,-0.916840233,R1111
7/15/2025 23:30,NA,-1.085278554,-1.369275579,R1111
7/16/2025 0:00,NA,-2.682566625,-0.861442769,R1111
7/16/2025 0:30,NA,-0.778224288,0.04089935,R1111
7/16/2025 1:00,NA,-1.766085397,-1.723291504,R1111
7/16/2025 1:30,NA,-0.529812107,-1.021056816,R1111
7/16/2025 2:00,NA,-1.995888922,0.873233007,R1111
7/16/2025 2:30,NA,-2.841919117,0.668158802,R1111
7/16/2025 3:00,NA,-1.021879153,1.579358991,R1111
7/16/2025 3:30,NA,-2.846523591,0.434551285,R1111
7/16/2025 4:00,NA,-2.601756379,1.962572055,R1111
7/16/2025 4:30,NA,-6.343354905,4.642394926,R1111
7/16/2025 5:00,NA,-8.023033701,0.298562231,R1111
7/16/2025 5:30,NA,-3.261534024,3.682936349,R1111
7/16/2025 6:00,NA,-3.667534122,4.097649381,R1111
7/16/2025 6:30,NA,-5.414165002,5.687676007,R1111
7/16/2025 7:00,NA,-3.965003085,6.779464438,R1111
7/16/2025 7:30,NA,-5.365327591,6.70759292,R1111
7/16/2025 8:00,NA,-2.351185677,6.482416444,R1111
7/17/2025 11:00,NA,9.516966335,9.522362809,R1111
7/17/2025 11:30,NA,9.881045408,9.359555668,R1111
7/17/2025 12:00,NA,11.52506044,10.46584174,R1111
7/17/2025 12:30,NA,10.6982291,9.745363298,R1111
7/17/2025 13:00,NA,14.48283258,12.91876818,R1111
7/17/2025 13:30,NA,12.37165216,10.77411069,R1111
7/17/2025 14:00,NA,15.48924212,13.86036706,R1111
7/17/2025 14:30,NA,12.95195147,10.34691266,R1111
7/17/2025 15:00,NA,10.9748756,8.771453056,R1111
7/17/2025 15:30,NA,9.631488843,7.075432399,R1111
7/17/2025 16:00,NA,8.419613039,5.615604058,R1111
7/17/2025 16:30,NA,7.40036886,5.527104378,R1111
7/17/2025 17:00,NA,5.370732486,2.779261297,R1111
7/17/2025 17:30,NA,4.571636539,1.623381578,R1111
7/17/2025 18:00,NA,2.758005017,2.041396966,R1111
7/17/2025 18:30,NA,2.23158603,0.113755408,R1111
7/17/2025 19:00,NA,2.386611352,-0.197651007,R1111
7/17/2025 19:30,NA,1.67583665,-0.780038624,R1111
7/17/2025 20:00,NA,1.932996415,-1.017071545,R1111
7/17/2025 20:30,NA,1.697437982,-0.646337379,R1111
7/17/2025 21:00,NA,1.410139081,-0.567156043,R1111
7/17/2025 21:30,NA,1.40759509,-0.075096383,R1111
7/17/2025 22:00,NA,1.05470306,-0.426290637,R1111
7/17/2025 22:30,NA,1.231821822,0.129285862,R1111
7/17/2025 23:00,NA,1.43226577,0.551902311,R1111
7/17/2025 23:30,NA,1.705759929,-0.226139017,R1111
7/18/2025 0:00,NA,1.033368117,0.508991627,R1111
7/18/2025 0:30,NA,1.164762194,0.412073912,R1111
7/18/2025 1:00,NA,1.233135656,0.17431567,R1111
7/18/2025 1:30,NA,0.418419745,-0.289381177,R1111
7/18/2025 2:00,NA,1.168759922,1.142735993,R1111
7/18/2025 2:30,NA,1.17540699,0.859762757,R1111
7/18/2025 3:00,NA,0.980048856,1.610506515,R1111
7/18/2025 3:30,NA,1.467319233,0.462303458,R1111
7/18/2025 4:00,NA,1.523625431,1.642892958,R1111
7/18/2025 4:30,NA,0.955022678,1.128036112,R1111
7/18/2025 5:00,NA,1.541437402,0.00775594,R1111
7/18/2025 5:30,NA,1.244760151,1.090784383,R1111
7/18/2025 6:00,NA,1.179106173,1.278092553,R1111
7/18/2025 6:30,NA,2.479338551,3.721267761,R1111
7/18/2025 7:00,NA,3.603821996,6.013585547,R1111
7/18/2025 7:30,NA,5.135002945,5.710316157,R1111
7/18/2025 8:00,NA,6.285704111,7.523592614,R1111
7/18/2025 8:30,NA,7.28282888,7.617180692,R1111
7/18/2025 9:00,NA,8.106742118,9.471829037,R1111
7/18/2025 9:30,NA,7.419826859,8.279692546,R1111
7/18/2025 10:00,NA,9.994924223,10.94493458,R1111
7/18/2025 10:30,NA,11.28868138,11.80228285,R1111
7/18/2025 11:00,NA,11.21393857,11.60238306,R1111
7/18/2025 11:30,NA,11.50163945,9.839306556,R1111
7/18/2025 12:00,NA,12.61992253,11.72014106,R1111
7/18/2025 12:30,NA,13.03027289,12.56259813,R1111
7/18/2025 13:00,NA,15.40808473,14.33497241,R1111
7/18/2025 13:30,NA,16.40664841,15.46485601,R1111
7/18/2025 14:00,NA,16.991218,16.38934593,R1111
7/18/2025 14:30,NA,13.89911939,13.37864983,R1111
7/18/2025 15:00,NA,11.21156083,10.39989822,R1111
7/18/2025 15:30,NA,9.405080104,7.684230059,R1111
7/18/2025 16:00,NA,8.057817966,6.554488419,R1111
7/18/2025 16:30,NA,6.955835788,5.838794534,R1111
7/18/2025 17:00,NA,5.063310677,4.10767326,R1111
7/18/2025 17:30,NA,3.892385448,3.107528974,R1111
7/18/2025 18:00,NA,2.683458228,0.857738041,R1111
7/18/2025 18:30,NA,2.640063476,2.172839236,R1111
7/18/2025 19:00,NA,2.2236904,1.437514428,R1111
7/18/2025 19:30,NA,2.66163958,0.851589858,R1111
7/18/2025 20:00,NA,2.225955442,1.211950213,R1111
7/18/2025 20:30,NA,2.359250108,0.672619562,R1111
7/18/2025 21:00,NA,1.466494559,0.512955615,R1111
7/18/2025 21:30,NA,1.109927628,0.710105858,R1111
7/18/2025 22:00,NA,0.907305286,1.09350231,R1111
7/18/2025 22:30,NA,0.520820951,0.397812659,R1111
7/18/2025 23:00,NA,0.417895665,0.516375573,R1111
7/18/2025 23:30,NA,1.566218256,0.816246739,R1111
7/19/2025 0:00,NA,1.203210355,1.378789252,R1111
7/19/2025 0:30,NA,0.835984164,1.185922562,R1111
7/19/2025 1:00,NA,0.752583547,1.290046645,R1111
7/19/2025 1:30,NA,1.01945478,0.943566705,R1111
7/19/2025 2:00,NA,0.98541335,-0.152524202,R1111
7/19/2025 2:30,NA,0.908014153,0.0515883,R1111
7/19/2025 3:00,NA,0.621073357,0.5082382,R1111
7/19/2025 3:30,NA,0.179068628,0.900464524,R1111
7/19/2025 4:00,NA,0.587530982,1.574287589,R1111
7/19/2025 4:30,NA,0.660321149,0.193983015,R1111
7/19/2025 5:00,NA,0.757472575,1.989680868,R1111
7/19/2025 5:30,NA,0.381448873,-0.433227414,R1111
7/19/2025 6:00,NA,0.532175603,0.382609834,R1111
7/19/2025 6:30,NA,0.813192696,2.27612369,R1111
7/19/2025 7:00,NA,2.522916864,3.768013622,R1111
7/19/2025 7:30,NA,3.111508655,3.732287252,R1111
7/19/2025 8:00,NA,4.59519139,4.738297645,R1111
7/19/2025 8:30,NA,5.89484767,5.732175166,R1111
7/19/2025 9:00,NA,8.068874169,7.295287106,R1111
7/19/2025 9:30,NA,9.986762628,10.22084136,R1111
7/19/2025 10:00,NA,11.29650639,11.14156435,R1111
7/19/2025 10:30,NA,11.09962038,10.69586467,R1111
7/19/2025 11:00,NA,12.77717454,12.67846514,R1111
7/19/2025 11:30,NA,14.25409434,13.36708994,R1111
7/19/2025 12:00,NA,14.82309197,12.77934485,R1111
7/19/2025 12:30,NA,14.26105405,12.68130718,R1111
7/19/2025 13:00,NA,17.38722951,17.30394751,R1111
7/19/2025 13:30,NA,16.45233201,15.69832887,R1111
7/19/2025 14:00,NA,17.91949762,17.09411373,R1111
7/19/2025 14:30,NA,15.24214267,14.8457078,R1111
7/19/2025 15:00,NA,12.84976618,11.49853715,R1111
7/19/2025 15:30,NA,11.1727369,10.64253686,R1111
7/19/2025 16:00,NA,9.343737615,8.456454496,R1111
7/19/2025 16:30,NA,7.560424502,6.764215352,R1111
7/19/2025 17:00,NA,5.536836969,4.698412932,R1111
7/19/2025 17:30,NA,3.522709312,1.826201437,R1111
7/19/2025 18:00,NA,2.597636302,1.985577168,R1111
7/19/2025 18:30,NA,2.187808923,2.940932193,R1111
7/19/2025 19:00,NA,1.705137598,1.648392725,R1111
7/19/2025 19:30,NA,1.933196762,-0.953002958,R1111
7/19/2025 20:00,NA,3.179280379,1.517065838,R1111
7/19/2025 20:30,NA,2.520006243,0.208398453,R1111
7/19/2025 21:00,NA,2.43088424,1.085713565,R1111
7/19/2025 21:30,NA,2.057581685,1.691009903,R1111
7/19/2025 22:00,NA,1.771201136,1.63397702,R1111
7/19/2025 22:30,NA,1.59610491,2.289672923,R1111
7/19/2025 23:00,NA,1.715149131,1.897487196,R1111
7/19/2025 23:30,NA,1.526629446,1.027179039,R1111
7/20/2025 0:00,NA,1.634783874,1.638488896,R1111
7/20/2025 0:30,NA,0.883549535,1.105151935,R1111
7/20/2025 1:00,NA,0.457393242,0.866708923,R1111
7/20/2025 1:30,NA,-0.422907582,-0.165499828,R1111
7/20/2025 2:00,NA,0.19196006,0.368216526,R1111
7/20/2025 2:30,NA,-0.041126337,0.37840066,R1111
7/20/2025 3:00,NA,0.199779863,-1.330991004,R1111
7/20/2025 3:30,NA,-0.043573591,0.85240356,R1111
7/20/2025 4:00,NA,0.131324177,-0.137900274,R1111
7/20/2025 4:30,NA,-0.27048262,-0.218967561,R1111
7/20/2025 5:00,NA,-0.679211244,1.142846856,R1111
7/20/2025 5:30,NA,-0.905461845,1.000083861,R1111
7/20/2025 6:00,NA,-0.840502019,0.439150677,R1111
7/20/2025 6:30,NA,-0.606910943,1.919891613,R1111
7/20/2025 7:00,NA,-1.052092707,1.520756588,R1111
7/20/2025 7:30,NA,-0.63903587,1.530669714,R1111
7/20/2025 8:00,NA,-0.877999769,1.113631035,R1111
7/20/2025 8:30,NA,-0.141007498,1.56662605,R1111
7/20/2025 9:00,NA,0.187074668,1.731110868,R1111
7/20/2025 9:30,NA,0.579638943,1.419251283,R1111
7/20/2025 10:00,NA,1.091505286,2.468082974,R1111
7/20/2025 10:30,NA,2.072205217,4.116644234,R1111
7/20/2025 11:00,NA,4.57205916,6.17397979,R1111
7/20/2025 11:30,NA,5.44552498,6.946222953,R1111
7/20/2025 12:00,NA,5.736487043,6.317755303,R1111
7/20/2025 12:30,NA,8.184810188,9.118122032,R1111
7/20/2025 13:00,NA,9.853866852,11.43569261,R1111
7/20/2025 13:30,NA,16.07160227,17.36994136,R1111
7/20/2025 14:00,NA,15.75669788,17.41298441,R1111
7/20/2025 14:30,NA,13.15153781,13.39275617,R1111
7/20/2025 15:00,NA,10.77116019,10.89343441,R1111
7/20/2025 15:30,NA,9.13187863,8.823742781,R1111
7/20/2025 16:00,NA,8.414164641,8.314458038,R1111
7/20/2025 16:30,NA,7.666233305,6.43138398,R1111
7/20/2025 17:00,NA,7.101206628,6.220753588,R1111
7/20/2025 17:30,NA,5.475679127,5.518876796,R1111
7/20/2025 18:00,NA,4.200729535,5.023219993,R1111
7/20/2025 18:30,NA,3.013503249,3.486490204,R1111
7/20/2025 19:00,NA,2.414446728,2.49143346,R1111
7/20/2025 19:30,NA,1.43582073,1.856382219,R1111
7/20/2025 20:00,NA,1.180516392,1.060064799,R1111
7/20/2025 20:30,NA,0.805352783,0.866795404,R1111
7/20/2025 21:00,NA,1.178748235,1.464843736,R1111
7/20/2025 21:30,NA,1.202694406,1.820939187,R1111
7/20/2025 22:00,NA,0.694086465,2.546931666,R1111
7/20/2025 22:30,NA,1.002338955,1.723516054,R1111
7/20/2025 23:00,NA,0.954590518,2.466071684,R1111
7/20/2025 23:30,NA,0.828937189,2.348617577,R1111
7/21/2025 0:00,NA,0.694310251,2.908091965,R1111
7/21/2025 0:30,NA,0.719261802,1.63630808,R1111
7/21/2025 1:00,NA,0.325755286,2.613274064,R1111
7/21/2025 1:30,NA,-0.079953756,2.645920228,R1111
7/21/2025 2:00,NA,0.107588872,1.381346258,R1111
7/21/2025 2:30,NA,0.017896921,1.562185446,R1111
7/21/2025 3:00,NA,-0.014195825,1.773962478,R1111
7/21/2025 3:30,NA,0.350671817,2.230261777,R1111
7/21/2025 4:00,NA,0.117715359,3.546519463,R1111
7/21/2025 4:30,NA,-0.135350977,2.90087548,R1111
7/21/2025 5:00,NA,-0.149718221,1.165606351,R1111
7/21/2025 5:30,NA,-0.131287442,2.952168155,R1111
7/21/2025 6:00,NA,-0.45592814,2.147532978,R1111
7/21/2025 6:30,NA,0.143180617,1.491372464,R1111
7/21/2025 7:00,NA,0.704297247,2.37715028,R1111
7/21/2025 7:30,NA,0.58731826,3.069806555,R1111
7/21/2025 8:00,NA,1.050334101,2.686582199,R1111
7/21/2025 8:30,NA,1.75949658,3.825304744,R1111
7/21/2025 9:00,NA,2.106250204,4.35533397,R1111
7/21/2025 9:30,NA,3.124506247,5.023052468,R1111
7/21/2025 10:00,NA,6.537643113,8.395665193,R1111
7/21/2025 10:30,NA,9.250953064,10.62749735,R1111
7/21/2025 11:00,NA,7.969036511,10.6202504,R1111
7/21/2025 11:30,NA,10.36679725,11.72872626,R1111
7/21/2025 12:00,NA,11.06341614,12.3827228,R1111
7/21/2025 12:30,NA,14.21865705,14.4640722,R1111
7/21/2025 13:00,NA,14.49604114,15.04167335,R1111
7/21/2025 13:30,NA,18.79741172,19.10888363,R1111
7/21/2025 14:00,NA,14.76371026,13.20816108,R1111
7/21/2025 14:30,NA,12.87437877,11.37560226,R1111
7/21/2025 15:00,NA,11.13209669,9.85613635,R1111
7/21/2025 15:30,NA,9.512974619,7.145646329,R1111
7/21/2025 16:00,NA,7.426703395,5.584591136,R1111
7/21/2025 16:30,NA,5.640257319,4.553328906,R1111
7/21/2025 17:00,NA,4.506722918,3.535872243,R1111
7/21/2025 17:30,NA,3.556426324,2.864996327,R1111
7/21/2025 18:00,NA,3.451875463,1.577042385,R1111
7/21/2025 18:30,NA,3.385266998,1.47680174,R1111
7/21/2025 19:00,NA,3.234696738,0.926380516,R1111
7/21/2025 19:30,NA,3.00668069,1.778512581,R1111
7/21/2025 20:00,NA,2.642790621,0.816803777,R1111
7/21/2025 20:30,NA,3.480094381,1.133242981,R1111
7/21/2025 21:00,NA,3.258130356,1.885854359,R1111
7/21/2025 21:30,NA,2.766770094,1.100896041,R1111
7/21/2025 22:00,NA,3.312979699,0.962845213,R1111
7/21/2025 22:30,NA,3.842012014,1.385021222,R1111
7/21/2025 23:00,NA,3.454101264,1.333958407,R1111
7/21/2025 23:30,NA,3.855632202,2.645866736,R1111
7/22/2025 0:00,NA,3.567098774,1.382566862,R1111
7/22/2025 0:30,NA,3.288953257,0.872545358,R1111
7/22/2025 1:00,NA,2.873465171,0.728912961,R1111
7/22/2025 1:30,NA,2.699919281,-0.233707959,R1111
7/22/2025 2:00,NA,2.408811957,-0.147726528,R1111
7/22/2025 2:30,NA,1.402955845,-0.456648742,R1111
7/22/2025 3:00,NA,2.126212039,0.624932547,R1111
7/22/2025 3:30,NA,2.037627649,1.005509285,R1111
7/22/2025 4:00,NA,1.85992789,1.133968645,R1111
7/22/2025 4:30,NA,1.958730668,0.857580243,R1111
7/22/2025 5:00,NA,1.887862646,0.832599993,R1111
7/22/2025 5:30,NA,1.52828498,1.089933175,R1111
7/22/2025 6:00,NA,1.954569604,1.218347188,R1111
7/22/2025 6:30,NA,1.114396241,0.662091573,R1111
7/22/2025 7:00,NA,1.940825436,1.059975719,R1111
7/22/2025 7:30,NA,2.277015893,0.343744518,R1111
7/22/2025 8:00,NA,2.956087242,2.460426288,R1111
7/22/2025 8:30,NA,3.579579365,2.510934016,R1111
7/22/2025 9:00,NA,5.166564592,4.239002513,R1111
7/22/2025 9:30,NA,6.457957663,6.361147624,R1111
7/22/2025 10:00,NA,8.15756805,7.06562846,R1111
7/22/2025 10:30,NA,8.827254749,7.021178019,R1111
7/22/2025 11:00,NA,10.86733116,9.128372387,R1111
7/22/2025 11:30,NA,9.650941446,6.108121962,R1111
7/22/2025 12:00,NA,10.29717446,7.696050511,R1111
7/22/2025 12:30,NA,12.69565138,11.74730396,R1111
7/22/2025 13:00,NA,13.05994851,11.71781471,R1111
7/22/2025 13:30,NA,17.26525928,16.14614363,R1111
7/22/2025 14:00,NA,12.01979213,9.542537915,R1111
7/22/2025 14:30,NA,10.07972068,7.89788672,R1111
7/22/2025 15:00,NA,10.34143461,8.404620739,R1111
7/22/2025 15:30,NA,8.013131054,6.206625509,R1111
7/22/2025 16:00,NA,6.441504561,3.781758795,R1111
7/22/2025 16:30,NA,5.333654924,4.016451157,R1111
7/22/2025 17:00,NA,4.674834258,1.820059714,R1111
7/22/2025 17:30,NA,4.521982409,1.462959641,R1111
7/22/2025 18:00,NA,4.347716978,1.997471887,R1111
7/22/2025 18:30,NA,4.895298816,1.58564231,R1111
7/22/2025 19:00,NA,3.925039855,-0.269009359,R1111
7/22/2025 19:30,NA,4.507662439,0.824255665,R1111
7/22/2025 20:00,NA,2.650417991,-0.857007123,R1111
7/22/2025 20:30,NA,4.029576059,0.430674849,R1111
7/22/2025 21:00,NA,3.106484955,-1.651546704,R1111
7/22/2025 21:30,NA,3.715913516,1.668717405,R1111
7/22/2025 22:00,NA,3.493518461,1.894870091,R1111
7/22/2025 22:30,NA,4.008641161,1.488292765,R1111
7/22/2025 23:00,NA,4.181727548,2.11363309,R1111
7/22/2025 23:30,NA,3.257526383,1.857915465,R1111
7/23/2025 0:00,NA,3.593776867,1.423742294,R1111
7/23/2025 0:30,NA,3.79667253,2.470183618,R1111
7/23/2025 1:00,NA,4.268618487,1.682229612,R1111
7/23/2025 1:30,NA,4.400044498,1.705167596,R1111
7/23/2025 2:00,NA,4.363648306,2.898445849,R1111
7/23/2025 2:30,NA,4.338717458,0.863024164,R1111
7/23/2025 3:00,NA,4.341622209,2.609470362,R1111
7/23/2025 3:30,NA,4.512588579,2.873677133,R1111
7/23/2025 4:00,NA,3.980091113,2.509044345,R1111
7/23/2025 4:30,NA,4.103619605,2.437163551,R1111
7/23/2025 5:00,NA,3.997974019,2.391409707,R1111
7/23/2025 5:30,NA,4.083795533,3.954847767,R1111
7/23/2025 6:00,NA,4.963215235,3.481561975,R1111
7/23/2025 6:30,NA,4.511904758,3.549197453,R1111
7/23/2025 7:00,NA,5.690373601,6.862215939,R1111
7/23/2025 7:30,NA,7.418004026,7.824717675,R1111
7/23/2025 8:00,NA,9.437536081,11.50974778,R1111
7/23/2025 8:30,NA,10.80020225,10.3955991,R1111
7/23/2025 9:00,NA,13.05038008,16.41255771,R1111
7/23/2025 9:30,NA,13.28946351,16.82029366,R1111
7/23/2025 10:00,NA,11.32225601,11.83667967,R1111
7/23/2025 10:30,NA,11.85970281,13.0260476,R1111
7/23/2025 11:00,NA,12.86607038,12.60561368,R1111
7/23/2025 11:30,NA,13.66486964,13.76916399,R1111
7/23/2025 12:00,NA,14.53550191,12.82607515,R1111
7/23/2025 12:30,NA,15.38550207,15.243169,R1111
7/23/2025 13:00,NA,17.04866989,17.37029683,R1111
7/23/2025 13:30,NA,19.2682445,22.0338754,R1111
7/23/2025 14:00,NA,18.73417859,18.89330128,R1111
7/23/2025 14:30,NA,16.46199165,15.98358781,R1111
7/23/2025 15:00,NA,14.45853228,13.17875934,R1111
7/23/2025 15:30,NA,12.77167278,11.66188023,R1111
7/23/2025 16:00,NA,11.50188608,10.92142887,R1111
7/23/2025 16:30,NA,10.58956658,8.879060113,R1111
7/23/2025 17:00,NA,8.680333945,7.723682478,R1111
7/23/2025 17:30,NA,7.126596327,6.043406075,R1111
7/23/2025 18:00,NA,5.842442717,4.088706304,R1111
7/23/2025 18:30,NA,5.443236385,3.36922948,R1111
7/23/2025 19:00,NA,5.020887904,3.931981637,R1111
7/23/2025 19:30,NA,4.425362398,3.703630502,R1111
7/23/2025 20:00,NA,4.351727587,3.494829452,R1111
7/23/2025 20:30,NA,4.283031423,1.292849242,R1111
7/23/2025 21:00,NA,4.614316233,2.874816054,R1111
7/23/2025 21:30,NA,4.47506692,2.091957929,R1111
7/23/2025 22:00,NA,4.361463301,2.38771961,R1111
7/23/2025 22:30,NA,4.323599521,3.517613429,R1111
7/23/2025 23:00,NA,3.173418766,3.390252926,R1111
7/23/2025 23:30,NA,3.074076366,3.111962763,R1111
7/24/2025 0:00,NA,2.973444221,1.989145455,R1111
7/24/2025 0:30,NA,2.587282426,3.58014488,R1111
7/24/2025 1:00,NA,2.402060871,2.433670932,R1111
7/24/2025 1:30,NA,1.964847576,0.796533193,R1111
7/24/2025 2:00,NA,1.698694521,0.193641485,R1111
7/24/2025 2:30,NA,1.137856195,-0.449831985,R1111
7/24/2025 3:00,NA,1.092064676,1.563934844,R1111
7/24/2025 3:30,NA,1.218706203,0.121496265,R1111
7/24/2025 4:00,NA,1.204597821,4.562466712,R1111
7/24/2025 4:30,NA,1.23788859,0.790988749,R1111
7/24/2025 5:00,NA,1.288187272,0.92961259,R1111
7/24/2025 5:30,NA,0.744639216,3.846949315,R1111
7/24/2025 6:00,NA,1.768463325,0.754471675,R1111
7/24/2025 6:30,NA,2.630447593,5.059825421,R1111
7/24/2025 7:00,NA,2.851006393,6.299419932,R1111
7/24/2025 7:30,NA,4.197714564,3.84961567,R1111
7/24/2025 8:00,NA,5.360941046,4.28202591,R1111
7/24/2025 8:30,NA,6.606864133,6.415590219,R1111
7/24/2025 9:00,NA,8.262508967,6.778132776,R1111
7/24/2025 9:30,NA,10.03846854,11.81397768,R1111
7/24/2025 10:00,NA,11.38262366,13.88106851,R1111
7/24/2025 10:30,NA,12.7688048,13.2718824,R1111
7/24/2025 11:00,NA,13.94377177,14.83077164,R1111
7/24/2025 11:30,NA,14.72658153,17.14553788,R1111
7/24/2025 12:00,NA,15.52833653,18.25017448,R1111
7/24/2025 12:30,NA,16.40150795,15.27227537,R1111
7/24/2025 13:00,NA,17.9170599,21.41768805,R1111
7/24/2025 13:30,NA,20.48978115,20.22882926,R1111
7/24/2025 14:00,NA,23.86983883,26.30632856,R1111
7/24/2025 14:30,NA,20.57653915,21.43770977,R1111
7/24/2025 15:00,NA,17.50440549,19.11646224,R1111
7/24/2025 15:30,NA,15.85036036,16.55006336,R1111
7/24/2025 16:00,NA,14.08350185,14.90030435,R1111
7/24/2025 16:30,NA,12.45731717,14.07736969,R1111
7/24/2025 17:00,NA,10.4616547,10.77454039,R1111
7/24/2025 17:30,NA,7.426930165,8.892445186,R1111
7/24/2025 18:00,NA,6.053770982,4.310180498,R1111
7/24/2025 18:30,NA,5.808545353,3.914849899,R1111
7/24/2025 19:00,NA,5.061288843,3.681467241,R1111
7/24/2025 19:30,NA,4.893440361,2.991261996,R1111
7/24/2025 20:00,NA,4.92011971,3.491446804,R1111
7/24/2025 20:30,NA,3.905982975,9.282453145,R1111
7/24/2025 21:00,NA,3.325505663,7.035759407,R1111
7/24/2025 21:30,NA,3.130245602,6.114960342,R1111
7/24/2025 22:00,NA,2.032735552,3.777427319,R1111
7/24/2025 22:30,NA,3.322404169,8.827333714,R1111
7/24/2025 23:00,NA,2.953905998,8.210673438,R1111
7/24/2025 23:30,NA,4.447368262,9.058601442,R1111
7/25/2025 0:00,NA,4.135678778,6.337241654,R1111
7/25/2025 0:30,NA,4.804077374,NA,R1111
7/25/2025 1:00,NA,3.920914234,NA,R1111
7/25/2025 1:30,NA,3.841858205,NA,R1111
7/25/2025 2:00,NA,3.719386504,NA,R1111
7/25/2025 2:30,NA,3.471740187,NA,R1111
7/25/2025 3:00,NA,3.750401828,NA,R1111
7/25/2025 3:30,NA,4.65273141,NA,R1111
7/25/2025 4:00,NA,3.368009984,NA,R1111
7/25/2025 4:30,NA,2.384056352,NA,R1111
7/25/2025 12:00,NA,15.19354373,NA,R1111
7/25/2025 12:30,NA,16.36730352,NA,R1111
7/25/2025 13:00,NA,18.08974934,NA,R1111
7/25/2025 13:30,NA,19.99258823,NA,R1111
7/25/2025 14:00,NA,20.7753801,NA,R1111
7/25/2025 14:30,NA,19.49269427,NA,R1111
7/25/2025 15:00,NA,17.68263659,NA,R1111
7/25/2025 15:30,NA,16.80625694,NA,R1111
7/25/2025 16:00,NA,16.27152096,NA,R1111
7/25/2025 16:30,NA,16.32328809,NA,R1111
7/25/2025 17:00,NA,16.29756043,NA,R1111
7/25/2025 17:30,NA,15.32647174,NA,R1111
7/25/2025 18:00,NA,14.22333518,NA,R1111
7/25/2025 18:30,NA,12.72049896,NA,R1111
7/25/2025 19:00,NA,11.73978381,NA,R1111
7/25/2025 19:30,NA,10.77666757,NA,R1111
7/25/2025 20:00,NA,7.429640312,NA,R1111
7/25/2025 20:30,NA,4.84019584,NA,R1111
7/25/2025 21:00,NA,4.901165366,NA,R1111
7/25/2025 21:30,NA,3.843084045,NA,R1111
7/25/2025 22:00,NA,4.11059981,NA,R1111
7/25/2025 22:30,NA,4.534333924,NA,R1111
7/25/2025 23:00,NA,4.972957553,NA,R1111
7/25/2025 23:30,NA,4.744841749,NA,R1111
7/26/2025 0:00,NA,4.238270759,NA,R1111
7/26/2025 0:30,NA,4.831198839,NA,R1111
7/26/2025 1:00,NA,4.994522625,NA,R1111
7/26/2025 1:30,NA,5.255096326,NA,R1111
7/26/2025 2:00,NA,5.296582609,NA,R1111
7/26/2025 2:30,NA,4.559482046,NA,R1111
7/26/2025 3:00,NA,4.82495993,NA,R1111
7/26/2025 3:30,NA,4.103088872,NA,R1111
7/26/2025 4:00,NA,3.610786677,NA,R1111
7/26/2025 4:30,NA,4.227863912,NA,R1111
7/26/2025 5:00,NA,4.075169335,NA,R1111
7/26/2025 5:30,NA,3.882018417,NA,R1111
7/26/2025 6:00,NA,3.604014688,NA,R1111
7/26/2025 6:30,NA,2.968527696,NA,R1111
7/26/2025 7:00,NA,5.07705907,NA,R1111
7/26/2025 7:30,NA,6.087130415,NA,R1111
7/26/2025 8:00,NA,5.367974423,NA,R1111
7/26/2025 8:30,NA,6.656406596,NA,R1111
7/26/2025 9:00,NA,8.906563559,NA,R1111
7/26/2025 9:30,NA,11.31976292,NA,R1111
7/26/2025 10:00,NA,12.99628827,NA,R1111
7/26/2025 10:30,NA,13.85896466,NA,R1111
7/26/2025 11:00,NA,15.00799186,NA,R1111
7/26/2025 11:30,NA,15.95072206,NA,R1111
7/26/2025 12:00,NA,15.61279778,NA,R1111
7/26/2025 12:30,NA,16.09847471,NA,R1111
7/26/2025 13:00,NA,16.90785894,NA,R1111
7/26/2025 13:30,NA,19.79667666,NA,R1111
7/26/2025 14:00,NA,20.68501218,NA,R1111
7/26/2025 14:30,NA,17.7536181,NA,R1111
7/26/2025 15:00,NA,17.73287129,NA,R1111
7/26/2025 15:30,NA,17.57384244,NA,R1111
7/26/2025 16:00,NA,16.54698169,NA,R1111
7/26/2025 16:30,NA,16.35074982,NA,R1111
7/26/2025 17:00,NA,16.7394993,NA,R1111
7/26/2025 17:30,NA,15.12500339,NA,R1111
7/26/2025 18:00,NA,13.58160573,NA,R1111
7/26/2025 18:30,NA,10.55412426,NA,R1111
7/26/2025 19:00,NA,6.156065782,NA,R1111
7/26/2025 19:30,NA,4.527140886,NA,R1111
7/26/2025 20:00,NA,4.915750398,NA,R1111
7/26/2025 20:30,NA,4.723834272,NA,R1111
7/26/2025 21:00,NA,4.747627652,NA,R1111
7/26/2025 21:30,NA,5.000793438,NA,R1111
7/26/2025 22:00,NA,4.776311874,NA,R1111
7/26/2025 22:30,NA,4.352505689,NA,R1111
7/26/2025 23:00,NA,3.796784897,NA,R1111
7/26/2025 23:30,NA,4.08401383,NA,R1111
7/27/2025 0:00,NA,5.151369004,NA,R1111
7/27/2025 0:30,NA,3.033622646,NA,R1111
7/27/2025 1:00,NA,1.18637266,NA,R1111
7/27/2025 1:30,NA,0.417681169,NA,R1111
7/27/2025 2:00,NA,1.332940719,NA,R1111
7/27/2025 2:30,NA,-0.467862896,NA,R1111
7/27/2025 3:00,NA,-1.777731256,NA,R1111
7/27/2025 3:30,NA,-1.07763557,NA,R1111
7/27/2025 4:00,NA,-0.824512161,NA,R1111
7/27/2025 4:30,NA,-0.130302233,NA,R1111
7/27/2025 5:00,NA,-0.884873679,NA,R1111
7/27/2025 5:30,NA,0.254992754,NA,R1111
7/27/2025 6:00,NA,-0.273793248,NA,R1111
7/27/2025 6:30,NA,0.644023178,NA,R1111
7/27/2025 7:00,NA,3.731298127,NA,R1111
7/27/2025 7:30,NA,4.410741482,NA,R1111
7/27/2025 8:00,NA,6.373588888,NA,R1111
7/27/2025 8:30,NA,8.842520509,NA,R1111
7/27/2025 9:00,NA,12.85984265,NA,R1111
7/27/2025 9:30,NA,13.71587636,NA,R1111
7/27/2025 10:00,NA,15.9676904,NA,R1111
7/27/2025 10:30,NA,18.19717421,NA,R1111
7/27/2025 11:00,NA,18.08777166,NA,R1111
7/27/2025 11:30,NA,18.08279876,NA,R1111
7/27/2025 12:00,NA,19.98020994,NA,R1111
7/27/2025 12:30,NA,19.82848157,NA,R1111
7/27/2025 13:00,NA,20.94889832,NA,R1111
7/27/2025 13:30,NA,22.75809858,NA,R1111
7/27/2025 14:00,NA,22.97935049,NA,R1111
7/27/2025 14:30,NA,21.74354106,NA,R1111
7/27/2025 15:00,NA,20.5928015,NA,R1111
7/27/2025 15:30,NA,19.38748325,NA,R1111
7/27/2025 16:00,NA,18.40031113,NA,R1111
7/27/2025 16:30,NA,17.895717,NA,R1111
7/27/2025 17:00,NA,15.18944392,NA,R1111
7/27/2025 17:30,NA,11.53010641,NA,R1111
7/27/2025 18:00,NA,8.307182683,NA,R1111
7/27/2025 18:30,NA,6.178883657,NA,R1111
7/27/2025 19:00,NA,5.091677874,NA,R1111
7/27/2025 19:30,NA,4.626170484,NA,R1111
7/27/2025 20:00,NA,3.004432854,NA,R1111
7/27/2025 20:30,NA,2.457071156,NA,R1111
7/27/2025 21:00,NA,2.797454725,NA,R1111
7/27/2025 21:30,NA,3.538439734,NA,R1111
7/27/2025 22:00,NA,2.04699804,NA,R1111
7/27/2025 22:30,NA,1.974225452,NA,R1111
7/27/2025 23:00,NA,0.619329664,NA,R1111
7/27/2025 23:30,NA,-0.267155326,NA,R1111
7/28/2025 0:00,NA,-0.347678258,NA,R1111
7/28/2025 0:30,NA,1.028553821,NA,R1111
7/28/2025 1:00,NA,0.272055603,NA,R1111
7/28/2025 1:30,NA,0.517800632,NA,R1111
7/28/2025 2:00,NA,0.872668956,NA,R1111
7/28/2025 2:30,NA,-1.375166155,NA,R1111
7/28/2025 3:00,NA,-1.163658232,NA,R1111
7/28/2025 3:30,NA,0.432127121,NA,R1111
7/28/2025 4:00,NA,2.070991631,NA,R1111
7/28/2025 4:30,NA,1.931907575,NA,R1111
7/28/2025 5:00,NA,-0.103272571,NA,R1111
7/28/2025 5:30,NA,-1.02467266,NA,R1111
7/28/2025 6:00,NA,-1.039594138,NA,R1111
7/28/2025 6:30,NA,1.75500075,NA,R1111
7/28/2025 7:00,NA,1.107687817,NA,R1111
7/28/2025 7:30,NA,2.269577995,NA,R1111
7/28/2025 8:00,NA,3.547717964,NA,R1111
7/28/2025 8:30,NA,6.985179223,NA,R1111
7/28/2025 9:00,NA,8.873566496,NA,R1111
7/28/2025 9:30,NA,10.25722196,NA,R1111
7/28/2025 10:00,NA,11.74972356,NA,R1111
7/28/2025 10:30,NA,12.92719447,NA,R1111
7/28/2025 11:00,NA,13.91520353,NA,R1111
7/28/2025 11:30,NA,15.01680159,NA,R1111
7/28/2025 12:00,NA,14.1554144,NA,R1111
7/28/2025 12:30,NA,16.6979261,NA,R1111
7/28/2025 13:00,NA,17.64899019,NA,R1111
7/28/2025 13:30,NA,17.85064105,NA,R1111
7/28/2025 14:00,NA,18.51244894,NA,R1111
7/28/2025 14:30,NA,17.39271469,NA,R1111
7/28/2025 15:00,NA,17.23443667,NA,R1111
7/28/2025 15:30,NA,15.39722122,NA,R1111
7/28/2025 16:00,NA,13.6230067,NA,R1111
7/28/2025 16:30,NA,13.16951799,NA,R1111
7/28/2025 17:00,NA,12.75224323,NA,R1111
7/28/2025 17:30,NA,9.12539276,NA,R1111
7/28/2025 18:00,NA,5.75460058,NA,R1111
7/28/2025 18:30,NA,3.999769859,NA,R1111
7/28/2025 19:00,NA,4.036242583,NA,R1111
7/28/2025 19:30,NA,3.456485507,NA,R1111
7/28/2025 20:00,NA,3.830714807,NA,R1111
7/28/2025 20:30,NA,3.760034851,NA,R1111
7/28/2025 21:00,NA,3.163404156,NA,R1111
7/28/2025 21:30,NA,3.818750818,NA,R1111
7/28/2025 22:00,NA,3.166454522,NA,R1111
7/28/2025 22:30,NA,3.348481889,NA,R1111
7/28/2025 23:00,NA,3.481128744,NA,R1111
7/28/2025 23:30,NA,2.898975617,NA,R1111
7/29/2025 0:00,NA,3.658956873,NA,R1111
7/29/2025 0:30,NA,1.699059809,NA,R1111
7/29/2025 1:00,NA,1.551022794,NA,R1111
7/29/2025 1:30,NA,0.250835838,NA,R1111
7/29/2025 2:00,NA,-0.092424594,NA,R1111
7/29/2025 2:30,NA,-0.742096184,NA,R1111
7/29/2025 3:00,NA,-0.109973884,NA,R1111
7/29/2025 3:30,NA,-0.313013249,NA,R1111
7/29/2025 4:00,NA,1.170828699,NA,R1111
7/29/2025 4:30,NA,0.669530214,NA,R1111
7/29/2025 5:00,NA,2.021396276,NA,R1111
7/29/2025 5:30,NA,2.205350803,NA,R1111
7/29/2025 6:00,NA,1.909860699,NA,R1111
7/29/2025 6:30,NA,2.311444088,NA,R1111
7/29/2025 7:00,NA,4.308213151,NA,R1111
7/29/2025 7:30,NA,6.594027986,NA,R1111
7/29/2025 8:00,NA,7.655355675,NA,R1111
7/29/2025 8:30,NA,8.649188173,NA,R1111
7/29/2025 9:00,NA,9.611818794,NA,R1111
7/29/2025 9:30,NA,12.23638521,NA,R1111
7/29/2025 10:00,NA,14.72332535,NA,R1111
7/29/2025 10:30,NA,16.90420362,NA,R1111
7/29/2025 11:00,NA,18.29503994,NA,R1111
7/29/2025 11:30,NA,18.76719436,NA,R1111
7/29/2025 12:00,NA,19.03173879,NA,R1111
7/29/2025 12:30,NA,19.50645224,NA,R1111
7/29/2025 13:00,NA,20.96619343,NA,R1111
7/29/2025 13:30,NA,23.49012192,NA,R1111
7/29/2025 14:00,NA,22.76847323,NA,R1111
7/29/2025 14:30,NA,20.8899802,NA,R1111
7/29/2025 15:00,NA,18.95786989,NA,R1111
7/29/2025 15:30,NA,16.06979478,NA,R1111
7/29/2025 16:00,NA,12.86389156,NA,R1111
7/29/2025 16:30,NA,11.73239256,NA,R1111
7/29/2025 17:00,NA,9.887764256,NA,R1111
7/29/2025 17:30,NA,8.485341337,NA,R1111
7/29/2025 18:00,NA,4.897147266,NA,R1111
7/29/2025 18:30,NA,5.074889013,NA,R1111
7/29/2025 19:00,NA,5.353217303,NA,R1111
7/29/2025 19:30,NA,5.306726055,NA,R1111
7/29/2025 20:00,NA,5.467710637,NA,R1111
7/29/2025 20:30,NA,5.525472936,NA,R1111
7/29/2025 21:00,NA,5.572202332,NA,R1111
7/29/2025 21:30,NA,5.723602832,NA,R1111
7/29/2025 22:00,NA,5.619265867,NA,R1111
7/29/2025 22:30,NA,5.164597019,NA,R1111
7/29/2025 23:00,NA,5.860563793,NA,R1111
7/29/2025 23:30,NA,5.82096953,NA,R1111
7/30/2025 0:00,NA,5.720546402,NA,R1111
7/30/2025 0:30,NA,5.935246455,NA,R1111
7/30/2025 1:00,NA,5.907335304,NA,R1111
7/30/2025 1:30,NA,5.77309621,NA,R1111
7/30/2025 2:00,NA,5.943903062,NA,R1111
7/30/2025 2:30,NA,6.482626813,NA,R1111
7/30/2025 3:00,NA,9.121265644,NA,R1111
7/30/2025 3:30,NA,5.204654815,NA,R1111
7/30/2025 4:00,NA,5.321607106,NA,R1111
7/30/2025 4:30,NA,4.849218526,NA,R1111
7/30/2025 5:00,NA,3.655053185,NA,R1111
7/30/2025 5:30,NA,2.427429331,NA,R1111
7/30/2025 6:00,NA,2.521934536,NA,R1111
7/30/2025 6:30,NA,3.9318099,NA,R1111
7/30/2025 7:00,NA,5.90064721,NA,R1111
7/30/2025 7:30,NA,8.751806371,NA,R1111
7/30/2025 8:00,NA,9.063068759,NA,R1111
7/30/2025 8:30,NA,10.61430746,NA,R1111
7/30/2025 9:00,NA,12.43430653,NA,R1111
7/30/2025 9:30,NA,13.59873318,NA,R1111
7/30/2025 10:00,NA,15.15886921,NA,R1111
7/30/2025 10:30,NA,16.51237314,NA,R1111
7/30/2025 11:00,NA,16.71282554,NA,R1111
7/30/2025 11:30,NA,18.16465507,NA,R1111
7/30/2025 12:00,NA,19.55664701,NA,R1111
7/30/2025 12:30,NA,18.59641669,NA,R1111
7/30/2025 13:00,NA,20.27585135,NA,R1111
7/30/2025 13:30,NA,23.19573055,NA,R1111
7/30/2025 14:00,NA,21.74569047,NA,R1111
7/30/2025 14:30,NA,19.6359946,NA,R1111
7/30/2025 15:00,NA,17.44508395,NA,R1111
7/30/2025 15:30,NA,15.01381978,NA,R1111
7/30/2025 16:00,NA,12.32996852,NA,R1111
7/30/2025 16:30,NA,11.64776506,NA,R1111
7/30/2025 17:00,NA,11.73204171,NA,R1111
7/30/2025 17:30,NA,11.21774695,NA,R1111
7/30/2025 18:00,NA,7.399707937,NA,R1111
7/30/2025 18:30,NA,7.519572359,NA,R1111
7/30/2025 19:00,NA,6.87624326,NA,R1111
7/30/2025 19:30,NA,8.426508877,NA,R1111
7/30/2025 20:00,NA,5.264422558,NA,R1111
7/30/2025 20:30,NA,5.494391009,NA,R1111
7/30/2025 21:00,NA,4.018101917,NA,R1111
7/30/2025 21:30,NA,4.427340595,NA,R1111
7/30/2025 22:00,NA,4.058358077,NA,R1111
7/30/2025 22:30,NA,6.347053882,NA,R1111
7/30/2025 23:00,NA,4.038956626,NA,R1111
7/30/2025 23:30,NA,3.920151543,NA,R1111
7/31/2025 0:00,NA,4.277727542,NA,R1111
7/31/2025 0:30,NA,3.093289917,NA,R1111
7/31/2025 1:00,NA,2.967350131,NA,R1111
7/31/2025 1:30,NA,2.577358506,NA,R1111
7/31/2025 2:00,NA,2.212098168,NA,R1111
7/31/2025 2:30,NA,1.761659681,NA,R1111
7/31/2025 3:00,NA,2.040709078,NA,R1111
7/31/2025 3:30,NA,2.116659287,NA,R1111
7/31/2025 4:00,NA,2.0299765,NA,R1111
7/31/2025 4:30,NA,2.179520604,NA,R1111
7/31/2025 5:00,NA,2.0936924,NA,R1111
7/31/2025 5:30,NA,1.870923869,NA,R1111
7/31/2025 6:00,NA,2.433016312,NA,R1111
7/31/2025 6:30,NA,2.190584186,NA,R1111
7/31/2025 7:00,NA,2.655296237,NA,R1111
7/31/2025 7:30,NA,4.357680305,NA,R1111
7/31/2025 8:00,NA,5.331173807,NA,R1111
7/31/2025 8:30,NA,6.449834526,NA,R1111
7/31/2025 9:00,NA,7.252167079,NA,R1111
7/31/2025 9:30,NA,8.788715455,NA,R1111
7/31/2025 10:00,NA,10.35906749,NA,R1111
7/31/2025 10:30,NA,12.99694887,NA,R1111
7/31/2025 11:00,NA,12.67855789,NA,R1111
7/31/2025 11:30,NA,16.21916719,NA,R1111
7/31/2025 12:00,NA,14.63330701,NA,R1111
7/31/2025 12:30,NA,18.27967439,NA,R1111
7/31/2025 13:00,NA,14.97918385,NA,R1111
7/31/2025 13:30,NA,19.40180563,NA,R1111
7/31/2025 14:00,NA,17.48981424,NA,R1111
7/31/2025 14:30,NA,14.69965002,NA,R1111
7/31/2025 15:00,NA,14.41401738,NA,R1111
7/31/2025 15:30,NA,13.95166949,NA,R1111
7/31/2025 16:00,NA,14.9503827,NA,R1111
7/31/2025 16:30,NA,11.66882621,NA,R1111
7/31/2025 17:00,NA,8.828359711,NA,R1111
7/31/2025 17:30,NA,6.851470182,NA,R1111
7/31/2025 18:00,NA,5.152463171,NA,R1111
7/31/2025 18:30,NA,4.696618236,NA,R1111
7/31/2025 19:00,NA,4.459320357,NA,R1111
7/31/2025 19:30,NA,3.446159938,NA,R1111
7/31/2025 20:00,NA,5.723028486,NA,R1111
7/31/2025 20:30,NA,2.66539975,NA,R1111
7/31/2025 21:00,NA,3.429714082,NA,R1111
7/31/2025 21:30,NA,3.645257902,NA,R1111
7/31/2025 22:00,NA,5.232881752,NA,R1111
7/31/2025 22:30,NA,3.368550025,NA,R1111
7/31/2025 23:00,NA,3.393097943,NA,R1111
7/31/2025 23:30,NA,4.406057981,NA,R1111
8/1/2025 0:00,NA,3.785121842,NA,R1111
8/1/2025 0:30,NA,3.614672598,NA,R1111
8/1/2025 1:00,NA,3.626211517,NA,R1111
8/1/2025 1:30,NA,3.599242779,NA,R1111
8/1/2025 2:00,NA,4.041118559,NA,R1111
8/1/2025 2:30,NA,3.696494867,NA,R1111
8/1/2025 3:00,NA,3.769921097,NA,R1111
8/1/2025 3:30,NA,3.939355876,NA,R1111
8/1/2025 4:00,NA,4.019001416,NA,R1111
8/1/2025 4:30,NA,3.754812099,NA,R1111
8/1/2025 5:00,NA,3.982425419,NA,R1111
8/1/2025 5:30,NA,3.722118666,NA,R1111
8/1/2025 6:00,NA,3.782141624,NA,R1111
8/1/2025 6:30,NA,4.571675867,NA,R1111
8/1/2025 7:00,NA,8.639033218,NA,R1111
8/1/2025 7:30,NA,10.26264334,NA,R1111
8/1/2025 8:00,NA,12.37687205,NA,R1111
8/1/2025 8:30,NA,13.32761025,NA,R1111
8/1/2025 9:00,NA,8.356742242,NA,R1111
8/1/2025 9:30,NA,7.416345982,NA,R1111
8/1/2025 10:00,NA,9.991973223,NA,R1111
8/1/2025 10:30,NA,12.15053958,NA,R1111
8/1/2025 11:00,NA,13.46418742,NA,R1111
8/1/2025 11:30,NA,12.91987913,NA,R1111
8/1/2025 12:00,NA,13.3433387,NA,R1111
8/1/2025 12:30,NA,13.50936625,NA,R1111
8/1/2025 13:00,NA,14.94379941,NA,R1111
8/1/2025 13:30,NA,16.56038817,NA,R1111
8/1/2025 14:00,NA,12.74665766,NA,R1111
8/1/2025 14:30,NA,10.23531465,NA,R1111
8/1/2025 15:00,NA,8.695494684,NA,R1111
8/1/2025 15:30,NA,8.208694553,NA,R1111
8/1/2025 16:00,NA,7.50887189,NA,R1111
8/1/2025 16:30,NA,7.890096166,NA,R1111
8/1/2025 17:00,NA,7.276114653,NA,R1111
8/1/2025 17:30,NA,5.976001238,NA,R1111
8/1/2025 18:00,NA,4.397103722,NA,R1111
8/1/2025 18:30,NA,3.881749454,NA,R1111
8/1/2025 19:00,NA,3.559432736,NA,R1111
8/1/2025 19:30,NA,3.111750478,NA,R1111
8/1/2025 20:00,NA,3.111236839,NA,R1111
8/1/2025 20:30,NA,3.072777998,NA,R1111
8/1/2025 21:00,NA,3.021625426,NA,R1111
8/1/2025 21:30,NA,3.380630065,NA,R1111
8/1/2025 22:00,NA,3.273695266,NA,R1111
8/1/2025 22:30,NA,3.3249419,NA,R1111
8/1/2025 23:00,NA,3.503271133,NA,R1111
8/1/2025 23:30,NA,3.516823057,NA,R1111
8/2/2025 0:00,NA,3.247695268,NA,R1111
8/2/2025 0:30,NA,3.221817616,NA,R1111
8/2/2025 1:00,NA,3.056965508,NA,R1111
8/2/2025 1:30,NA,3.046794969,NA,R1111
8/2/2025 2:00,NA,3.292828317,NA,R1111
8/2/2025 2:30,NA,3.134647674,NA,R1111
8/2/2025 3:00,NA,3.211490833,NA,R1111
8/2/2025 3:30,NA,3.107398406,NA,R1111
8/2/2025 4:00,NA,3.153727614,NA,R1111
8/2/2025 4:30,NA,3.567726673,NA,R1111
8/2/2025 5:00,NA,3.061748564,NA,R1111
8/2/2025 5:30,NA,3.213789942,NA,R1111
8/2/2025 6:00,NA,3.252339257,NA,R1111
8/2/2025 6:30,NA,4.116461215,NA,R1111
8/2/2025 7:00,NA,5.406687822,NA,R1111
8/2/2025 7:30,NA,6.835976709,NA,R1111
8/2/2025 8:00,NA,8.192334473,NA,R1111
8/2/2025 8:30,NA,9.230181594,NA,R1111
8/2/2025 9:00,NA,10.66988071,NA,R1111
8/2/2025 9:30,NA,12.20417563,NA,R1111
8/2/2025 10:00,NA,13.64528715,NA,R1111
8/2/2025 10:30,NA,15.14757398,NA,R1111
8/2/2025 11:00,NA,16.03984807,NA,R1111
8/2/2025 11:30,NA,16.56387406,NA,R1111
8/2/2025 12:00,NA,15.73403009,NA,R1111
8/2/2025 12:30,NA,15.64005944,NA,R1111
8/2/2025 13:00,NA,16.73605143,NA,R1111
8/2/2025 13:30,NA,18.62982027,NA,R1111
8/2/2025 14:00,NA,18.08622339,NA,R1111
8/2/2025 14:30,NA,16.10127365,NA,R1111
8/2/2025 15:00,NA,14.49139058,NA,R1111
8/2/2025 15:30,NA,12.87593343,NA,R1111
8/2/2025 16:00,NA,11.85510701,NA,R1111
8/2/2025 16:30,NA,10.29141713,NA,R1111
8/2/2025 17:00,NA,8.082326797,NA,R1111
8/2/2025 17:30,NA,6.206587116,NA,R1111
8/2/2025 18:00,NA,4.624812951,NA,R1111
8/2/2025 18:30,NA,4.178056937,NA,R1111
8/2/2025 19:00,NA,3.663646378,NA,R1111
8/2/2025 19:30,NA,3.465231091,NA,R1111
8/2/2025 20:00,NA,3.365493319,NA,R1111
8/2/2025 20:30,NA,3.584446576,NA,R1111
8/2/2025 21:00,NA,3.507354994,NA,R1111
8/2/2025 21:30,NA,3.37492432,NA,R1111
8/2/2025 22:00,NA,4.679524684,NA,R1111
8/2/2025 22:30,NA,3.239489274,NA,R1111
8/2/2025 23:00,NA,3.052457656,NA,R1111
8/2/2025 23:30,NA,2.999012774,NA,R1111
8/3/2025 0:00,NA,3.037468569,NA,R1111
8/3/2025 0:30,NA,2.044233097,NA,R1111
8/3/2025 1:00,NA,1.697444026,NA,R1111
8/3/2025 1:30,NA,1.03399033,NA,R1111
8/3/2025 2:00,NA,1.098630059,NA,R1111
8/3/2025 2:30,NA,0.941401506,NA,R1111
8/3/2025 3:00,NA,1.003463371,NA,R1111
8/3/2025 3:30,NA,1.191961602,NA,R1111
8/3/2025 4:00,NA,1.269518463,NA,R1111
8/3/2025 4:30,NA,1.236866753,NA,R1111
8/3/2025 5:00,NA,1.31865195,NA,R1111
8/3/2025 5:30,NA,1.494711344,NA,R1111
8/3/2025 6:00,NA,1.167319126,NA,R1111
8/3/2025 6:30,NA,1.799412991,NA,R1111
8/3/2025 7:00,NA,2.101762284,NA,R1111
8/3/2025 7:30,NA,3.118998899,NA,R1111
8/3/2025 8:00,NA,4.629124658,NA,R1111
8/3/2025 8:30,NA,6.108973241,NA,R1111
8/3/2025 9:00,NA,7.682698697,NA,R1111
8/3/2025 9:30,NA,9.530244452,NA,R1111
8/3/2025 10:00,NA,11.27094442,NA,R1111
8/3/2025 10:30,NA,13.37497027,NA,R1111
8/3/2025 11:00,NA,14.28372222,NA,R1111
8/3/2025 11:30,NA,14.84897512,NA,R1111
8/3/2025 12:00,NA,15.20692113,NA,R1111
8/3/2025 12:30,NA,15.42634259,NA,R1111
8/3/2025 13:00,NA,16.38263157,NA,R1111
8/3/2025 13:30,NA,17.82341279,NA,R1111
8/3/2025 14:00,NA,17.4659086,NA,R1111
8/3/2025 14:30,NA,15.72900445,NA,R1111
8/3/2025 15:00,NA,14.47042095,NA,R1111
8/3/2025 15:30,NA,12.7371698,NA,R1111
8/3/2025 16:00,NA,11.73846858,NA,R1111
8/3/2025 16:30,NA,10.67063924,NA,R1111
8/3/2025 17:00,NA,8.808041474,NA,R1111
8/3/2025 17:30,NA,6.626440522,NA,R1111
8/3/2025 18:00,NA,4.607549761,NA,R1111
8/3/2025 18:30,NA,4.116202371,NA,R1111
8/3/2025 19:00,NA,3.927544084,NA,R1111
8/3/2025 19:30,NA,3.849446779,NA,R1111
8/3/2025 20:00,NA,2.261685635,NA,R1111
8/3/2025 20:30,NA,3.087992283,NA,R1111
8/3/2025 21:00,NA,2.931118951,NA,R1111
8/3/2025 21:30,NA,2.84734701,NA,R1111
8/3/2025 22:00,NA,3.033426717,NA,R1111
8/3/2025 22:30,NA,3.101265912,NA,R1111
8/3/2025 23:00,NA,3.108974212,NA,R1111
8/3/2025 23:30,NA,3.137261753,NA,R1111
8/4/2025 0:00,NA,2.955143887,NA,R1111
8/4/2025 0:30,NA,2.989938474,NA,R1111
8/4/2025 1:00,NA,2.776967192,NA,R1111
8/4/2025 1:30,NA,2.917161053,NA,R1111
8/4/2025 2:00,NA,2.977757025,NA,R1111
8/4/2025 2:30,NA,2.970513579,NA,R1111
8/4/2025 3:00,NA,3.028835789,NA,R1111
8/4/2025 3:30,NA,2.976538956,NA,R1111
8/4/2025 4:00,NA,2.715782254,NA,R1111
8/4/2025 4:30,NA,2.875004431,NA,R1111
8/4/2025 5:00,NA,2.758250816,NA,R1111
8/4/2025 5:30,NA,3.034641724,NA,R1111
8/4/2025 6:00,NA,3.25220779,NA,R1111
8/4/2025 6:30,NA,5.357220216,NA,R1111
8/4/2025 7:00,NA,8.633005684,NA,R1111
8/4/2025 7:30,NA,11.0194929,NA,R1111
8/4/2025 8:00,NA,10.44836647,NA,R1111
8/4/2025 8:30,NA,8.395076127,NA,R1111
8/4/2025 9:00,NA,9.44313854,NA,R1111
8/4/2025 9:30,NA,10.40294767,NA,R1111
8/4/2025 10:00,NA,12.34051014,NA,R1111
8/4/2025 10:30,NA,14.67892732,NA,R1111
8/4/2025 11:00,NA,15.85801357,NA,R1111
8/4/2025 11:30,NA,14.47664336,NA,R1111
8/4/2025 12:00,NA,16.21666982,NA,R1111
8/4/2025 12:30,NA,16.09888343,NA,R1111
8/4/2025 13:00,NA,18.26617342,NA,R1111
8/4/2025 13:30,NA,17.42582226,NA,R1111
8/4/2025 14:00,NA,17.52108148,NA,R1111
8/4/2025 14:30,NA,16.56860412,NA,R1111
8/4/2025 15:00,NA,15.0434248,NA,R1111
8/4/2025 15:30,NA,13.40458614,NA,R1111
8/4/2025 16:00,NA,12.12054635,NA,R1111
8/4/2025 16:30,NA,11.13887386,NA,R1111
8/4/2025 17:00,NA,9.434349443,NA,R1111
8/4/2025 17:30,NA,7.303564268,NA,R1111
8/4/2025 18:00,NA,5.370749338,NA,R1111
8/4/2025 18:30,NA,4.840901477,NA,R1111
8/4/2025 19:00,NA,4.170488034,NA,R1111
8/4/2025 19:30,NA,3.851489999,NA,R1111
8/4/2025 20:00,NA,3.418468168,NA,R1111
8/4/2025 20:30,NA,3.49128741,NA,R1111
8/4/2025 21:00,NA,3.667248858,NA,R1111
8/4/2025 21:30,NA,3.69513739,NA,R1111
8/4/2025 22:00,NA,3.642066154,NA,R1111
8/4/2025 22:30,NA,3.453897931,NA,R1111
8/4/2025 23:00,NA,3.594496933,NA,R1111
8/4/2025 23:30,NA,3.533747006,NA,R1111
8/5/2025 0:00,NA,3.466591882,NA,R1111
8/5/2025 0:30,NA,2.276341889,NA,R1111
8/5/2025 1:00,NA,1.916433795,NA,R1111
8/5/2025 1:30,NA,1.545668289,NA,R1111
8/5/2025 2:00,NA,1.679306976,NA,R1111
8/5/2025 2:30,NA,1.550902868,NA,R1111
8/5/2025 3:00,NA,1.503421694,NA,R1111
8/5/2025 3:30,NA,1.557608561,NA,R1111
8/5/2025 4:00,NA,1.5985399,NA,R1111
8/5/2025 4:30,NA,1.814974086,NA,R1111
8/5/2025 5:00,NA,1.806665533,NA,R1111
8/5/2025 5:30,NA,2.055000964,NA,R1111
8/5/2025 6:00,NA,2.027029124,NA,R1111
8/5/2025 6:30,NA,2.171478401,NA,R1111
8/5/2025 7:00,NA,2.642795341,NA,R1111
8/5/2025 7:30,NA,3.757463691,NA,R1111
8/5/2025 8:00,NA,4.605613253,NA,R1111
8/5/2025 8:30,NA,5.694078727,NA,R1111
8/5/2025 9:00,NA,7.140986021,NA,R1111
8/5/2025 9:30,NA,8.688510064,NA,R1111
8/5/2025 10:00,NA,9.694920028,NA,R1111
8/5/2025 10:30,NA,11.78957456,NA,R1111
8/5/2025 11:00,NA,11.73517344,NA,R1111
8/5/2025 11:30,NA,11.90491475,NA,R1111
8/5/2025 12:00,NA,12.60129387,NA,R1111
8/5/2025 12:30,NA,11.44416999,NA,R1111
8/5/2025 13:00,NA,13.30739511,NA,R1111
8/5/2025 13:30,NA,15.68132643,NA,R1111
8/5/2025 14:00,NA,12.59410445,NA,R1111
8/5/2025 14:30,NA,13.74916048,NA,R1111
8/5/2025 15:00,NA,13.72307998,NA,R1111
8/5/2025 15:30,NA,13.46855653,NA,R1111
8/5/2025 16:00,NA,13.20126972,NA,R1111
8/5/2025 16:30,NA,12.05422409,NA,R1111
8/5/2025 17:00,NA,8.710027645,NA,R1111
8/5/2025 17:30,NA,5.889800555,NA,R1111
8/5/2025 18:00,NA,5.170469296,NA,R1111
8/5/2025 18:30,NA,4.290787911,NA,R1111
8/5/2025 19:00,NA,3.447903091,NA,R1111
8/5/2025 19:30,NA,5.09609533,NA,R1111
8/5/2025 20:00,NA,2.433362668,NA,R1111
8/5/2025 20:30,NA,2.763629794,NA,R1111
8/5/2025 21:00,NA,2.915571123,NA,R1111
8/5/2025 21:30,NA,2.84748983,NA,R1111
8/5/2025 22:00,NA,3.073650809,NA,R1111
8/5/2025 22:30,NA,3.069295503,NA,R1111
8/5/2025 23:00,NA,3.137764975,NA,R1111
8/5/2025 23:30,NA,3.264676708,NA,R1111
8/6/2025 0:00,NA,3.158682193,NA,R1111
8/6/2025 0:30,NA,3.40694993,NA,R1111
8/6/2025 1:00,NA,3.333236081,NA,R1111
8/6/2025 1:30,NA,3.351390486,NA,R1111
8/6/2025 2:00,NA,3.536690625,NA,R1111
8/6/2025 2:30,NA,3.346441888,NA,R1111
8/6/2025 3:00,NA,3.520567894,NA,R1111
8/6/2025 3:30,NA,3.408214029,NA,R1111
8/6/2025 4:00,NA,3.196055081,NA,R1111
8/6/2025 4:30,NA,3.278331932,NA,R1111
8/6/2025 5:00,NA,3.389614781,NA,R1111
8/6/2025 5:30,NA,3.476080524,NA,R1111
8/6/2025 6:00,NA,3.504056012,NA,R1111
8/6/2025 6:30,NA,4.274160283,NA,R1111
8/6/2025 7:00,NA,7.189279333,NA,R1111
8/6/2025 7:30,NA,9.843303655,NA,R1111
8/6/2025 8:00,NA,11.44367177,NA,R1111
8/6/2025 8:30,NA,12.4696102,NA,R1111
8/6/2025 9:00,NA,9.89454783,NA,R1111
8/6/2025 9:30,NA,10.44859001,NA,R1111
8/6/2025 10:00,NA,10.12112664,NA,R1111
8/6/2025 10:30,NA,11.26041713,NA,R1111
8/6/2025 11:00,NA,12.00936099,NA,R1111
8/6/2025 11:30,NA,11.76223266,NA,R1111
8/6/2025 12:00,NA,9.790969854,NA,R1111
8/6/2025 12:30,NA,8.393939924,NA,R1111
8/6/2025 13:00,NA,9.562360912,NA,R1111
8/6/2025 13:30,NA,12.65945413,NA,R1111
8/6/2025 14:00,NA,12.94825812,NA,R1111
8/6/2025 14:30,NA,11.1696453,NA,R1111
8/6/2025 15:00,NA,9.987974002,NA,R1111
8/6/2025 15:30,NA,9.0835356,NA,R1111
8/6/2025 16:00,NA,9.07615052,NA,R1111
8/6/2025 16:30,NA,9.110437543,NA,R1111
8/6/2025 17:00,NA,8.171123556,NA,R1111
8/6/2025 17:30,NA,6.705885829,NA,R1111
8/6/2025 18:00,NA,5.031705214,NA,R1111
8/6/2025 18:30,NA,4.593917887,NA,R1111
8/6/2025 19:00,NA,3.936123262,NA,R1111
8/6/2025 19:30,NA,3.520895778,NA,R1111
8/6/2025 20:00,NA,4.31290976,NA,R1111
8/6/2025 20:30,NA,3.295560747,NA,R1111
8/6/2025 21:00,NA,3.20559979,NA,R1111
8/6/2025 21:30,NA,3.045300669,NA,R1111
8/6/2025 22:00,NA,3.320308797,NA,R1111
8/6/2025 22:30,NA,3.241105974,NA,R1111
8/6/2025 23:00,NA,3.37805503,NA,R1111
8/6/2025 23:30,NA,3.496001427,NA,R1111
8/7/2025 0:00,NA,3.604392262,NA,R1111
8/7/2025 0:30,NA,2.682869632,NA,R1111
8/7/2025 1:00,NA,2.341959561,NA,R1111
8/7/2025 1:30,NA,2.076304903,NA,R1111
8/7/2025 2:00,NA,1.981456566,NA,R1111
8/7/2025 2:30,NA,1.825705206,NA,R1111
8/7/2025 3:00,NA,1.943607665,NA,R1111
8/7/2025 3:30,NA,2.062634495,NA,R1111
8/7/2025 4:00,NA,1.943726216,NA,R1111
8/7/2025 4:30,NA,2.075789102,NA,R1111
8/7/2025 5:00,NA,2.340136539,NA,R1111
8/7/2025 5:30,NA,2.319384629,NA,R1111
8/7/2025 6:00,NA,2.4200874,NA,R1111
8/7/2025 6:30,NA,2.771367941,NA,R1111
8/7/2025 7:00,NA,3.244372528,NA,R1111
8/7/2025 7:30,NA,4.586162586,NA,R1111
8/7/2025 8:00,NA,5.99179741,NA,R1111
8/7/2025 8:30,NA,7.255900486,NA,R1111
8/7/2025 9:00,NA,8.800306006,NA,R1111
8/7/2025 9:30,NA,10.82614624,NA,R1111
8/7/2025 10:00,NA,12.08528822,NA,R1111
8/7/2025 10:30,NA,13.85456578,NA,R1111
8/7/2025 11:00,NA,15.34645625,NA,R1111
8/7/2025 11:30,NA,15.37174744,NA,R1111
8/7/2025 12:00,NA,16.24874866,NA,R1111
8/7/2025 12:30,NA,16.07135356,NA,R1111
8/7/2025 13:00,NA,16.8255893,NA,R1111
8/7/2025 13:30,NA,18.85821126,NA,R1111
8/7/2025 14:00,NA,18.86555409,NA,R1111
8/7/2025 14:30,NA,16.98050411,NA,R1111
8/7/2025 15:00,NA,15.88363168,NA,R1111
8/7/2025 15:30,NA,15.29363965,NA,R1111
8/7/2025 16:00,NA,14.50965003,NA,R1111
8/7/2025 16:30,NA,12.17742558,NA,R1111
8/7/2025 17:00,NA,10.59667912,NA,R1111
8/7/2025 17:30,NA,8.754013186,NA,R1111
8/7/2025 18:00,NA,6.601846916,NA,R1111
8/7/2025 18:30,NA,5.509779627,NA,R1111
8/7/2025 19:00,NA,3.570997435,NA,R1111
8/7/2025 19:30,NA,3.614007412,NA,R1111
8/7/2025 20:00,NA,3.553811546,NA,R1111
8/7/2025 20:30,NA,3.614257635,NA,R1111
8/7/2025 21:00,NA,3.601976742,NA,R1111
8/7/2025 21:30,NA,3.493015347,NA,R1111
8/7/2025 22:00,NA,3.717499958,NA,R1111
8/7/2025 22:30,NA,3.846485202,NA,R1111
8/7/2025 23:00,NA,3.465859376,NA,R1111
8/7/2025 23:30,NA,3.673480248,NA,R1111
8/8/2025 0:00,NA,3.75743001,NA,R1111
8/8/2025 0:30,NA,3.635821029,NA,R1111
8/8/2025 1:00,NA,3.650471404,NA,R1111
8/8/2025 1:30,NA,3.603983754,NA,R1111
8/8/2025 2:00,NA,3.674816294,NA,R1111
8/8/2025 2:30,NA,3.546547654,NA,R1111
8/8/2025 3:00,NA,3.462176209,NA,R1111
8/8/2025 3:30,NA,3.431481214,NA,R1111
8/8/2025 4:00,NA,3.412708697,NA,R1111
8/8/2025 4:30,NA,3.273993919,NA,R1111
8/8/2025 5:00,NA,3.251951351,NA,R1111
8/8/2025 5:30,NA,3.557411368,NA,R1111
8/8/2025 6:00,NA,4.638445027,NA,R1111
8/8/2025 6:30,NA,5.666239755,NA,R1111
8/8/2025 7:00,NA,8.556411611,NA,R1111
8/8/2025 7:30,NA,11.33320207,NA,R1111
8/8/2025 8:00,NA,12.71188688,NA,R1111
8/8/2025 8:30,NA,14.69625504,NA,R1111
8/8/2025 9:00,NA,15.12911887,NA,R1111
8/8/2025 9:30,NA,15.37570523,NA,R1111
8/8/2025 10:00,NA,11.88314617,NA,R1111
8/8/2025 10:30,NA,13.6485813,NA,R1111
8/8/2025 11:00,NA,14.37682859,NA,R1111
8/8/2025 11:30,NA,14.73393111,NA,R1111
8/8/2025 12:00,NA,15.36296783,NA,R1111
8/8/2025 12:30,NA,15.73576429,NA,R1111
8/8/2025 13:00,NA,16.84682085,NA,R1111
8/8/2025 13:30,NA,17.98146928,NA,R1111
8/8/2025 14:00,NA,18.11804987,NA,R1111
8/8/2025 14:30,NA,16.87729384,NA,R1111
8/8/2025 15:00,NA,15.82373716,NA,R1111
8/8/2025 15:30,NA,14.44266107,NA,R1111
8/8/2025 16:00,NA,13.60167295,NA,R1111
8/8/2025 16:30,NA,12.89233224,NA,R1111
8/8/2025 17:00,NA,12.14955258,NA,R1111
8/8/2025 17:30,NA,9.395485461,NA,R1111
8/8/2025 18:00,NA,7.345503054,NA,R1111
8/8/2025 18:30,NA,5.971360371,NA,R1111
8/8/2025 19:00,NA,4.3442557,NA,R1111
8/8/2025 19:30,NA,3.880224728,NA,R1111
8/8/2025 20:00,NA,5.040536043,NA,R1111
8/8/2025 20:30,NA,3.325914611,NA,R1111
8/8/2025 21:00,NA,3.219725736,NA,R1111
8/8/2025 21:30,NA,3.301448376,NA,R1111
8/8/2025 22:00,NA,3.391642085,NA,R1111
8/8/2025 22:30,NA,3.432542992,NA,R1111
8/8/2025 23:00,NA,3.458615534,NA,R1111
8/8/2025 23:30,NA,3.757299427,NA,R1111
8/9/2025 0:00,NA,3.458517923,NA,R1111
8/9/2025 0:30,NA,3.62417447,NA,R1111
8/9/2025 1:00,NA,3.508955632,NA,R1111
8/9/2025 1:30,NA,3.188938101,NA,R1111
8/9/2025 2:00,NA,3.289524353,NA,R1111
8/9/2025 2:30,NA,3.059515861,NA,R1111
8/9/2025 3:00,NA,3.222374019,NA,R1111
8/9/2025 3:30,NA,3.27814511,NA,R1111
8/9/2025 4:00,NA,3.153347168,NA,R1111
8/9/2025 4:30,NA,2.977439165,NA,R1111
8/9/2025 5:00,NA,3.245977463,NA,R1111
8/9/2025 5:30,NA,3.349632639,NA,R1111
8/9/2025 6:00,NA,3.400164607,NA,R1111
8/9/2025 6:30,NA,3.844242837,NA,R1111
8/9/2025 7:00,NA,4.71134986,NA,R1111
8/9/2025 7:30,NA,7.437742299,NA,R1111
8/9/2025 8:00,NA,7.298374659,NA,R1111
8/9/2025 8:30,NA,7.055131887,NA,R1111
8/9/2025 9:00,NA,7.668569912,NA,R1111
8/9/2025 9:30,NA,9.846750434,NA,R1111
8/9/2025 10:00,NA,12.29465096,NA,R1111
8/9/2025 10:30,NA,14.00917425,NA,R1111
8/9/2025 11:00,NA,15.6703945,NA,R1111
8/9/2025 11:30,NA,14.50864479,NA,R1111
8/9/2025 12:00,NA,14.32020701,NA,R1111
8/9/2025 12:30,NA,14.72856534,NA,R1111
8/9/2025 13:00,NA,15.53717573,NA,R1111
8/9/2025 13:30,NA,17.15747567,NA,R1111
8/9/2025 14:00,NA,16.66714406,NA,R1111
8/9/2025 14:30,NA,14.61823663,NA,R1111
8/9/2025 15:00,NA,13.3771699,NA,R1111
8/9/2025 15:30,NA,12.16241662,NA,R1111
8/9/2025 16:00,NA,10.61500513,NA,R1111
8/9/2025 16:30,NA,11.56512569,NA,R1111
8/9/2025 17:00,NA,9.6919224,NA,R1111
8/9/2025 17:30,NA,7.944549884,NA,R1111
8/9/2025 18:00,NA,5.880457306,NA,R1111
8/9/2025 18:30,NA,4.880273414,NA,R1111
8/9/2025 19:00,NA,3.788436526,NA,R1111
8/9/2025 19:30,NA,3.182417278,NA,R1111
8/9/2025 20:00,NA,2.892906361,NA,R1111
8/9/2025 20:30,NA,2.885125384,NA,R1111
8/9/2025 21:00,NA,2.720965393,NA,R1111
8/9/2025 21:30,NA,2.758075525,NA,R1111
8/9/2025 22:00,NA,2.755933017,NA,R1111
8/9/2025 22:30,NA,2.907867055,NA,R1111
8/9/2025 23:00,NA,2.870493207,NA,R1111
8/9/2025 23:30,NA,2.980740555,NA,R1111
8/10/2025 0:00,NA,2.916074383,NA,R1111
8/10/2025 0:30,NA,2.255083914,NA,R1111
8/10/2025 1:00,NA,2.209096621,NA,R1111
8/10/2025 1:30,NA,2.083321142,NA,R1111
8/10/2025 2:00,NA,1.955200645,NA,R1111
8/10/2025 2:30,NA,1.910816001,NA,R1111
8/10/2025 3:00,NA,1.800051441,NA,R1111
8/10/2025 3:30,NA,1.944178465,NA,R1111
8/10/2025 4:00,NA,2.382896247,NA,R1111
8/10/2025 4:30,NA,2.344611697,NA,R1111
8/10/2025 5:00,NA,2.293900579,NA,R1111
8/10/2025 5:30,NA,2.339073667,NA,R1111
8/10/2025 6:00,NA,2.484653154,NA,R1111
8/10/2025 6:30,NA,2.443874194,NA,R1111
8/10/2025 7:00,NA,2.651474847,NA,R1111
8/10/2025 7:30,NA,3.617366485,NA,R1111
8/10/2025 8:00,NA,4.193519323,NA,R1111
8/10/2025 8:30,NA,4.510129785,NA,R1111
8/10/2025 9:00,NA,5.589688075,NA,R1111
8/10/2025 9:30,NA,8.376765073,NA,R1111
8/10/2025 10:00,NA,11.6826629,NA,R1111
8/10/2025 10:30,NA,11.23429916,NA,R1111
8/10/2025 11:00,NA,11.20842098,NA,R1111
8/10/2025 11:30,NA,13.68921969,NA,R1111
8/10/2025 12:00,NA,14.1354699,NA,R1111
8/10/2025 12:30,NA,14.59658027,NA,R1111
8/10/2025 13:00,NA,15.99417339,NA,R1111
8/10/2025 13:30,NA,17.5903315,NA,R1111
8/10/2025 14:00,NA,17.5497445,NA,R1111
8/10/2025 14:30,NA,16.07418426,NA,R1111
8/10/2025 15:00,NA,13.58549897,NA,R1111
8/10/2025 15:30,NA,11.80190528,NA,R1111
8/10/2025 16:00,NA,10.71945843,NA,R1111
8/10/2025 16:30,NA,8.937641082,NA,R1111
8/10/2025 17:00,NA,9.407594495,NA,R1111
8/10/2025 17:30,NA,8.620805033,NA,R1111
8/10/2025 18:00,NA,7.350280816,NA,R1111
8/10/2025 18:30,NA,6.436061957,NA,R1111
8/10/2025 19:00,NA,5.28773113,NA,R1111
8/10/2025 19:30,NA,4.909829791,NA,R1111
8/10/2025 20:00,NA,4.629673496,NA,R1111
8/10/2025 20:30,NA,4.547253477,NA,R1111
8/10/2025 21:00,NA,4.386577695,NA,R1111
8/10/2025 21:30,NA,4.528421264,NA,R1111
8/10/2025 22:00,NA,4.581708463,NA,R1111
8/10/2025 22:30,NA,4.557825364,NA,R1111
8/10/2025 23:00,NA,4.618778627,NA,R1111
8/10/2025 23:30,NA,4.440422089,NA,R1111
8/11/2025 0:00,NA,4.789612767,NA,R1111
8/11/2025 0:30,NA,4.585315834,NA,R1111
8/11/2025 1:00,NA,4.575806076,NA,R1111
8/11/2025 1:30,NA,4.631552033,NA,R1111
8/11/2025 2:00,NA,4.730119964,NA,R1111
8/11/2025 2:30,NA,4.468260232,NA,R1111
8/11/2025 3:00,NA,4.619246142,NA,R1111
8/11/2025 3:30,NA,4.806718465,NA,R1111
8/11/2025 4:00,NA,4.748986223,NA,R1111
8/11/2025 4:30,NA,5.120941955,NA,R1111
8/11/2025 5:00,NA,4.83529421,NA,R1111
8/11/2025 5:30,NA,4.959246716,NA,R1111
8/11/2025 6:00,NA,4.898566758,NA,R1111
8/11/2025 6:30,NA,6.619229544,NA,R1111
8/11/2025 7:00,NA,9.689852863,NA,R1111
8/11/2025 7:30,NA,9.438050892,NA,R1111
8/11/2025 8:00,NA,8.261717703,NA,R1111
8/11/2025 8:30,NA,8.562055337,NA,R1111
8/11/2025 9:00,NA,10.60320577,NA,R1111
8/11/2025 9:30,NA,11.35581222,NA,R1111
8/11/2025 10:00,NA,13.71005466,NA,R1111
8/11/2025 10:30,NA,16.78849269,NA,R1111
8/11/2025 11:00,NA,16.32549726,NA,R1111
8/11/2025 11:30,NA,16.83486245,NA,R1111
8/11/2025 12:00,NA,16.84532729,NA,R1111
8/11/2025 12:30,NA,17.30835522,NA,R1111
8/11/2025 13:00,NA,18.48494349,NA,R1111
8/11/2025 13:30,NA,24.84636995,NA,R1111
8/11/2025 14:00,NA,19.91089598,NA,R1111
8/11/2025 14:30,NA,16.9836181,NA,R1111
8/11/2025 15:00,NA,16.17750044,NA,R1111
8/11/2025 15:30,NA,14.31449251,NA,R1111
8/11/2025 16:00,NA,11.69735622,NA,R1111
8/11/2025 16:30,NA,12.0963276,NA,R1111
8/11/2025 17:00,NA,10.92998536,NA,R1111
8/11/2025 17:30,NA,9.230589515,NA,R1111
8/11/2025 18:00,NA,7.462805295,NA,R1111
8/11/2025 18:30,NA,6.253680101,NA,R1111
8/11/2025 19:00,NA,5.400524414,NA,R1111
8/11/2025 19:30,NA,5.093598774,NA,R1111
8/11/2025 20:00,NA,4.908286133,NA,R1111
8/11/2025 20:30,NA,4.312241956,NA,R1111
8/11/2025 21:00,NA,4.043642866,NA,R1111
8/11/2025 21:30,NA,5.378216992,NA,R1111
8/11/2025 22:00,NA,5.224431643,NA,R1111
8/11/2025 22:30,NA,5.007865031,NA,R1111
8/11/2025 23:00,NA,5.342408011,NA,R1111
8/11/2025 23:30,NA,5.173768196,NA,R1111
8/12/2025 0:00,NA,5.426332182,NA,R1111
8/12/2025 0:30,NA,3.375534543,NA,R1111
8/12/2025 1:00,NA,4.17949742,NA,R1111
8/12/2025 1:30,NA,3.958950851,NA,R1111
8/12/2025 2:00,NA,3.850234478,NA,R1111
8/12/2025 2:30,NA,3.903528091,NA,R1111
8/12/2025 3:00,NA,3.843935017,NA,R1111
8/12/2025 3:30,NA,3.662863907,NA,R1111
8/12/2025 4:00,NA,3.598286298,NA,R1111
8/12/2025 4:30,NA,3.530764421,NA,R1111
8/12/2025 5:00,NA,3.724868981,NA,R1111
8/12/2025 5:30,NA,3.489201651,NA,R1111
8/12/2025 6:00,NA,3.240697144,NA,R1111
8/12/2025 6:30,NA,3.839381694,NA,R1111
8/12/2025 7:00,NA,4.534690564,NA,R1111
8/12/2025 7:30,NA,5.987898116,NA,R1111
8/12/2025 8:00,NA,7.203574878,NA,R1111
8/12/2025 8:30,NA,8.426156661,NA,R1111
8/12/2025 9:00,NA,9.9246128,NA,R1111
8/12/2025 9:30,NA,11.63115288,NA,R1111
8/12/2025 10:00,NA,14.01969327,NA,R1111
8/12/2025 10:30,NA,15.75062321,NA,R1111
8/12/2025 11:00,NA,16.29144856,NA,R1111
8/12/2025 11:30,NA,16.60348478,NA,R1111
8/12/2025 12:00,NA,16.98857066,NA,R1111
8/12/2025 12:30,NA,19.12293811,NA,R1111
8/12/2025 13:00,NA,17.86099277,NA,R1111
8/12/2025 13:30,NA,16.92098754,NA,R1111
8/12/2025 14:00,NA,17.43963517,NA,R1111
8/12/2025 14:30,NA,16.32878797,NA,R1111
8/12/2025 15:00,NA,15.65821379,NA,R1111
8/12/2025 15:30,NA,14.23367811,NA,R1111
8/12/2025 16:00,NA,13.67591528,NA,R1111
8/12/2025 16:30,NA,12.80302471,NA,R1111
8/12/2025 17:00,NA,10.99063351,NA,R1111
8/12/2025 17:30,NA,9.45100185,NA,R1111
8/12/2025 18:00,NA,6.673323177,NA,R1111
8/12/2025 18:30,NA,6.3215903,NA,R1111
8/12/2025 19:00,NA,5.369416029,NA,R1111
8/12/2025 19:30,NA,5.103794392,NA,R1111
8/12/2025 20:00,NA,4.708682129,NA,R1111
8/12/2025 20:30,NA,4.595787918,NA,R1111
8/12/2025 21:00,NA,5.115204213,NA,R1111
8/12/2025 21:30,NA,4.692991297,NA,R1111
8/12/2025 22:00,NA,5.009063581,NA,R1111
8/12/2025 22:30,NA,4.993034549,NA,R1111
8/12/2025 23:00,NA,3.98719985,NA,R1111
8/12/2025 23:30,NA,5.3734054,NA,R1111
8/13/2025 0:00,NA,4.554023716,NA,R1111
8/13/2025 0:30,NA,3.954516506,NA,R1111
8/13/2025 1:00,NA,4.161424576,NA,R1111
8/13/2025 1:30,NA,3.974805424,NA,R1111
8/13/2025 2:00,NA,3.984497596,NA,R1111
8/13/2025 2:30,NA,3.800643947,NA,R1111
8/13/2025 3:00,NA,3.694254667,NA,R1111
8/13/2025 3:30,NA,3.797671227,NA,R1111
8/13/2025 4:00,NA,3.821196264,NA,R1111
8/13/2025 4:30,NA,3.873728243,NA,R1111
8/13/2025 5:00,NA,4.036051897,NA,R1111
8/13/2025 5:30,NA,4.109169814,NA,R1111
8/13/2025 6:00,NA,4.180235247,NA,R1111
8/13/2025 6:30,NA,4.280161756,NA,R1111
8/13/2025 7:00,NA,4.91574037,NA,R1111
8/13/2025 7:30,NA,7.086554061,NA,R1111
8/13/2025 8:00,NA,8.869348341,NA,R1111
8/13/2025 8:30,NA,9.680232616,NA,R1111
8/13/2025 9:00,NA,12.03479438,NA,R1111
8/13/2025 9:30,NA,13.89921814,NA,R1111
8/13/2025 10:00,NA,16.95771112,NA,R1111
8/13/2025 10:30,NA,17.91244075,NA,R1111
8/13/2025 11:00,NA,18.45088382,NA,R1111
8/13/2025 11:30,NA,17.0305541,NA,R1111
8/13/2025 12:00,NA,18.34420665,NA,R1111
8/13/2025 12:30,NA,18.91663701,NA,R1111
8/13/2025 13:00,NA,33.58881472,NA,R1111
8/13/2025 13:30,NA,19.82377179,NA,R1111
8/13/2025 14:00,NA,19.91916271,NA,R1111
8/13/2025 14:30,NA,18.92671293,NA,R1111
8/13/2025 15:00,NA,21.24286781,NA,R1111
8/13/2025 15:30,NA,16.76402967,NA,R1111
8/13/2025 16:00,NA,19.18781682,NA,R1111
8/13/2025 16:30,NA,22.31621563,NA,R1111
8/13/2025 17:00,NA,13.23046781,NA,R1111
8/13/2025 17:30,NA,10.4941248,NA,R1111
8/13/2025 18:00,NA,8.263338345,NA,R1111
8/13/2025 18:30,NA,7.374993489,NA,R1111
8/13/2025 19:00,NA,6.560009886,NA,R1111
8/13/2025 19:30,NA,5.522379468,NA,R1111
8/13/2025 20:00,NA,5.35225865,NA,R1111
8/13/2025 20:30,NA,5.138755932,NA,R1111
8/13/2025 21:00,NA,5.051132395,NA,R1111
8/13/2025 21:30,NA,5.294899425,NA,R1111
8/13/2025 22:00,NA,5.187264723,NA,R1111
8/13/2025 22:30,NA,5.056635246,NA,R1111
8/13/2025 23:00,NA,4.948967198,NA,R1111
8/13/2025 23:30,NA,5.135832228,NA,R1111
8/14/2025 0:00,NA,7.508527209,NA,R1111
8/14/2025 0:30,NA,4.009216495,NA,R1111
8/14/2025 1:00,NA,3.82322165,NA,R1111
8/14/2025 1:30,NA,3.511299712,NA,R1111
8/14/2025 2:00,NA,3.526209554,NA,R1111
8/14/2025 2:30,NA,3.283292298,NA,R1111
8/14/2025 3:00,NA,3.348546375,NA,R1111
8/14/2025 3:30,NA,3.446770921,NA,R1111
8/14/2025 4:00,NA,3.474246729,NA,R1111
8/14/2025 4:30,NA,3.4798148,NA,R1111
8/14/2025 5:00,NA,3.695163788,NA,R1111
8/14/2025 5:30,NA,3.612697348,NA,R1111
8/14/2025 6:00,NA,3.826273245,NA,R1111
8/14/2025 6:30,NA,3.919805986,NA,R1111
8/14/2025 7:00,NA,4.267440912,NA,R1111
8/14/2025 7:30,NA,5.117753863,NA,R1111
8/14/2025 8:00,NA,5.450580187,NA,R1111
8/14/2025 8:30,NA,5.297336047,NA,R1111
8/14/2025 9:00,NA,6.156868701,NA,R1111
8/14/2025 9:30,NA,7.039096739,NA,R1111
8/14/2025 10:00,NA,8.01259012,NA,R1111
8/14/2025 10:30,NA,8.955197446,NA,R1111
8/14/2025 11:00,NA,9.965407083,NA,R1111
8/14/2025 11:30,NA,10.89928377,NA,R1111
8/14/2025 12:00,NA,11.95537109,NA,R1111
8/14/2025 12:30,NA,13.83544506,NA,R1111
8/14/2025 13:00,NA,16.23524758,NA,R1111
8/14/2025 13:30,NA,18.47656725,NA,R1111
8/14/2025 14:00,NA,18.59570683,NA,R1111
8/14/2025 14:30,NA,17.39462207,NA,R1111
8/14/2025 15:00,NA,14.65974246,NA,R1111
8/14/2025 15:30,NA,14.9509632,NA,R1111
8/14/2025 16:00,NA,14.69037502,NA,R1111
8/14/2025 16:30,NA,14.58987332,NA,R1111
8/14/2025 17:00,NA,12.73856238,NA,R1111
8/14/2025 17:30,NA,11.38487473,NA,R1111
8/14/2025 18:00,NA,9.401087923,NA,R1111
8/14/2025 18:30,NA,7.324231093,NA,R1111
8/14/2025 19:00,NA,5.897757397,NA,R1111
8/14/2025 19:30,NA,5.072686028,NA,R1111
8/14/2025 20:00,NA,5.011487544,NA,R1111
8/14/2025 20:30,NA,4.953579225,NA,R1111
8/14/2025 21:00,NA,5.002159753,NA,R1111
8/14/2025 21:30,NA,4.916760342,NA,R1111
8/14/2025 22:00,NA,4.937370172,NA,R1111
8/14/2025 22:30,NA,4.974186939,NA,R1111
8/14/2025 23:00,NA,5.215001101,NA,R1111
8/14/2025 23:30,NA,5.086792208,NA,R1111
8/15/2025 0:00,NA,5.136547094,NA,R1111
8/15/2025 0:30,NA,5.132783161,NA,R1111
8/15/2025 1:00,NA,5.089685868,NA,R1111
8/15/2025 1:30,NA,5.074783451,NA,R1111
8/15/2025 2:00,NA,5.017788529,NA,R1111
8/15/2025 2:30,NA,4.750291259,NA,R1111
8/15/2025 3:00,NA,4.359259523,NA,R1111
8/15/2025 3:30,NA,4.68695384,NA,R1111
8/15/2025 4:00,NA,4.907894297,NA,R1111
8/15/2025 4:30,NA,4.720599173,NA,R1111
8/15/2025 5:00,NA,4.924435227,NA,R1111
8/15/2025 5:30,NA,4.94071294,NA,R1111
8/15/2025 6:00,NA,5.008800171,NA,R1111
8/15/2025 6:30,NA,4.949532473,NA,R1111
8/15/2025 7:00,NA,5.84643942,NA,R1111
8/15/2025 7:30,NA,8.522402069,NA,R1111
8/15/2025 8:00,NA,12.56605518,NA,R1111
8/15/2025 8:30,NA,13.95111609,NA,R1111
8/15/2025 9:00,NA,13.37011201,NA,R1111
8/15/2025 9:30,NA,9.514437733,NA,R1111
8/15/2025 10:00,NA,8.47947073,NA,R1111
8/15/2025 10:30,NA,8.271510415,NA,R1111
8/15/2025 11:00,NA,11.22974898,NA,R1111
8/15/2025 11:30,NA,13.62258048,NA,R1111
8/15/2025 12:00,NA,14.85716549,NA,R1111
8/15/2025 12:30,NA,14.18109999,NA,R1111
8/15/2025 13:00,NA,14.00061872,NA,R1111
8/15/2025 13:30,NA,14.75406208,NA,R1111
8/15/2025 14:00,NA,15.46914049,NA,R1111
8/15/2025 14:30,NA,15.43042786,NA,R1111
8/15/2025 15:00,NA,15.01591511,NA,R1111
8/15/2025 15:30,NA,14.62035621,NA,R1111
8/15/2025 16:00,NA,14.40560414,NA,R1111
8/15/2025 16:30,NA,13.37263591,NA,R1111
8/15/2025 17:00,NA,11.29944406,NA,R1111
8/15/2025 17:30,NA,9.455924067,NA,R1111
8/15/2025 18:00,NA,7.676031614,NA,R1111
8/15/2025 18:30,NA,5.028055368,NA,R1111
8/15/2025 19:00,NA,5.335265203,NA,R1111
8/15/2025 19:30,NA,5.065265357,NA,R1111
8/15/2025 20:00,NA,5.22624891,NA,R1111
8/15/2025 20:30,NA,5.050280463,NA,R1111
8/15/2025 21:00,NA,4.830785485,NA,R1111
8/15/2025 21:30,NA,5.002011571,NA,R1111
8/15/2025 22:00,NA,4.99168703,NA,R1111
8/15/2025 22:30,NA,4.903939612,NA,R1111
8/15/2025 23:00,NA,4.91880527,NA,R1111
8/15/2025 23:30,NA,4.47922125,NA,R1111
8/16/2025 0:00,NA,4.853865407,NA,R1111
8/16/2025 0:30,NA,4.943913958,NA,R1111
8/16/2025 1:00,NA,4.88221638,NA,R1111
8/16/2025 1:30,NA,4.852334912,NA,R1111
8/16/2025 2:00,NA,5.069916883,NA,R1111
8/16/2025 2:30,NA,4.831953947,NA,R1111
8/16/2025 3:00,NA,4.988005794,NA,R1111
8/16/2025 3:30,NA,4.202289677,NA,R1111
8/16/2025 4:00,NA,4.897675351,NA,R1111
8/16/2025 4:30,NA,5.090175467,NA,R1111
8/16/2025 5:00,NA,4.852876301,NA,R1111
8/16/2025 5:30,NA,4.767598431,NA,R1111
8/16/2025 6:00,NA,4.777451864,NA,R1111
8/16/2025 6:30,NA,5.278814482,NA,R1111
8/16/2025 7:00,NA,5.95590904,NA,R1111
8/16/2025 7:30,NA,7.536112506,NA,R1111
8/16/2025 8:00,NA,8.77397991,NA,R1111
8/16/2025 8:30,NA,9.771735362,NA,R1111
8/16/2025 9:00,NA,11.05106129,NA,R1111
8/16/2025 9:30,NA,12.37199929,NA,R1111
8/16/2025 10:00,NA,14.13713625,NA,R1111
8/16/2025 10:30,NA,16.71273386,NA,R1111
8/16/2025 11:00,NA,17.73617934,NA,R1111
8/16/2025 11:30,NA,17.92390401,NA,R1111
8/16/2025 12:00,NA,16.4378862,NA,R1111
8/16/2025 12:30,NA,18.041974,NA,R1111
8/16/2025 13:00,NA,14.96997683,NA,R1111
8/16/2025 13:30,NA,19.37155174,NA,R1111
8/16/2025 14:00,NA,19.33284372,NA,R1111
8/16/2025 14:30,NA,16.82535662,NA,R1111
8/16/2025 15:00,NA,16.48366996,NA,R1111
8/16/2025 15:30,NA,13.72341076,NA,R1111
8/16/2025 16:00,NA,11.99439441,NA,R1111
8/16/2025 16:30,NA,10.71694512,NA,R1111
8/16/2025 17:00,NA,8.556629181,NA,R1111
8/16/2025 17:30,NA,7.554591469,NA,R1111
8/16/2025 18:00,NA,6.338511348,NA,R1111
8/16/2025 18:30,NA,5.790945437,NA,R1111
8/16/2025 19:00,NA,5.202215792,NA,R1111
8/16/2025 19:30,NA,5.112342905,NA,R1111
8/16/2025 20:00,NA,4.887403492,NA,R1111
8/16/2025 20:30,NA,4.738982746,NA,R1111
8/16/2025 21:00,NA,4.627224131,NA,R1111
8/16/2025 21:30,NA,4.86868891,NA,R1111
8/16/2025 22:00,NA,5.09893376,NA,R1111
8/16/2025 22:30,NA,5.299654762,NA,R1111
8/16/2025 23:00,NA,5.338325702,NA,R1111
8/16/2025 23:30,NA,5.085422967,NA,R1111
8/17/2025 0:00,NA,4.849437067,NA,R1111
8/17/2025 0:30,NA,4.193132393,NA,R1111
8/17/2025 1:00,NA,3.964374943,NA,R1111
8/17/2025 1:30,NA,3.881681026,NA,R1111
8/17/2025 2:00,NA,3.313996933,NA,R1111
8/17/2025 2:30,NA,3.73438492,NA,R1111
8/17/2025 3:00,NA,3.156999502,NA,R1111
8/17/2025 3:30,NA,2.999031856,NA,R1111
8/17/2025 4:00,NA,3.446239803,NA,R1111
8/17/2025 4:30,NA,3.771687366,NA,R1111
8/17/2025 5:00,NA,3.014730349,NA,R1111
8/17/2025 5:30,NA,4.179722706,NA,R1111
8/17/2025 6:00,NA,4.211479923,NA,R1111
8/17/2025 6:30,NA,4.011140241,NA,R1111
8/17/2025 7:00,NA,5.091744098,NA,R1111
8/17/2025 7:30,NA,5.868284675,NA,R1111
8/17/2025 8:00,NA,6.548264339,NA,R1111
8/17/2025 8:30,NA,7.677250545,NA,R1111
8/17/2025 9:00,NA,8.646509597,NA,R1111
8/17/2025 9:30,NA,10.08336501,NA,R1111
8/17/2025 10:00,NA,12.10019553,NA,R1111
8/17/2025 10:30,NA,13.80526735,NA,R1111
8/17/2025 11:00,NA,14.0824243,NA,R1111
8/17/2025 11:30,NA,16.51215202,NA,R1111
8/17/2025 12:00,NA,15.45227751,NA,R1111
8/17/2025 12:30,NA,15.58406796,NA,R1111
8/17/2025 13:00,NA,16.85966003,NA,R1111
8/17/2025 13:30,NA,19.12438159,NA,R1111
8/17/2025 14:00,NA,18.60931152,NA,R1111
8/17/2025 14:30,NA,16.15954443,NA,R1111
8/17/2025 15:00,NA,14.92060552,NA,R1111
8/17/2025 15:30,NA,13.42972288,NA,R1111
8/17/2025 16:00,NA,12.53176561,NA,R1111
8/17/2025 16:30,NA,10.60035581,NA,R1111
8/17/2025 17:00,NA,9.138557319,NA,R1111
8/17/2025 17:30,NA,8.378996802,NA,R1111
8/17/2025 18:00,NA,6.597745798,NA,R1111
8/17/2025 18:30,NA,5.250087836,NA,R1111
8/17/2025 19:00,NA,4.362759915,NA,R1111
8/17/2025 19:30,NA,4.414169263,NA,R1111
8/17/2025 20:00,NA,4.00842469,NA,R1111
8/17/2025 20:30,NA,4.3384479,NA,R1111
8/17/2025 21:00,NA,4.244418156,NA,R1111
8/17/2025 21:30,NA,3.73927199,NA,R1111
8/17/2025 22:00,NA,4.229812535,NA,R1111
8/17/2025 22:30,NA,4.135124393,NA,R1111
8/17/2025 23:00,NA,3.355651986,NA,R1111
8/17/2025 23:30,NA,4.265945191,NA,R1111
8/18/2025 0:00,NA,4.140199165,NA,R1111
8/18/2025 0:30,NA,4.087089962,NA,R1111
8/18/2025 1:00,NA,4.036051509,NA,R1111
8/18/2025 1:30,NA,3.485339,NA,R1111
8/18/2025 2:00,NA,4.716983221,NA,R1111
8/18/2025 2:30,NA,5.176166958,NA,R1111
8/18/2025 3:00,NA,5.434366106,NA,R1111
8/18/2025 3:30,NA,4.381917227,NA,R1111
8/18/2025 4:00,NA,5.190292055,NA,R1111
8/18/2025 4:30,NA,5.406543601,NA,R1111
8/18/2025 5:00,NA,5.208713041,NA,R1111
8/18/2025 5:30,NA,5.095019127,NA,R1111
8/18/2025 6:00,NA,5.647871253,NA,R1111
8/18/2025 6:30,NA,6.343375808,NA,R1111
8/18/2025 7:00,NA,6.501720145,NA,R1111
8/18/2025 7:30,NA,7.129287133,NA,R1111
8/18/2025 8:00,NA,9.537130762,NA,R1111
8/18/2025 8:30,NA,11.16835793,NA,R1111
8/18/2025 9:00,NA,11.64669288,NA,R1111
8/18/2025 9:30,NA,13.92800223,NA,R1111
8/18/2025 10:00,NA,14.75343619,NA,R1111
8/18/2025 10:30,NA,16.48746321,NA,R1111
8/18/2025 11:00,NA,17.4744716,NA,R1111
8/18/2025 11:30,NA,17.40064021,NA,R1111
8/18/2025 12:00,NA,16.4916373,NA,R1111
8/18/2025 12:30,NA,17.85423189,NA,R1111
8/18/2025 13:00,NA,18.1484927,NA,R1111
8/18/2025 13:30,NA,18.21013709,NA,R1111
8/18/2025 14:00,NA,18.43369646,NA,R1111
8/18/2025 14:30,NA,16.79967635,NA,R1111
8/18/2025 15:00,NA,15.41118287,NA,R1111
8/18/2025 15:30,NA,14.17043625,NA,R1111
8/18/2025 16:00,NA,12.98863965,NA,R1111
8/18/2025 16:30,NA,12.11579675,NA,R1111
8/18/2025 17:00,NA,10.43854192,NA,R1111
8/18/2025 17:30,NA,8.288077809,NA,R1111
8/18/2025 18:00,NA,6.368566557,NA,R1111
8/18/2025 18:30,NA,5.281453363,NA,R1111
8/18/2025 19:00,NA,4.510415253,NA,R1111
8/18/2025 19:30,NA,4.235496175,NA,R1111
8/18/2025 20:00,NA,4.167359618,NA,R1111
8/18/2025 20:30,NA,4.127539886,NA,R1111
8/18/2025 21:00,NA,4.309992901,NA,R1111
8/18/2025 21:30,NA,4.084457304,NA,R1111
8/18/2025 22:00,NA,4.075941228,NA,R1111
8/18/2025 22:30,NA,3.911687883,NA,R1111
8/18/2025 23:00,NA,3.897049999,NA,R1111
8/18/2025 23:30,NA,3.878304935,NA,R1111
8/19/2025 0:00,NA,4.07848118,NA,R1111
8/19/2025 0:30,NA,2.931926554,NA,R1111
8/19/2025 1:00,NA,2.532083287,NA,R1111
8/19/2025 1:30,NA,2.335451644,NA,R1111
8/19/2025 2:00,NA,2.213951219,NA,R1111
8/19/2025 2:30,NA,2.31383963,NA,R1111
8/19/2025 3:00,NA,2.306681164,NA,R1111
8/19/2025 3:30,NA,2.42762806,NA,R1111
8/19/2025 4:00,NA,2.373432377,NA,R1111
8/19/2025 4:30,NA,2.716544576,NA,R1111
8/19/2025 5:00,NA,2.449237924,NA,R1111
8/19/2025 5:30,NA,2.478107756,NA,R1111
8/19/2025 6:00,NA,2.629931737,NA,R1111
8/19/2025 6:30,NA,2.769106319,NA,R1111
8/19/2025 7:00,NA,3.149899367,NA,R1111
8/19/2025 7:30,NA,3.85176439,NA,R1111
8/19/2025 8:00,NA,4.862939893,NA,R1111
8/19/2025 8:30,NA,6.806480185,NA,R1111
8/19/2025 9:00,NA,8.760355768,NA,R1111
8/19/2025 9:30,NA,10.74972941,NA,R1111
8/19/2025 10:00,NA,12.96703367,NA,R1111
8/19/2025 10:30,NA,15.14265438,NA,R1111
8/19/2025 11:00,NA,14.83400798,NA,R1111
8/19/2025 11:30,NA,14.8777509,NA,R1111
8/19/2025 12:00,NA,15.67277638,NA,R1111
8/19/2025 12:30,NA,13.94057418,NA,R1111
8/19/2025 13:00,NA,13.81337695,NA,R1111
8/19/2025 13:30,NA,15.91638783,NA,R1111
8/19/2025 14:00,NA,17.44025368,NA,R1111
8/19/2025 14:30,NA,14.83314019,NA,R1111
8/19/2025 15:00,NA,10.10278049,NA,R1111
8/19/2025 15:30,NA,11.56697,NA,R1111
8/19/2025 16:00,NA,11.80421826,NA,R1111
8/19/2025 16:30,NA,10.74420095,NA,R1111
8/19/2025 17:00,NA,8.634155637,NA,R1111
8/19/2025 17:30,NA,7.218228803,NA,R1111
8/19/2025 18:00,NA,6.112541553,NA,R1111
8/19/2025 18:30,NA,5.291578365,NA,R1111
8/19/2025 19:00,NA,4.620008621,NA,R1111
8/19/2025 19:30,NA,4.59214497,NA,R1111
8/19/2025 20:00,NA,4.451080121,NA,R1111
8/19/2025 20:30,NA,4.706671583,NA,R1111
8/19/2025 21:00,NA,4.600592582,NA,R1111
8/19/2025 21:30,NA,4.776984311,NA,R1111
8/19/2025 22:00,NA,4.634068738,NA,R1111
8/19/2025 22:30,NA,4.669540115,NA,R1111
8/19/2025 23:00,NA,4.471615424,NA,R1111
8/19/2025 23:30,NA,4.743197414,NA,R1111
8/20/2025 0:00,NA,4.842184589,NA,R1111
8/20/2025 0:30,NA,4.651971397,NA,R1111
8/20/2025 1:00,NA,4.799227807,NA,R1111
8/20/2025 1:30,NA,4.858783917,NA,R1111
8/20/2025 2:00,NA,4.95296683,NA,R1111
8/20/2025 2:30,NA,4.990135449,NA,R1111
8/20/2025 3:00,NA,5.108398623,NA,R1111
8/20/2025 3:30,NA,5.013281776,NA,R1111
8/20/2025 4:00,NA,4.875028877,NA,R1111
8/20/2025 4:30,NA,4.957168184,NA,R1111
8/20/2025 5:00,NA,4.964579711,NA,R1111
8/20/2025 5:30,NA,4.983404612,NA,R1111
8/20/2025 6:00,NA,4.793638281,NA,R1111
8/20/2025 6:30,NA,5.29218248,NA,R1111
8/20/2025 7:00,NA,6.6772378,NA,R1111
8/20/2025 7:30,NA,8.232547019,NA,R1111
8/20/2025 8:00,NA,8.028997242,NA,R1111
8/20/2025 8:30,NA,9.551081061,NA,R1111
8/20/2025 9:00,NA,11.92438414,NA,R1111
8/20/2025 9:30,NA,13.45071259,NA,R1111
8/20/2025 10:00,NA,15.87950404,NA,R1111
8/20/2025 10:30,NA,16.59374803,NA,R1111
8/20/2025 11:00,NA,17.03356755,NA,R1111
8/20/2025 11:30,NA,20.71719777,NA,R1111
8/20/2025 12:00,NA,14.22230914,NA,R1111
8/20/2025 12:30,NA,15.43135094,NA,R1111
8/20/2025 13:00,NA,16.92233169,NA,R1111
8/20/2025 13:30,NA,15.60025501,NA,R1111
8/20/2025 14:00,NA,12.99624594,NA,R1111
8/20/2025 14:30,NA,12.34577873,NA,R1111
8/20/2025 15:00,NA,11.30495205,NA,R1111
8/20/2025 15:30,NA,11.60610571,NA,R1111
8/20/2025 16:00,NA,11.89753573,NA,R1111
8/20/2025 16:30,NA,10.00154624,NA,R1111
8/20/2025 17:00,NA,8.04887519,NA,R1111
8/20/2025 17:30,NA,6.565891883,NA,R1111
8/20/2025 18:00,NA,6.169730066,NA,R1111
8/20/2025 18:30,NA,5.560906583,NA,R1111
8/20/2025 19:00,NA,5.208696527,NA,R1111
8/21/2025 10:00,NA,15.1769837,NA,R1111
8/21/2025 10:30,NA,24.18065919,NA,R1111
8/21/2025 11:00,NA,14.90636486,NA,R1111
8/21/2025 11:30,NA,12.86502081,NA,R1111
8/21/2025 12:00,NA,13.62073137,NA,R1111
8/21/2025 12:30,NA,12.20824668,NA,R1111
8/21/2025 13:00,NA,14.12264621,NA,R1111
8/21/2025 13:30,NA,13.67885136,NA,R1111
8/21/2025 14:00,NA,13.02723343,NA,R1111
8/21/2025 14:30,NA,12.67447887,NA,R1111
8/21/2025 15:00,NA,13.54732535,NA,R1111
8/21/2025 15:30,NA,10.81108713,NA,R1111
8/21/2025 16:00,NA,9.734645649,NA,R1111
8/21/2025 16:30,NA,9.908470475,NA,R1111
8/21/2025 17:00,NA,8.591077592,NA,R1111
8/21/2025 17:30,NA,6.999586767,NA,R1111
8/21/2025 18:00,NA,5.744579006,NA,R1111
8/21/2025 18:30,NA,4.885836072,NA,R1111
8/21/2025 19:00,NA,4.611981939,NA,R1111
8/21/2025 19:30,NA,4.658989047,NA,R1111
8/21/2025 20:00,NA,4.619175579,NA,R1111
8/21/2025 20:30,NA,4.664726444,NA,R1111
8/21/2025 21:00,NA,4.452396941,NA,R1111
8/21/2025 21:30,NA,4.439646909,NA,R1111
8/21/2025 22:00,NA,4.429244287,NA,R1111
8/21/2025 22:30,NA,4.240263529,NA,R1111
8/21/2025 23:00,NA,4.133042089,NA,R1111
8/21/2025 23:30,NA,3.928428979,NA,R1111
8/22/2025 0:00,NA,4.178334365,NA,R1111
8/22/2025 0:30,NA,4.008763189,NA,R1111
8/22/2025 1:00,NA,4.09359125,NA,R1111
8/22/2025 1:30,NA,4.072977019,NA,R1111
8/22/2025 2:00,NA,4.003905079,NA,R1111
8/22/2025 2:30,NA,3.905893853,NA,R1111
8/22/2025 3:00,NA,3.997701319,NA,R1111
8/22/2025 3:30,NA,4.229539284,NA,R1111
8/22/2025 4:00,NA,4.192097066,NA,R1111
8/22/2025 4:30,NA,4.223861468,NA,R1111
8/22/2025 5:00,NA,4.570644563,NA,R1111
8/22/2025 5:30,NA,4.490994009,NA,R1111
8/22/2025 6:00,NA,5.825372745,NA,R1111
8/22/2025 6:30,NA,6.21039695,NA,R1111
8/22/2025 7:00,NA,7.01048874,NA,R1111
8/22/2025 7:30,NA,8.552989656,NA,R1111
8/22/2025 8:00,NA,11.77307714,NA,R1111
8/22/2025 8:30,NA,9.439231147,NA,R1111
8/22/2025 9:00,NA,10.66792391,NA,R1111
8/22/2025 9:30,NA,11.98902976,NA,R1111
8/22/2025 10:00,NA,14.01263067,NA,R1111
8/22/2025 10:30,NA,15.78191977,NA,R1111
8/22/2025 11:00,NA,16.49256996,NA,R1111
8/22/2025 11:30,NA,16.67151186,NA,R1111
8/22/2025 12:00,NA,15.77896147,NA,R1111
8/22/2025 12:30,NA,17.12031909,NA,R1111
8/22/2025 13:00,NA,18.08895816,NA,R1111
8/22/2025 13:30,NA,18.25362461,NA,R1111
8/22/2025 14:00,NA,17.12921115,NA,R1111
8/22/2025 14:30,NA,20.07181486,NA,R1111
8/22/2025 15:00,NA,15.12985446,NA,R1111
8/22/2025 15:30,NA,13.99163731,NA,R1111
8/22/2025 16:00,NA,12.73070931,NA,R1111
8/22/2025 16:30,NA,11.28064568,NA,R1111
8/22/2025 17:00,NA,10.02265257,NA,R1111
8/22/2025 17:30,NA,8.374941239,NA,R1111
8/22/2025 18:00,NA,6.293375234,NA,R1111
8/22/2025 18:30,NA,5.393582713,NA,R1111
8/22/2025 19:00,NA,4.469501245,NA,R1111
8/22/2025 19:30,NA,3.951001449,NA,R1111
8/22/2025 20:00,NA,3.777028305,NA,R1111
8/22/2025 20:30,NA,3.806448934,NA,R1111
8/22/2025 21:00,NA,3.879608537,NA,R1111
8/22/2025 21:30,NA,4.012260764,NA,R1111
8/22/2025 22:00,NA,3.78785917,NA,R1111
8/22/2025 22:30,NA,3.843448754,NA,R1111
8/22/2025 23:00,NA,3.803505983,NA,R1111
8/22/2025 23:30,NA,3.72816644,NA,R1111
8/23/2025 0:00,NA,3.730458197,NA,R1111
8/23/2025 0:30,NA,3.850299763,NA,R1111
8/23/2025 1:00,NA,3.948734497,NA,R1111
8/23/2025 1:30,NA,3.709935285,NA,R1111
8/23/2025 2:00,NA,3.519598078,NA,R1111
8/23/2025 2:30,NA,3.311845488,NA,R1111
8/23/2025 3:00,NA,3.416610931,NA,R1111
8/23/2025 3:30,NA,3.484308963,NA,R1111
8/23/2025 4:00,NA,3.269622754,NA,R1111
8/23/2025 4:30,NA,3.303015119,NA,R1111
8/23/2025 5:00,NA,3.275808413,NA,R1111
8/23/2025 5:30,NA,3.302893014,NA,R1111
8/23/2025 6:00,NA,3.370064923,NA,R1111
8/23/2025 6:30,NA,3.69698291,NA,R1111
8/23/2025 7:00,NA,4.594953292,NA,R1111
8/23/2025 7:30,NA,5.794205546,NA,R1111
8/23/2025 8:00,NA,6.987830275,NA,R1111
8/23/2025 8:30,NA,7.817817913,NA,R1111
8/23/2025 9:00,NA,9.089758585,NA,R1111
8/23/2025 9:30,NA,10.65049651,NA,R1111
8/23/2025 10:00,NA,12.65482067,NA,R1111
8/23/2025 10:30,NA,13.20626507,NA,R1111
8/23/2025 11:00,NA,14.79262582,NA,R1111
8/23/2025 11:30,NA,17.6678881,NA,R1111
8/23/2025 12:00,NA,12.81423946,NA,R1111
8/23/2025 12:30,NA,12.31135292,NA,R1111
8/23/2025 13:00,NA,15.13733516,NA,R1111
8/23/2025 13:30,NA,16.64054047,NA,R1111
8/23/2025 14:00,NA,15.93226827,NA,R1111
8/23/2025 14:30,NA,15.39475521,NA,R1111
8/23/2025 15:00,NA,13.92420508,NA,R1111
8/23/2025 15:30,NA,11.10339524,NA,R1111
8/23/2025 16:00,NA,10.52415981,NA,R1111
8/23/2025 16:30,NA,9.174831376,NA,R1111
8/23/2025 17:00,NA,7.096418518,NA,R1111
8/23/2025 17:30,NA,6.452607877,NA,R1111
8/23/2025 18:00,NA,4.703084876,NA,R1111
8/23/2025 18:30,NA,3.869724788,NA,R1111
8/23/2025 19:00,NA,3.253449802,NA,R1111
8/23/2025 19:30,NA,3.077852722,NA,R1111
8/23/2025 20:00,NA,2.965008979,NA,R1111
8/23/2025 20:30,NA,3.193753673,NA,R1111
8/23/2025 21:00,NA,3.12276783,NA,R1111
8/23/2025 21:30,NA,3.189244436,NA,R1111
8/23/2025 22:00,NA,2.881509224,NA,R1111
8/23/2025 22:30,NA,3.022677418,NA,R1111
8/23/2025 23:00,NA,2.866926416,NA,R1111
8/23/2025 23:30,NA,2.846402378,NA,R1111
8/24/2025 0:00,NA,3.05532821,NA,R1111
8/24/2025 0:30,NA,2.227776058,NA,R1111
8/24/2025 1:00,NA,2.033863455,NA,R1111
8/24/2025 1:30,NA,1.847169416,NA,R1111
8/24/2025 2:00,NA,1.770754063,NA,R1111
8/24/2025 2:30,NA,1.618824738,NA,R1111
8/24/2025 3:00,NA,1.492681548,NA,R1111
8/24/2025 3:30,NA,1.423167043,NA,R1111
8/24/2025 4:00,NA,1.536811051,NA,R1111
8/24/2025 4:30,NA,1.573642022,NA,R1111
8/24/2025 5:00,NA,1.540281206,NA,R1111
8/24/2025 5:30,NA,1.695588071,NA,R1111
8/24/2025 6:00,NA,1.724356686,NA,R1111
8/24/2025 6:30,NA,1.815799798,NA,R1111
8/24/2025 7:00,NA,2.198177899,NA,R1111
8/24/2025 7:30,NA,2.921479579,NA,R1111
8/24/2025 8:00,NA,3.317888493,NA,R1111
8/24/2025 8:30,NA,4.031584487,NA,R1111
8/24/2025 9:00,NA,5.207820075,NA,R1111
8/24/2025 9:30,NA,7.401060182,NA,R1111
8/24/2025 10:00,NA,9.827997962,NA,R1111
8/24/2025 10:30,NA,11.72333982,NA,R1111
8/24/2025 11:00,NA,12.35434753,NA,R1111
8/24/2025 11:30,NA,11.22933783,NA,R1111
8/24/2025 12:00,NA,10.69399094,NA,R1111
8/24/2025 12:30,NA,10.84402137,NA,R1111
8/24/2025 13:00,NA,9.891505608,NA,R1111
8/24/2025 13:30,NA,10.83634526,NA,R1111
8/24/2025 14:00,NA,12.7824603,NA,R1111
8/24/2025 14:30,NA,9.755587943,NA,R1111
8/24/2025 15:00,NA,11.10887482,NA,R1111
8/24/2025 15:30,NA,9.630514197,NA,R1111
8/24/2025 16:00,NA,10.15422357,NA,R1111
8/24/2025 16:30,NA,10.63339289,NA,R1111
8/24/2025 17:00,NA,8.107519988,NA,R1111
8/24/2025 17:30,NA,6.582718958,NA,R1111
8/24/2025 18:00,NA,5.375593275,NA,R1111
8/24/2025 18:30,NA,4.255533935,NA,R1111
8/24/2025 19:00,NA,3.79693053,NA,R1111
8/24/2025 19:30,NA,3.401631704,NA,R1111
8/24/2025 20:00,NA,2.943133114,NA,R1111
8/24/2025 20:30,NA,2.124168398,NA,R1111
8/24/2025 21:00,NA,3.71544881,NA,R1111
8/24/2025 21:30,NA,4.004335188,NA,R1111
8/24/2025 22:00,NA,3.314852401,NA,R1111
8/24/2025 22:30,NA,3.760762233,NA,R1111
8/24/2025 23:00,NA,3.161516797,NA,R1111
8/24/2025 23:30,NA,3.247126168,NA,R1111
8/25/2025 0:00,NA,3.698777029,NA,R1111
8/25/2025 0:30,NA,4.247969481,NA,R1111
8/25/2025 1:00,NA,3.985773789,NA,R1111
8/25/2025 1:30,NA,3.893976814,NA,R1111
8/25/2025 2:00,NA,3.356084395,NA,R1111
8/25/2025 2:30,NA,4.331003323,NA,R1111
8/25/2025 3:00,NA,4.168427336,NA,R1111
8/25/2025 3:30,NA,3.88438126,NA,R1111
8/25/2025 4:00,NA,3.736554584,NA,R1111
8/25/2025 4:30,NA,3.981407032,NA,R1111
8/25/2025 5:00,NA,3.501851804,NA,R1111
8/25/2025 5:30,NA,3.991506802,NA,R1111
8/25/2025 6:00,NA,3.889386221,NA,R1111
8/25/2025 6:30,NA,3.636793479,NA,R1111
8/25/2025 7:00,NA,4.252654477,NA,R1111
8/25/2025 7:30,NA,6.383370919,NA,R1111
8/25/2025 8:00,NA,7.856699448,NA,R1111
8/25/2025 8:30,NA,8.932349602,NA,R1111
8/25/2025 9:00,NA,10.24491915,NA,R1111
8/25/2025 9:30,NA,11.28337884,NA,R1111
8/25/2025 10:00,NA,10.62974643,NA,R1111
8/25/2025 10:30,NA,14.52103605,NA,R1111
8/25/2025 11:00,NA,14.09061228,NA,R1111
8/25/2025 11:30,NA,15.12688274,NA,R1111
8/25/2025 12:00,NA,12.70556955,NA,R1111
8/25/2025 12:30,NA,14.31568682,NA,R1111
8/25/2025 13:00,NA,9.554859138,NA,R1111
8/25/2025 13:30,NA,8.433335933,NA,R1111
8/25/2025 14:00,NA,7.248636309,NA,R1111
8/25/2025 14:30,NA,8.780403379,NA,R1111
8/25/2025 15:00,NA,6.358711042,NA,R1111
8/25/2025 15:30,NA,4.337175253,NA,R1111
8/25/2025 16:00,NA,4.602960242,NA,R1111
8/25/2025 16:30,NA,4.035696161,NA,R1111
8/25/2025 17:00,NA,3.206151088,NA,R1111
8/25/2025 17:30,NA,2.890532272,NA,R1111
8/25/2025 18:00,NA,2.733090738,NA,R1111
8/25/2025 18:30,NA,2.191023834,NA,R1111
8/25/2025 19:00,NA,1.682359845,NA,R1111
8/25/2025 19:30,NA,2.140874669,NA,R1111
8/25/2025 20:00,NA,1.937881998,NA,R1111
8/25/2025 20:30,NA,1.982716221,NA,R1111
8/25/2025 21:00,NA,1.320636621,NA,R1111
8/25/2025 21:30,NA,0.347204459,NA,R1111
8/25/2025 22:00,NA,0.683285348,NA,R1111
8/25/2025 22:30,NA,0.324546966,NA,R1111
8/25/2025 23:00,NA,0.645402063,NA,R1111
8/25/2025 23:30,NA,1.483513146,NA,R1111
8/26/2025 0:00,NA,1.393857163,NA,R1111
8/26/2025 0:30,NA,2.020303161,NA,R1111
8/26/2025 1:00,NA,1.812520552,NA,R1111
8/26/2025 1:30,NA,1.691956156,NA,R1111
8/26/2025 2:00,NA,1.58887383,NA,R1111
8/26/2025 2:30,NA,0.978261082,NA,R1111
8/26/2025 3:00,NA,0.848552857,NA,R1111
8/26/2025 3:30,NA,0.718926236,NA,R1111
8/26/2025 4:00,NA,0.762695222,NA,R1111
8/26/2025 4:30,NA,0.870676311,NA,R1111
8/26/2025 5:00,NA,0.850096335,NA,R1111
8/26/2025 5:30,NA,0.834241222,NA,R1111
8/26/2025 6:00,NA,0.943692252,NA,R1111
8/26/2025 6:30,NA,1.074147427,NA,R1111
8/26/2025 7:00,NA,1.223157435,NA,R1111
8/26/2025 7:30,NA,1.411781316,NA,R1111
8/26/2025 8:00,NA,1.407280627,NA,R1111
8/26/2025 8:30,NA,1.646189249,NA,R1111
8/26/2025 9:00,NA,2.090847594,NA,R1111
8/26/2025 9:30,NA,2.844375799,NA,R1111
8/26/2025 10:00,NA,4.18358725,NA,R1111
8/26/2025 10:30,NA,5.144541929,NA,R1111
8/26/2025 11:00,NA,7.57613173,NA,R1111
8/26/2025 11:30,NA,8.804858301,NA,R1111
8/26/2025 12:00,NA,9.846177517,NA,R1111
8/26/2025 12:30,NA,10.23209115,NA,R1111
8/26/2025 13:00,NA,10.7257767,NA,R1111
8/26/2025 13:30,NA,12.89242089,NA,R1111
8/26/2025 14:00,NA,11.42766126,NA,R1111
8/26/2025 14:30,NA,10.05552745,NA,R1111
8/26/2025 15:00,NA,7.991292017,NA,R1111
8/26/2025 15:30,NA,12.31359819,NA,R1111
8/26/2025 16:00,NA,8.002065424,NA,R1111
8/26/2025 16:30,NA,7.060058806,NA,R1111
8/26/2025 17:00,NA,6.491651919,NA,R1111
8/26/2025 17:30,NA,4.62784618,NA,R1111
8/26/2025 18:00,NA,2.980315851,NA,R1111
8/26/2025 18:30,NA,1.782135018,NA,R1111
8/26/2025 19:00,NA,0.397320446,NA,R1111
8/26/2025 19:30,NA,0.192647461,NA,R1111
8/26/2025 20:00,NA,-0.695759522,NA,R1111
8/26/2025 20:30,NA,-0.380553666,NA,R1111
8/26/2025 21:00,NA,-0.37321734,NA,R1111
8/26/2025 21:30,NA,0.087695021,NA,R1111
8/26/2025 22:00,NA,0.023916156,NA,R1111
8/26/2025 22:30,NA,-0.310035922,NA,R1111
8/26/2025 23:00,NA,0.262355259,NA,R1111
8/26/2025 23:30,NA,-0.54302431,NA,R1111
8/27/2025 0:00,NA,0.163592519,NA,R1111
8/27/2025 0:30,NA,-0.235518602,NA,R1111
8/27/2025 1:00,NA,0.524847612,NA,R1111
8/27/2025 1:30,NA,0.739179484,NA,R1111
8/27/2025 2:00,NA,1.339757749,NA,R1111
8/27/2025 2:30,NA,0.840408745,NA,R1111
8/27/2025 3:00,NA,1.319126994,NA,R1111
8/27/2025 3:30,NA,0.947865118,NA,R1111
8/27/2025 4:00,NA,-0.107202998,NA,R1111
8/27/2025 4:30,NA,1.280516901,NA,R1111
8/27/2025 5:00,NA,1.39420253,NA,R1111
8/27/2025 5:30,NA,1.29618997,NA,R1111
8/27/2025 6:00,NA,1.292769283,NA,R1111
8/27/2025 6:30,NA,1.165052865,NA,R1111
8/27/2025 7:00,NA,1.38966176,NA,R1111
8/27/2025 7:30,NA,2.16440354,NA,R1111
8/27/2025 8:00,NA,2.427003642,NA,R1111
8/27/2025 8:30,NA,3.673152855,NA,R1111
8/27/2025 9:00,NA,5.116171432,NA,R1111
8/27/2025 9:30,NA,5.800108615,NA,R1111
8/27/2025 10:00,NA,7.165802308,NA,R1111
8/27/2025 10:30,NA,7.676869813,NA,R1111
8/27/2025 11:00,NA,9.090032663,NA,R1111
8/27/2025 11:30,NA,7.998884488,NA,R1111
8/27/2025 12:00,NA,8.348169539,NA,R1111
8/27/2025 12:30,NA,12.11027653,NA,R1111
8/27/2025 13:00,NA,9.748197701,NA,R1111
8/27/2025 13:30,NA,9.919516795,NA,R1111
8/27/2025 14:00,NA,8.934107481,NA,R1111
8/27/2025 14:30,NA,7.800822096,NA,R1111
8/27/2025 15:00,NA,7.138325848,NA,R1111
8/27/2025 15:30,NA,6.380804462,NA,R1111
8/27/2025 16:00,NA,6.071243846,NA,R1111
8/27/2025 16:30,NA,6.683983544,NA,R1111
8/27/2025 17:00,NA,4.092761059,NA,R1111
8/27/2025 17:30,NA,3.718383672,NA,R1111
8/27/2025 18:00,NA,2.809193796,NA,R1111
8/27/2025 18:30,NA,2.454397006,NA,R1111
8/27/2025 19:00,NA,2.054047013,NA,R1111
8/27/2025 19:30,NA,1.982388995,NA,R1111
8/27/2025 20:00,NA,2.676835719,NA,R1111
8/27/2025 20:30,NA,3.188170483,NA,R1111
8/27/2025 21:00,NA,2.701257897,NA,R1111
8/27/2025 21:30,NA,2.944277069,NA,R1111
8/27/2025 22:00,NA,2.236126929,NA,R1111
8/27/2025 22:30,NA,2.693229396,NA,R1111
8/27/2025 23:00,NA,2.382981789,NA,R1111
8/27/2025 23:30,NA,2.561356971,NA,R1111
8/28/2025 0:00,NA,2.578324641,NA,R1111
8/28/2025 0:30,NA,1.669748636,NA,R1111
8/28/2025 1:00,NA,1.785669472,NA,R1111
8/28/2025 1:30,NA,1.792037529,NA,R1111
8/28/2025 2:00,NA,1.329539384,NA,R1111
8/28/2025 2:30,NA,1.539999857,NA,R1111
8/28/2025 3:00,NA,1.508157645,NA,R1111
8/28/2025 3:30,NA,1.60267825,NA,R1111
8/28/2025 4:00,NA,2.231202297,NA,R1111
8/28/2025 4:30,NA,2.02906866,NA,R1111
8/28/2025 5:00,NA,2.068086167,NA,R1111
8/28/2025 5:30,NA,2.330465614,NA,R1111
8/28/2025 6:00,NA,2.604126014,NA,R1111
8/28/2025 6:30,NA,2.470513707,NA,R1111
8/28/2025 7:00,NA,3.244556849,NA,R1111
8/28/2025 7:30,NA,4.137432796,NA,R1111
8/28/2025 8:00,NA,5.082620582,NA,R1111
8/28/2025 8:30,NA,5.784532346,NA,R1111
8/28/2025 9:00,NA,7.258305721,NA,R1111
8/28/2025 9:30,NA,9.449028088,NA,R1111
8/28/2025 10:00,NA,11.69736917,NA,R1111
8/28/2025 10:30,NA,11.57265046,NA,R1111
8/28/2025 11:00,NA,13.12065678,NA,R1111
8/28/2025 11:30,NA,12.26817862,NA,R1111
